time_s,x_m,altitude_m,vx_m_s,vz_m_s,speed_m_s,velocity_m_s,wind_x_m_s,wind_z_m_s,airspeed_m_s,acceleration_m_s2,flight_path_angle_deg,air_flight_path_angle_deg,pitch_angle_deg,angle_of_attack_deg,pitch_rate_rad_s,angular_rate_rad_s,mass_kg,cg_m,Iyy_kg_m2,ambient_pressure_Pa,mach,dynamic_pressure_Pa,Cd,drag_N,Ca,axial_aero_force_N,Cn,normal_force_N,cp_m,static_stability_margin_calibers,thrust_N,chamber_pressure_Pa,mixture_ratio,oxidizer_mdot_kg_s,fuel_mdot_kg_s,nozzle_mdot_kg_s,engine_mode,engine_on,on_rail,thrust_chamber_pressure_Pa,press_tank_pressure_Pa,ox_inj_in_pressure_Pa,ox_ullage_pressure_Pa,fuel_inj_in_pressure_Pa,fuel_ullage_pressure_Pa,FUEL_RELIEF_open,OX_RELIEF_open,FUEL_RELIEF_switch_count,FUEL_RELIEF_switches,FUEL_SWITCH_is_switched,FUEL_SWITCH_effective_CdA,FUEL_SWITCH_switch_count,FUEL_SWITCH_switches,OX_RELIEF_switch_count,OX_RELIEF_switches,OX_SWITCH_is_switched,OX_SWITCH_effective_CdA,OX_SWITCH_switch_count,OX_SWITCH_switches
0.1,0.0,630.1192133122414,0.0,2.3842662448285235,2.3842662448285235,2.3842662448285235,4.16026,0.0,4.795048361990597,25.349789605767594,90.0,150.18275781486648,90.0,0.0,0.0,0.0,294.4043665414831,4.42889746862093,2609.8724471996966,93981.2615184979,0.0141921139170791,13.250534777917052,nan,0.0,nan,0.0,nan,0.0,nan,nan,10349.638958354997,2130040.8557456597,2.4328895871143863,3.6715679399325394,1.5091387457033472,5.180706685635887,combusting,True,True,2130040.8557456597,28751285.561552245,2523412.480954285,2727060.4001379213,2624643.564062478,2976225.720187825,False,False,0,0,False,1.61776257092e-06,0,0,0,0,False,3.52280714792e-06,0,0
0.2,0.0,630.4894035364233,0.0,5.019538238809448,5.019538238809448,5.019538238809448,4.16026,0.0,6.519472938702196,27.355650273850873,90.0,129.65239062176366,90.0,0.0,0.0,0.0,293.8703900371962,4.429520119288311,2609.280429025492,93977.0477572789,0.0192960503115692,24.49383205860869,nan,0.0,nan,0.0,nan,0.0,nan,nan,10920.330002604562,2233549.564536873,2.6416626169355655,3.9742737660151617,1.5044592524935976,5.47873301850876,combusting,True,True,2233549.564536873,28546982.515095882,2694402.3145665796,2938357.4332395573,2725048.984690002,3071691.39173848,False,False,0,0,False,1.61776257092e-06,0,0,0,0,False,3.52280714792e-06,0,0
0.30000000000000004,0.0,631.1320629639116,0.0,7.833650310957246,7.833650310957246,7.833650310957246,4.16026,0.0,8.86982753281937,28.926591169105073,90.0,117.97167775589051,90.0,0.0,0.0,0.0,293.3100696118297,4.430077267225453,2608.676610888949,93969.7701946786,0.026252719841563528,45.33513619084476,nan,0.0,nan,0.0,nan,0.0,nan,nan,11360.280496766298,2313074.418087711,2.785373038490681,4.203319176234852,1.5090686662611332,5.712387842495985,combusting,True,True,2313074.418087711,28345045.70234285,2828530.6141926064,3106092.362813759,2807557.912193504,3154840.309941154,False,False,0,0,False,1.61776257092e-06,0,0,0,0,False,3.52280714792e-06,0,0
0.4,0.0,632.0601585012532,0.0,10.728260435875528,10.728260435875528,10.728260435875528,4.16026,0.0,11.506664818598487,28.96561132926059,90.0,111.19555268523682,90.0,0.0,0.0,0.0,292.7231656372934,4.4305218739949455,2608.0185602570427,93959.23576870987,0.03405753425037139,76.2894064164897,nan,0.0,nan,0.0,nan,0.0,nan,nan,11348.970212091119,2311422.627311988,2.6002340605871104,4.084960500115834,1.5709972275316957,5.65595772764753,combusting,True,True,2311422.627311988,28145437.75932267,2798250.677599194,3053438.0897752508,2847316.4119684645,3225142.2816210547,False,False,0,0,False,1.61776257092e-06,0,0,2,2,False,3.52280714792e-06,0,0
0.5,0.0,633.280838605204,0.0,13.685341643140495,13.685341643140495,13.685341643140495,4.16026,0.0,14.303717669091325,30.176012816038742,90.0,106.90895042079083,90.0,0.0,0.0,0.0,292.1482931689452,4.43105585586126,2607.3951160630213,93945.47215971336,0.04233686866361044,117.87223764485306,nan,0.0,nan,0.0,nan,0.0,nan,nan,11680.297855797682,2370917.444395702,2.720469569961044,4.265832871717319,1.5680502067804434,5.833883078497763,combusting,True,True,2370917.444395702,27948121.84532921,2901779.6954849153,3187366.625517805,2904777.7006876008,3281134.8171648164,False,False,0,0,False,1.61776257092e-06,0,0,2,0,False,3.52280714792e-06,0,0
0.6000000000000001,0.0,634.7998372491406,0.0,16.694631235591736,16.694631235591736,16.694631235591736,4.16026,0.0,17.205187454950767,30.009779032986042,90.0,103.99295895104824,90.0,0.0,0.0,0.0,291.5630727186075,4.431522728689282,2606.7211826998664,93928.26765120737,0.05092567097835198,170.51721284081648,0.41382142283637136,3.2269015833072086,0.41382142283637136,3.2269015833072086,0.0,0.0,5.219480320410335,3.2654686768381773,11611.658230850304,2358796.5638502534,2.568259525810555,4.147062097122486,1.6147363829259638,5.76179848004845,combusting,True,True,2358796.5638502534,27753057.48690328,2860508.896749644,3124121.275953936,2924918.619917015,3325127.4831886217,False,False,0,0,False,1.61776257092e-06,0,0,4,2,False,3.52280714792e-06,0,0
0.7000000000000001,0.0,636.6184990790514,0.0,19.678605362623106,19.678605362623106,19.678605362623106,4.16026,0.0,20.113559413625897,29.669703507641543,90.0,101.9371487911107,90.0,0.0,0.0,0.0,290.97134600833965,4.431968996614956,2606.043460595217,93907.71487702303,0.05953540604464466,232.99700275655596,0.41382142283637136,4.409281529852645,0.41382142283637136,4.409281529852645,0.0,0.0,5.219480320410335,3.263619244904179,11490.32746101022,2336637.855840171,2.4155608678217795,4.012360587730704,1.6610471883280802,5.6734077760587835,combusting,True,True,2336637.855840171,27560214.504230488,2806295.3898418373,3048703.426026213,2935702.3422032646,3361484.357165893,False,False,0,0,False,1.61776257092e-06,0,0,6,2,False,3.52280714792e-06,0,0
0.8,0.0,638.7371978132979,0.0,22.695369322308398,22.695369322308398,22.695369322308398,4.16026,0.0,23.07352491370959,30.66557568606367,90.0,100.38749562504056,90.0,0.0,0.0,0.0,290.3965385660872,4.432507546010107,2605.400556655836,93883.82048392999,0.06829845207374355,306.5566413856631,0.41382142283637136,5.801338732789481,0.41382142283637136,5.801338732789481,0.0,0.0,5.219480320410335,3.2613873783681226,11758.225283581358,2384994.5346149844,2.537531579158604,4.173217935244841,1.6445974385188138,5.817815373763655,combusting,True,True,2384994.5346149844,27369549.927270114,2893041.6859949217,3162745.8228008226,2972232.3743172614,3389364.1296727406,False,False,0,0,False,1.61776257092e-06,0,0,6,0,False,3.52280714792e-06,0,0
0.9,0.0,641.1589456833267,0.0,25.73958807826629,25.73958807826629,25.73958807826629,4.179621475357399,0.0,26.076725831977008,30.21879943309462,90.0,99.22324641946668,90.0,0.0,0.0,0.0,289.8053793113434,4.432951261870519,2604.713939156965,93856.43196438396,0.07719017212884137,391.45920164010977,0.41382142283637136,7.408051636123597,0.41382142283637136,7.408051636123597,0.0,0.0,5.219480320410335,3.259548522750997,11606.427307661044,2357294.3000709014,2.3961231287121425,4.035669967037323,1.6842498278485365,5.719919794885858,combusting,True,True,2357294.3000709014,27181025.21262192,2832412.1560864444,3078016.212161654,2973198.195569547,3411621.923667773,False,False,0,0,False,1.61776257092e-06,0,0,8,2,False,3.52280714792e-06,0,0
1.0,0.0,643.8861273544933,0.0,28.804045345064786,28.804045345064786,28.804045345064786,4.225182075376093,0.0,29.112285925544008,31.070345902874212,90.0,98.34503805133288,90.0,0.0,0.0,0.0,289.22713870061114,4.433463143641963,2604.063871352221,93825.681215449,0.08617847583683065,487.77285323117053,0.41382142283637136,9.230710297002776,0.41382142283637136,9.230710297002776,0.0,0.0,5.219480320410335,3.25742717268285,11831.394690003463,2398164.9441849473,2.507098914846729,4.176558613675126,1.6658930323578631,5.8424516460329885,combusting,True,True,2398164.9441849473,26994610.857811835,2907016.773782169,3176943.0061115124,3000699.78782566,3429382.287036711,False,False,0,0,False,1.61776257092e-06,0,0,8,0,False,3.52280714792e-06,0,0
1.0378999927967119,0.0,645.0000063441079,0.0,29.97585973772513,29.97585973772513,29.97585973772513,4.243790661540927,0.0,30.274773759596496,30.765994980964212,90.0,98.0580192170147,90.0,-8.058019217014703,0.0,0.0,288.99878554039043,4.433610874543495,2603.7981169135446,93813.08418531084,0.08962082608247751,527.4480608889895,0.6678476956277482,16.10874315604868,0.42390968059124745,10.224864457439503,-1.770087490932756,-42.6951907475979,4.704142312410105,1.1211414747890995,11735.096868631654,2380489.4392516366,2.4317963840661885,4.097460618205884,1.6849521798180118,5.782412798023897,combusting,True,False,2380489.4392516366,26924504.968884714,2870255.5981166167,3125615.4199046534,2996895.595617357,3435554.2132771243,False,True,0,0,False,1.61776257092e-06,0,0,9,1,False,3.52280714792e-06,0,0
1.1,0.00029088100147702065,646.9205800540497,0.009368147109059219,31.87835885051648,31.87836022703305,31.87835885051648,4.275875979336293,0.0,32.16260020714679,30.506111045163884,89.9831623930745,97.62300231972802,90.00051652174156,-7.62248579798645,0.0002903382931626886,0.0002903382931626886,288.63535345598393,4.433890536606788,2603.371082196376,93791.41003080203,0.09521135227352868,595.1671350210004,0.6345419628646571,17.27045639127722,0.4211547796421771,11.462654452278638,-1.6367602554499217,-44.54803349349631,4.721103285429724,1.1902724775090572,11646.576181487731,2364081.121501662,2.3669329504469916,4.029850923751134,1.7025623488785784,5.732413272629713,combusting,True,False,2364081.121501662,26810272.40106901,2837826.0118740895,3083058.08413051,2993444.8095026975,3442401.0451293057,False,False,0,0,False,1.61776257092e-06,0,0,10,1,False,3.52280714792e-06,0,0
1.2000000000000002,0.002019203891494549,650.2628512210264,0.025198310691291317,34.96706448901831,34.96707356834465,34.96706448901831,4.331712332815269,0.0,35.231259727717884,31.268001724872935,89.9587109577355,97.02114278505536,90.00370057337024,-7.017442211685133,0.0008211053963100633,0.0008211053963100633,288.05670415405166,4.434380767148656,2602.716527064542,93753.73069105331,0.10429953312984457,713.9233483448834,0.5915186441417063,19.31187974519232,0.4164785220950362,13.597176039692094,-1.4582776753065518,-47.609797898225054,4.746022081836242,1.2915097997827851,11844.847012258973,2400374.2966716005,2.4708730869329716,4.156929684127589,1.6823728042169395,5.839302488344528,combusting,True,False,2400374.2966716005,26627979.515680384,2904452.1996231247,3171310.496898952,3014885.6194152143,3452802.2813082356,False,False,0,0,False,1.61776257092e-06,0,0,10,0,False,3.52280714792e-06,0,0
1.3,0.005369239303697353,653.9142259974535,0.04180239755276486,38.060431039523756,38.0604539956473,38.060431039523756,4.392712605538569,0.0,38.30831281265593,30.5993292852357,89.93707112807668,96.52150566167195,90.01015348471668,-6.511352176955278,0.0014313855903865256,0.0014313855903865256,287.46201079048274,4.434779754310632,2602.0201323642123,93712.51708650633,0.11341366012455537,843.7753215806993,0.5586979923593258,21.557999379744636,0.41214905836749116,15.903241583396033,-1.3157623168534598,-50.77018997479269,4.768164697933151,1.3816201559159489,11630.500528817538,2360617.3617815766,2.3273659960302915,4.000209100939404,1.71877096587405,5.718980066813455,combusting,True,False,2360617.3617815766,26447699.400865287,2827419.120815452,3067698.8511921633,3002020.4102561716,3460083.037523223,False,False,0,0,False,1.61776257092e-06,0,0,12,2,False,3.52280714792e-06,0,0
1.4000000000000001,0.010407582893088753,657.875008557861,0.05896447423506304,41.155220168624936,41.15526240880034,41.155220168624936,4.458881879079687,0.0,41.38975018404251,31.296453296787966,89.91791045730326,96.10233057053894,90.02033598543045,-6.0819945851084904,0.00212297768045093,0.00212297768045093,286.8854147322685,4.435252538022923,2601.3625561051913,93667.91382575047,0.12254196356362401,984.5977011340286,0.5340193613756502,24.04475441464761,0.4091554420659968,18.42263189961947,-1.2002362126619048,-54.041832675653566,4.787940353730928,1.4616154815913995,11809.704744421468,2393657.402289228,2.4258926112081713,4.115988181687519,1.6966901843349227,5.812678366022443,combusting,True,False,2393657.402289228,26269400.29884692,2887857.963562582,3148539.6064058766,3018673.6593064973,3464863.8339011427,False,False,0,0,False,1.61776257092e-06,0,0,12,0,False,3.52280714792e-06,0,0
1.5,0.017178533894078744,662.1458208954261,0.076454545784737,44.26102658267887,44.26109261473531,44.26102658267887,4.530230544525756,0.0,44.48454332461521,30.819674984290838,89.90102989515906,95.7460593182543,90.03472028705852,-5.711339031195774,0.002898090799747597,0.002898090799747597,286.2883596884538,4.435623902295683,2600.672339013014,93619.76851844243,0.1317111064375272,1136.8699895657828,0.515263827898253,26.78828946550202,0.4073382246866867,21.177295362998763,-1.1048166105131847,-57.43882175747494,4.805782369173285,1.5340176828744363,11651.40572749833,2364110.742201762,2.3242709460438946,4.004183858849534,1.7227698283907016,5.7269536872402345,combusting,True,False,2364110.742201762,26093051.35700483,2831839.54685786,3073473.88262859,3008499.487839714,3469121.9752082066,False,True,0,0,False,1.61776257092e-06,0,0,13,1,False,3.52280714792e-06,0,0
1.6,0.02570113334072361,666.7268888923827,0.09399744314816014,47.36033335645278,47.36042663610255,47.36033335645278,4.606762375490467,0.0,47.57484863842356,31.166460491187095,89.88628353467753,95.44303795030643,90.053791593901,-5.389246356405443,0.003759051141440667,0.003759051141440667,285.71181949026976,4.436065632414882,2600.0041953668288,93568.21178518394,0.1408683582621015,1299.731237081703,0.5010104788220228,29.778642177227823,0.40650387583187453,24.16143768193285,-1.0253621547289373,-60.944618922014776,4.821891428803786,1.5989465246121168,11730.025641837226,2378535.1547772717,2.3695766152014586,4.055805390649556,1.7116160602828772,5.767421450932433,combusting,True,False,2378535.1547772717,25918620.445240833,2858396.343264115,3109612.004864563,3014601.653866417,3469379.9906613007,False,False,0,0,False,1.61776257092e-06,0,0,14,1,False,3.52280714792e-06,0,0
1.7000000000000002,0.03596293174858935,671.6201837987738,0.11123852500915436,50.505564771369656,50.505687272667245,50.505564771369656,4.688510303896071,0.0,50.71255751599213,31.738167807150063,89.87380622857691,95.17851533888505,90.07805003987586,-5.100465299009195,0.004708743932130467,0.004708743932130467,285.1310512021473,4.43647825946909,2599.3424796697373,93513.15410107691,0.1501674764650686,1476.1236578087976,0.4899362283562087,33.07248441518917,0.40646480066002455,27.43785824994765,-0.9570146854588888,-64.60198580565975,4.836829955505173,1.6591450312311757,11872.48963445127,2404766.25504746,2.4544364966775203,4.1537039108524425,1.6923248641694977,5.846028775021941,combusting,True,False,2404766.25504746,25746080.519067273,2908059.8944426104,3175025.502745635,3026565.6935712607,3470246.9032199495,False,False,0,0,False,1.61776257092e-06,0,0,14,0,False,3.52280714792e-06,0,0
1.8,0.047920241999170415,676.827313734553,0.12790768000246736,53.63703394421222,53.637186454056085,53.63703394421222,4.77550119517319,0.0,53.838011997238816,30.891215649702303,89.86336760628453,94.95225084726466,90.10801258760438,-4.844238259660287,0.0057501582708450825,0.0057501582708450825,284.53234273742027,4.436796567325296,2598.641715745882,93454.55423171194,0.1594319210569762,1662.8361409082268,0.4812460748517759,36.59495189666553,0.4068247347649757,30.935798497023438,-0.8984847846059184,-68.32265069936733,4.850549731515123,1.7146836476992413,11610.094528678801,2356018.4180217837,2.299053123479105,3.9752257513916986,1.729070855646902,5.704296607038601,combusting,True,False,2356018.4180217837,25575398.457963064,2817010.439506614,3054361.3523286334,3005132.619302032,3469457.874790965,False,False,0,0,False,1.61776257092e-06,0,0,16,2,False,3.52280714792e-06,0,0
1.9000000000000001,0.06149393820295187,682.3468437842046,0.14356624407316154,56.75356704882031,56.753748634177285,56.75356704882031,4.867711077463786,0.0,56.9498456290427,31.439446442459026,89.85506246130444,94.75830877834117,90.14420896073325,-4.614099817607933,0.0068847594967357375,0.0068847594967357375,283.9583744111836,4.437203584833494,2597.9784423741066,93392.56019876919,0.16865773638052736,1859.6149229020493,0.47346116701583746,40.26353595086931,0.40666656134237117,34.58326649221741,-0.8467055619037434,-72.00455329079186,4.863452918495974,1.7664705083401584,11746.017902203459,2381078.9176606443,2.3825128692063933,4.067835579124311,1.7073719230231452,5.775207502147457,combusting,True,False,2381078.9176606443,25406548.210497256,2863791.2115997747,3117965.3669865127,3013994.487652421,3466729.393603786,False,False,0,0,False,1.61776257092e-06,0,0,16,0,False,3.52280714792e-06,0,0
2.0,0.07655179209568237,688.1806173791599,0.15759083378144886,59.921904850286374,59.92211207690919,59.921904850286374,4.965170747338177,0.0,60.11445338279312,31.927309586862037,89.84931605777491,94.58705846223573,90.18717759963941,-4.399880862596317,0.008114124983526963,0.008114124983526963,283.3774070034592,4.437565424285074,2597.315764031126,93327.03827633425,0.17804166085912976,2070.8513521773857,0.4661605343964074,44.14575554183065,0.40605081568034873,38.4533196697909,-0.799124344440904,-75.67768044305232,4.875963414794146,1.816817200617788,11864.130857453467,2402760.6634148066,2.4579921869191534,4.152605680494321,1.6894299756498394,5.842035656144161,combusting,True,False,2402760.6634148066,25239504.96243212,2905790.2717478485,3173220.0839135856,3022436.1383467223,3464700.97965907,False,False,0,0,False,1.61776257092e-06,0,0,16,0,False,3.52280714792e-06,0,0
2.1,0.09291542208537178,694.3301262800563,0.16968176601233886,63.068273167641664,63.068501427019704,63.068273167641664,5.067905126315319,0.0,63.25819846024456,31.00005676024439,89.84584918681038,94.4409853683196,90.23746479539548,-4.203520572924122,0.009439417767240197,0.009439417767240197,282.7753966397256,4.437828427441585,2596.612470339313,93257.98204017713,0.1873657246739201,2291.736086638887,0.45942694571914244,48.14881375514586,0.4050981391996929,42.45505196990772,-0.7560562832163609,-79.23612994011552,4.887843792087644,1.8649621410943173,11580.754781384177,2350180.001881398,2.293613276003858,3.9621375014615765,1.7274653678168332,5.689602869278409,combusting,True,False,2350180.001881398,25074238.771453794,2808145.301663407,3044247.747812045,2998092.706272192,3461784.6089470857,False,False,0,0,False,1.61776257092e-06,0,0,18,2,False,3.52280714792e-06,0,0
2.2,0.1103609589419941,700.7931494784481,0.17922897112010722,66.19219080019313,66.1924334494001,66.19219080019313,5.175877109981339,0.0,66.38051382410924,31.47829589078465,89.84486027141328,94.3168977650582,90.29561797413774,-4.021279790920464,0.01085987102382323,0.01085987102382323,282.2034201716147,4.438191215645804,2595.9492287448243,93185.52123336079,0.1966283319292138,2521.962870632928,0.4531544001455958,52.26240787025124,0.40389773215065267,46.5816242957032,-0.7165721954046494,-82.64244666428654,4.899214868522852,1.9105828962994096,11696.455179026883,2371517.225789042,2.36939058702588,4.043858489558786,1.7067082614837012,5.750566751042488,combusting,True,False,2371517.225789042,24910722.55722534,2848561.761267503,3099806.0754899224,3003945.89478042,3456652.8547026934,False,False,0,0,False,1.61776257092e-06,0,0,18,0,False,3.52280714792e-06,0,0
2.3000000000000003,0.1285868827050664,707.5708552887982,0.1852895041413386,69.36192540680881,69.3621728922909,69.36192540680881,5.289106216327472,0.0,69.54944745410491,31.916396241528382,89.84694367608316,94.20837647893188,90.3621806883122,-3.8461957906196833,0.012374899404340443,0.012374899404340443,281.625399548687,4.4385146595358504,2595.2835152393027,93109.39969140464,0.20603115471455238,2766.670603759239,0.4482693134219455,56.71539887943587,0.40362568390344866,51.06705048761987,-0.6790968322723758,-85.91988469180723,4.910445128685853,1.9557831295068497,11800.415572297094,2390523.3255911204,2.4388449981978875,4.11916925861939,1.688983622027283,5.808152880646673,combusting,True,False,2390523.3255911204,24748931.447246473,2885492.4868011796,3148499.0613681837,3009877.641157296,3452304.578275632,False,False,0,0,False,1.61776257092e-06,0,0,18,0,False,3.52280714792e-06,0,0
2.4000000000000004,0.1472070950417996,714.6675713565829,0.18711474259332486,72.57239594888726,72.57263716917667,72.57239594888726,5.4076647434798915,0.0,72.75992575637927,32.29301460004031,89.85227356574505,94.11452762979302,90.43769412420004,-3.6768335055929784,0.013984262310388977,0.013984262310388977,281.0418637364264,4.4387945847899255,2594.6181015572024,93029.76138709598,0.21555930775801813,3025.893751500774,0.44425649469320466,61.47407254564089,0.4038344420397423,55.880663722256784,-0.6432879546044444,-89.015086693105,4.921587209690379,2.0007982797366513,11886.6965429365,2406175.038489581,2.5006491041123415,4.186193829404053,1.67404288051443,5.860236709918483,combusting,True,False,2406175.038489581,24588835.891075168,2917375.3044518153,3191074.3492261926,3014614.84171268,3448454.0447373483,False,False,0,0,False,1.61776257092e-06,0,0,18,0,False,3.52280714792e-06,0,0
2.5,0.16578673971482466,722.0838628764257,0.18447815086717764,75.75343444796798,75.75365907235589,75.75343444796798,5.531562133642775,0.0,75.94191291889767,31.327755381574537,89.86047103158178,94.03754710269381,90.52269238497541,-3.5148547177184026,0.01568572786958823,0.01568572786958823,280.443353833666,4.439004777574006,2593.9126290831773,92946.5738442332,0.2250054215342761,3293.955950596235,0.4405121115515793,66.35599501352628,0.40390755560560493,60.84211317434553,-0.6094595696494882,-91.80518561036673,4.932494523697144,2.0451294907713957,11595.732591687387,2352423.4486319274,2.331197885016859,3.988785734375415,1.711045535864738,5.699831270240152,combusting,True,False,2352423.4486319274,24430411.97232995,2816570.6144749247,3057803.0065466277,2988079.3122723326,3442659.977280697,False,False,0,0,False,1.61776257092e-06,0,0,20,2,False,3.52280714792e-06,0,0
2.6,0.18383766375723026,729.8168102984483,0.17654032998093383,78.90551399248567,78.90571148469837,78.90551399248567,5.6607496124914665,0.0,79.09587024537201,31.713835508778757,89.87180871865475,93.97586324276811,90.61769011341146,-3.358173129356654,0.017474734992899404,0.017474734992899404,279.8710276017831,4.439292569065694,2593.2470708045184,92859.9906214556,0.23437093840143286,3570.544541696013,0.4369835244751711,71.35165376282974,0.4038695829928051,65.94473484017679,-0.5771391858614244,-94.23658572026001,4.943273651173296,2.088607882750112,11685.356990658782,2368928.750554723,2.3954534179621874,4.054969438102896,1.6927774122831656,5.747746850386061,combusting,True,False,2368928.750554723,24273634.0523206,2848601.6174649554,3102584.496676086,2991078.858675785,3436210.269774733,False,False,0,0,False,1.61776257092e-06,0,0,20,0,False,3.52280714792e-06,0,0
2.7,0.20066984710852057,737.8668240935731,0.16010333704487198,82.09476191000961,82.09491802870441,82.09476191000961,5.4054345782452105,0.0,82.26216282648467,32.0711228416997,89.88826042422865,93.65586507833773,90.72299571908181,-2.93286935925592,0.019283855802186577,0.019283855802186577,279.2938115902956,4.439544354306864,2592.5788080066177,92769.90285245584,0.2437755583629617,3859.0975513272697,0.427925564900588,75.51939720273428,0.40330650588507155,71.17467781916052,-0.49148621399053843,-86.73644591119995,4.973628351285588,2.2133609489379378,11766.580519364856,2383505.911328564,2.4552974919655965,4.117935545520808,1.6771635856737594,5.7950991311945685,combusting,True,False,2383505.911328564,24118481.114698645,2878184.4986166595,3142120.5022426657,2994227.042363187,3430421.3673648424,False,False,0,0,False,1.61776257092e-06,0,0,20,0,False,3.52280714792e-06,0,0
2.8000000000000003,0.21529249853371082,746.2374376915997,0.13234969145893283,85.31751005052263,85.31761270489147,85.31751005052263,5.130512857229053,0.0,85.46378856716271,32.38383996856066,89.91111938623959,93.35273167408407,90.83848294325863,-2.5142487308254373,0.02102879031530326,0.02102879031530326,278.7121003296036,4.439757649380667,2591.910774547705,92676.31952728533,0.2532875640736178,4161.930937568503,0.4198311070723374,79.9050097196742,0.4022186992793407,76.55290075923982,-0.4103144307770557,-78.09373347295613,5.004997369870777,2.3424770845010787,11835.02979757294,2395832.2052881178,2.5090313634182624,4.173780428492902,1.663502692452044,5.837283120944946,combusting,True,False,2395832.2052881178,23964927.943591304,2904013.105714833,3176937.095363785,2996641.0246693715,3425086.302795161,False,False,0,0,False,1.61776257092e-06,0,0,20,0,False,3.52280714792e-06,0,0
2.9000000000000004,0.22655474581811655,754.9294258006499,0.0928952542291816,88.52225213048303,88.522300872611,88.52225213048303,4.845036015895049,0.0,88.64971496892414,31.71100163064714,89.93987382920967,93.07286019367515,90.96366925349645,-2.109190940178706,0.022669475526159413,0.022669475526159413,278.1111177312455,4.439886016364938,2591.2132975853156,92579.21693753572,0.26275583504033106,4474.213726870788,0.41288251404066684,84.47880104490717,0.4008272540132481,82.01220612076219,-0.33493139650363585,-68.5294287036256,5.036673495821525,2.473217900773255,11628.367748594383,2357873.536147906,2.387149505779554,4.0313669378783334,1.6887785738253704,5.720145511703704,combusting,True,False,2357873.536147906,23812951.963634834,2831983.589565071,3081455.5435308963,2977093.627590857,3419573.031647797,False,True,0,0,False,1.61776257092e-06,0,0,21,1,False,3.52280714792e-06,0,0
3.0,0.2332515615176929,763.9400825130757,0.04104105976234634,91.6908821180333,91.69089130307145,91.6908821180333,4.549092926197311,0.0,91.80163612492724,31.66159812035765,89.97435427275025,92.81472399651277,91.09783567606308,-1.7168883204496803,0.02416344086204041,0.02416344086204041,277.5351961133857,4.44009063985931,2590.5350956115017,92478.7076014701,0.2721261911009615,4793.810045256658,0.40707989902484676,89.24111841017644,0.39931760024184937,87.53944700245519,-0.26506451665302644,-58.10813546341457,5.068515411895992,2.604329763931544,11596.785302317066,2351879.3233793587,2.382035051513483,4.018217597149709,1.6868843280020747,5.705101925151783,combusting,True,False,2351879.3233793587,23662527.652667075,2822906.5160461846,3071846.543540871,2969714.55966977,3411806.2770170737,False,False,0,0,False,1.61776257092e-06,0,0,22,1,False,3.52280714792e-06,0,0
3.1,0.23408430855061005,773.2682455538156,-0.024386119104003463,94.87237869676406,94.87238183088382,94.87237869676406,4.377183605833353,0.0,94.97442843010795,31.96833345425473,90.01472738105427,92.65631220705116,91.24011154445394,-1.4162006625972223,0.02550020612904892,0.02550020612904892,276.96273358975105,4.440284237092966,2589.8646192988144,92374.7635403323,0.28156138820034277,5126.226983547978,0.40330817871548585,94.54517862827541,0.3981478451996262,93.33547180905764,-0.21371570765662112,-50.100123980668705,5.0936495003979,2.70768861709463,11664.416552855162,2364090.069452794,2.4360210830174576,4.072302540756932,1.6717025025549617,5.744005043311893,combusting,True,False,2364090.069452794,23513636.353469953,2847877.9458655706,3106013.7904909025,2970850.8913222733,3404622.4380999617,False,False,0,0,False,1.61776257092e-06,0,0,22,0,False,3.52280714792e-06,0,0
3.2,0.22771218367377877,782.9160156569826,-0.10305637843262222,98.08302336657451,98.0830775075147,98.08302336657451,4.435083138037885,0.0,98.18795334968009,32.244559941949895,90.06020097220222,92.64909182085255,91.38976011663436,-1.2593317042181882,0.026736999980086863,0.026736999980086863,276.38642882726407,4.440441778684776,2589.1931068451713,92267.36989539467,0.2911204458400725,5473.836178255589,0.4015869114566943,100.52541406540841,0.39755740204920387,99.51674548057055,-0.18771446863556027,-46.988769173799874,5.107000393168629,2.762364751279956,11723.514871466918,2374523.5961603965,2.4856506505018174,4.122156909890443,1.6583814419207457,5.78053835181119,combusting,True,False,2374523.5961603965,23366251.025935296,2870224.789980699,3136356.601780826,2971649.9119102224,3397928.0472255796,False,False,0,0,False,1.61776257092e-06,0,0,22,0,False,3.52280714792e-06,0,0
3.3000000000000003,0.21282003305631284,792.8861612204424,-0.1947866339166962,101.31988790262194,101.32007514028318,101.31988790262194,4.494917354438411,0.0,101.42836392300859,32.492730778991486,90.11015051941395,92.65010758835956,91.5463156984728,-1.103791889886769,0.027911207329039622,0.027911207329039622,275.8066983592491,4.440566109110084,2588.519702306776,92156.51902177652,0.30076246067845047,5835.411368290509,0.4000621796554274,106.75875465671547,0.39700588132526055,105.94316493046581,-0.16248080117451907,-43.35887987201722,5.120393500730655,2.8173534671387115,11774.80269189821,2383529.1977915126,2.5306209173311593,4.1663123285522605,1.64635971354656,5.812672042098821,combusting,True,False,2383529.1977915126,23220351.31701736,2889903.0239193123,3163245.3967264267,2972027.169374005,3391608.8409491014,False,False,0,0,False,1.61776257092e-06,0,0,22,0,False,3.52280714792e-06,0,0
3.4000000000000004,0.18806417012656948,803.1811654886961,-0.3003306246781707,104.58019746245144,104.58062870230536,104.58019746245144,4.556701157825256,0.0,104.69292458911244,32.71346041758711,90.16454004071491,92.65908462634808,91.70937040054514,-0.9497142258029385,0.02900562091137448,0.02900562091137448,275.22395815946214,4.440658401071022,2587.844343054906,92042.11602927897,0.31047946489761824,6210.841935054148,0.39879765176302023,113.26809443933514,0.3965642617303882,112.63375812361794,-0.13803219120255783,-39.20445168039843,5.13380867146833,2.8725663920319446,11818.54694765541,2391267.1820053793,2.571375756032474,4.205407078339814,1.6354696774572466,5.840876755797061,combusting,True,False,2391267.1820053793,23075915.643049557,2907185.492319092,3187023.790647688,2972003.4821945094,3385576.1266040755,False,False,0,0,False,1.61776257092e-06,0,0,22,0,False,3.52280714792e-06,0,0
3.5,0.15213290912810012,813.8000268588888,-0.418294595291219,107.79702994140376,107.79784151158292,107.79702994140376,4.620428537240849,0.0,107.91472742399071,31.62318916144546,90.22232889557388,92.67621091753094,91.87841437478768,-0.7977965427432613,0.030001857712404198,0.030001857712404198,274.6169360758287,4.4406548911150105,2587.1322289901314,91924.04290455449,0.3200731427610858,6592.133259044429,0.39773082079805655,119.90015640743201,0.3961753719188944,119.43124991554613,-0.11447036342381739,-34.50829998789562,5.147175588281559,2.927976366210314,11501.0645903438,2333143.864473584,2.377057353291643,3.983638334792645,1.675869675284141,5.659508010076787,combusting,True,False,2333143.864473584,22932927.081409484,2796109.0521000787,3039758.7286529075,2942947.76549639,3378811.9798773834,False,False,0,0,False,1.61776257092e-06,0,0,24,2,False,3.52280714792e-06,0,0
3.6,0.10375486121158659,824.7384435007235,-0.5492663630390507,110.97130289528879,110.97266221829362,110.97130289528879,4.686073675946279,0.0,111.09472918010887,31.862269916232638,90.28359032124314,92.70106445596116,92.05283009106327,-0.6482343648978882,0.03088071261225985,0.03088071261225985,274.0496299744301,4.440774206866462,2586.457747946551,91802.64927830451,0.32954637962245176,6978.8939643265485,0.39686053697648394,126.6569543757681,0.3958471564026193,126.33353673871322,-0.09181132742026,-29.301333906464045,5.160466673437282,2.98256306079909,11551.273391579798,2342212.641019332,2.423566198399937,4.027009791904626,1.6616050325191443,5.6886148244237695,combusting,True,False,2342212.641019332,22791364.55607712,2815312.691510039,3068145.918088135,2941677.829787648,3370581.6689023245,False,False,0,0,False,1.61776257092e-06,0,0,24,0,False,3.52280714792e-06,0,0
3.7,0.04149599806530518,835.9954603881656,-0.6959108998865764,114.16903485355215,114.17115577663294,114.16903485355215,4.7536308425072304,0.0,114.29902022586938,32.09236924900391,90.34923886083703,92.73278071548462,92.23189058006164,-0.5008901354229824,0.031623189252792686,0.031623189252792686,273.4791912393317,4.440858620688643,2585.7826339109674,91677.84909346938,0.33909530444136116,7379.149601405782,0.3961842077346684,133.6927942820661,0.39558721220407816,133.4913374872209,-0.07001910410641854,-23.628023273919197,5.173684165708864,3.0369894116047287,11599.076004319164,2350577.8210488553,2.4682067267795484,4.069966404573595,1.6489568561722463,5.718923260745842,combusting,True,False,2350577.8210488553,22651202.859723426,2833821.6107026567,3093561.9173899246,2940949.357021399,3362828.858217917,False,False,0,0,False,1.61776257092e-06,0,0,24,0,False,3.52280714792e-06,0,0
3.8000000000000003,-0.03623931820077198,847.5733450523073,-0.8587954254349655,117.38865842928283,117.39179978776022,117.38865842928283,4.823113645144886,0.0,117.52608739557857,32.30010226556894,90.41915868349867,92.7710984812294,92.41476131670765,-0.35633716452175807,0.0322107399476135,0.0322107399476135,272.9058969893253,4.440911509233329,2585.10386318324,91549.66824464052,0.3487155717760053,7792.877141465001,0.3957004505314379,141.01616489900536,0.3954023575861474,140.90993321826843,-0.04916050542670465,-17.519378435026216,5.186766596163506,3.0909866843355847,11640.853489416342,2357838.141602072,2.509127737862968,4.108419362488267,1.6373894802133193,5.745808842701585,combusting,True,False,2357838.141602072,22512425.37343815,2850253.574925719,3116258.399363088,2939954.1316927504,3355459.5372560243,False,False,0,0,False,1.61776257092e-06,0,0,24,0,False,3.52280714792e-06,0,0
3.9000000000000004,-0.13109790638966357,859.4741795136146,-1.0383763383428644,120.62803079686117,120.63249992994639,120.62803079686117,4.894534578768406,0.0,120.77384338456264,32.487345085945115,90.49319475669763,92.81573902094183,92.6005025326304,-0.21523648831144188,0.032625175542581174,0.032625175542581174,272.33007596383106,4.440929767513064,2584.4242500751557,91418.09881339123,0.3584011320188784,8219.952277292647,0.3954048647287895,148.6332005149184,0.39529756429762986,148.5928661439419,-0.029305840774901747,-11.016103484568724,5.199643192541162,3.144274451007449,11677.172786100757,2364098.005763836,2.5466238345724306,4.1427891870391305,1.6267770413507854,5.769566228389915,combusting,True,False,2364098.005763836,22375012.25041011,2864784.336492104,3136481.914220127,2938691.308553531,3348402.1335579134,False,False,0,0,False,1.61776257092e-06,0,0,24,0,False,3.52280714792e-06,0,0
4.0,-0.24476730702974675,871.6998393405523,-1.235011674458807,123.88516574189609,123.89132150692845,123.88516574189609,4.967904899298647,0.0,124.04035821021341,32.65535381468672,90.57116291698746,92.86639960622568,92.78807251654352,-0.0783270896821595,0.03284910040135363,0.03284910040135363,271.7520240412181,4.440920422998921,2583.7406291083375,91283.13522457186,0.36814640081055466,8660.241246442434,0.3952894961750476,156.5488168256811,0.3952754755246527,156.54326414529953,-0.01052620565457228,-4.168754942472223,5.2122346950459075,3.196495118304957,11708.421806881144,2369407.827776721,2.5810001316607054,4.173608207199166,1.617050753311555,5.79065896051072,combusting,True,False,2369407.827776721,22238943.99560728,2877569.387819139,3154455.7674693083,2937149.7682530293,3341596.735598971,False,False,0,0,False,1.61776257092e-06,0,0,24,0,False,3.52280714792e-06,0,0
4.1000000000000005,-0.37896538436242166,884.2520033664525,-1.448949872194676,127.15811477610718,127.16636980407117,127.15811477610718,5.04323468198238,0.0,127.32373939568042,32.80362686945033,90.65284956210456,92.92275541562708,92.97633382543455,0.0535784098074707,0.03286649348390069,0.03286649348390069,271.17195236935356,4.4408790761445145,2583.05646578106,91144.77453677809,0.37794590343228135,9113.586207138664,0.3953423461696851,164.76583607958048,0.39533580200688345,164.76310868529575,0.00718305315984406,2.993663013720769,5.214520811723622,3.2061406364654266,11734.500115539924,2373681.4094693153,2.6125519797526158,4.20163952175938,1.6082510718723522,5.8098905936317315,combusting,True,False,2373681.4094693153,22104201.59501667,2888690.551461959,3170373.8038206003,2935260.3573838775,3334986.238901549,False,False,0,0,False,1.61776257092e-06,0,0,24,0,False,3.52280714792e-06,0,0
4.2,-0.5354317719978612,897.1321651990705,-1.6803778805141252,130.44512187625332,130.4559446369996,130.44512187625332,5.120532890465027,0.0,130.6222883302287,32.936515133364786,90.73803630300898,92.98448109373213,93.16406523605649,0.17958414232436198,0.03266413101142291,0.03266413101142291,270.5900831942233,4.440811336436051,2582.3682346941205,91003.01651686484,0.3877947388388816,9579.828664203229,0.395544470107135,173.28364878944237,0.3954700317548147,173.25103817224314,0.02436913911028714,10.675849776750269,5.2029130170739615,3.158316123654832,11756.628525954735,2377239.5817295755,2.641467146872348,4.226601525261404,1.600096192854773,5.826697718116177,combusting,True,False,2377239.5817295755,21970766.35534594,2898385.326842097,3184416.6774195796,2933137.3451773054,3328526.583581551,False,False,0,0,False,1.61776257092e-06,0,0,24,0,False,3.52280714792e-06,0,0
4.3,-0.7158533987173583,910.3404886108076,-1.92805465387583,133.72134635848812,133.73524541673774,133.72134635848812,5.199800507600172,0.0,133.91118247230037,32.58797451119653,90.82605913772345,93.05119485991627,93.34997968824607,0.29878482832980174,0.03223225534357,0.03223225534357,269.9952280604243,4.440680253943072,2581.6647443558745,90857.60487966142,0.3976193360776385,10055.288642206287,0.3958698937404458,182.03359305773574,0.39566146146944486,181.937749257034,0.04100135798306083,18.853731066491772,5.192006199883862,3.113659121180229,11648.223446631899,2357483.8218299444,2.5760863595558585,4.149659799211074,1.6108387763547314,5.760498575565806,combusting,True,False,2357483.8218299444,21838628.979425322,2859837.602637069,3133203.0353024164,2920878.3292465154,3322061.108916559,False,True,0,0,False,1.61776257092e-06,0,0,25,1,False,3.52280714792e-06,0,0
4.4,-0.9217359196211606,923.8739614885538,-2.189595764200194,136.94811119643597,136.96561426095965,136.94811119643597,5.281019456678054,0.0,137.15172347458784,31.947322247598912,90.91599589499867,93.12243006762773,93.53274354766681,0.4103134800390733,0.031564366667312826,0.031564366667312826,269.4076777416185,4.440574784740415,2580.955589267679,90708.78694243166,0.40730485962037527,10533.84563267257,0.3962916223990531,190.9001925190423,0.39589438247732645,190.70883551514,0.056888244014611296,27.404002811656465,5.181868469616424,3.0720832361210486,11461.891017992562,2323314.918828108,2.464880814541285,4.021201151375489,1.6313978053838822,5.652598956759371,combusting,True,False,2323314.918828108,21707755.193434294,2795064.283597467,3048458.202009476,2901195.298873502,3313896.2477346184,False,False,0,0,False,1.61776257092e-06,0,0,26,1,False,3.52280714792e-06,0,0
4.5,-1.1545245524744128,937.7288678546201,-2.4661768928648664,140.15001612489073,140.1717127250503,140.15001612489073,5.3641674368594545,0.0,140.3685909031261,32.09077632131341,91.00811223385429,93.19785711203652,93.71099609636403,0.5131389843275127,0.0306575108294482,0.0306575108294482,268.84153368668734,4.440515779517812,2580.26810173764,90556.71663364432,0.4169246407909658,11018.796427911773,0.3967802853724991,199.9349738346509,0.396153049951058,199.61891403481414,0.07181040879625965,36.1847922717656,5.172580808791577,3.03383766793935,11488.624841595652,2327803.1494740937,2.49904341712455,4.050396243976811,1.6207786612356176,5.671174905212428,combusting,True,False,2327803.1494740937,21578138.90676341,2806427.690721109,3065944.7615985596,2898184.5350844664,3305734.326175729,False,False,0,0,False,1.61776257092e-06,0,0,26,0,False,3.52280714792e-06,0,0
4.6000000000000005,-1.4158270266191666,951.9046765786011,-2.7598725900301844,143.36615835472597,143.39272038044874,143.36615835472597,5.44924126065113,0.0,143.60099202862705,32.232068275179955,91.10283712892107,93.27716492815546,93.88336959007432,0.606204661918876,0.029512189338761548,0.029512189338761548,268.27347526460125,4.44042513348631,2579.577546707764,90401.36597003756,0.4265952268084578,11516.098186071746,0.3973061935858267,209.23542693944765,0.39642335159595926,208.7704912710585,0.08554102328741323,45.04891395435229,5.164224618056665,2.9995834420652923,11514.868440194008,2332190.8622040977,2.5317446734524522,4.07833913524884,1.610880898857526,5.6892200341063655,combusting,True,False,2332190.8622040977,21449761.056922216,2817440.7513180994,3081629.6643062476,2895626.499467453,3297871.363509477,False,False,0,0,False,1.61776257092e-06,0,0,26,0,False,3.52280714792e-06,0,0
4.7,-1.7073332333653797,966.4027729866987,-3.070251544894096,146.59576980722753,146.6279174302171,146.59576980722753,5.5362492418642715,0.0,146.84819229791736,32.36016077461338,91.19980775711934,93.35992498800766,94.04850922691459,0.6885842389069265,0.028132418429441065,0.028132418429441065,267.7037171716211,4.440305693314362,2578.8836106339977,90242.75876038328,0.4363145758683975,12025.694323591491,0.39783976724312214,218.7876874129356,0.3966922190296297,218.1566056546572,0.09787135849520764,53.82329759921465,5.156868306838775,2.969592264916756,11537.619404742683,2335934.8581685834,2.5620803578980573,4.103559505313136,1.6016513661108254,5.705210871423962,combusting,True,False,2335934.8581685834,21322604.418277834,2827203.8361236383,3095658.2509604394,2892932.1690907017,3290263.148242661,False,False,0,0,False,1.61776257092e-06,0,0,26,0,False,3.52280714792e-06,0,0
4.800000000000001,-2.0306789542802464,981.2244368695742,-3.3966628734032036,149.83750785028099,149.87600234012973,149.83750785028099,5.625199060955587,0.0,150.10886966314033,32.47460008619323,91.29861423767241,93.44567463445817,94.20509430375917,0.7594196693009876,0.026526084579084647,0.026526084579084647,267.13244652357616,4.440156666396241,2578.1878294904227,90080.89941619021,0.4460789002233359,12547.417554527714,0.39835277540781877,228.57394464753258,0.3969481943878348,227.7679991536519,0.10860492639836407,62.317267426127174,5.150573739899703,2.9441238023351084,11556.723445986632,2338954.7408591504,2.590240975562789,4.126587081861571,1.5931286396876552,5.719715721549226,combusting,True,False,2338954.7408591504,21196652.09483088,2835752.181095899,3108162.5373256067,2890039.82743817,3282870.4729710273,False,False,0,0,False,1.61776257092e-06,0,0,26,0,False,3.52280714792e-06,0,0
4.9,-2.387425720102957,996.3708165022473,-3.7382724430510343,153.0900848031811,153.13572001954233,153.0900848031811,5.7160976091119275,0.0,153.38174330124303,32.57693897152765,91.39881480596269,93.53392196473047,94.35186099408044,0.8179390293499733,0.0247051549881415,0.0247051549881415,266.55979137313454,4.439981990184117,2577.487769418537,89915.7939948222,0.4558845330895063,13081.087177148167,0.3988193428103862,238.57480562417217,0.39718157427090933,237.59508807033012,0.11756295849293028,70.3264785840348,5.145395465048286,2.923387794712675,11572.555955834088,2341333.9882947756,2.616372428401488,4.147535646957016,1.5852237250073054,5.732759371964321,combusting,True,False,2341333.9882947756,21071887.544127014,2843187.925484781,3119257.9460175536,2886963.8087745192,3275654.9879618404,False,False,0,0,False,1.61776257092e-06,0,0,26,0,False,3.52280714792e-06,0,0
5.0,-2.779037852222956,1011.8429419736701,-4.0939701993489654,156.3524246252767,156.4060142008484,156.3524246252767,5.825133662938317,0.0,156.66674601725052,32.669857470099565,91.49990400790405,93.63001839270149,94.48764597054905,0.8576275778475545,0.022692743294263757,0.022692743294263757,265.985918406432,4.439777535492535,2576.7864227966684,89747.15697055234,0.46573141188086825,13626.67766001992,0.39917390717747936,248.7463134248721,0.3973671247266953,247.62041199265883,0.12368479322234285,77.07451761644394,5.141894887397897,2.9097279399310487,11585.736554323277,2343228.963925029,2.640606876141896,4.166335821683192,1.577794808960919,5.744130630644112,combusting,True,False,2343228.963925029,20948294.579551578,2849642.8429064685,3129056.7659364613,2883756.8896995424,3268588.8845870537,False,False,0,0,False,1.61776257092e-06,0,0,26,0,False,3.52280714792e-06,0,0
5.1000000000000005,-3.206859601400169,1027.6417445584368,-4.462464784195246,159.62362707005545,159.68599159272026,159.62362707005545,5.938287524862942,0.0,159.96211416330593,32.75419142518898,91.60135329271958,93.72800710334582,94.61143369249835,0.8834265891525332,0.020517323136909495,0.020517323136909495,265.4109761496401,4.439548797007264,2576.080317966308,89575.19414410357,0.47561443411506016,14183.915801000147,0.39943570249795457,259.08815016011516,0.3975143063848266,257.8418645587981,0.12768421777837047,82.82050798653557,5.139624364280407,2.9012663376425327,11596.48123012322,2344679.1499385256,2.6630783214457483,4.1831567066407445,1.570797476346759,5.753954182987503,combusting,True,False,2344679.1499385256,20825867.246251594,2855190.6009138883,3137651.943120789,2880423.633346767,3261648.192718191,False,False,0,0,False,1.61776257092e-06,0,0,26,0,False,3.52280714792e-06,0,0
5.2,-3.6721033310951503,1043.7680701363433,-4.842409809704411,162.9028844880779,162.97484071874766,162.9028844880779,6.0537871652947715,0.0,163.26688850790913,32.83095693498332,91.7026584208208,93.82668208716285,94.72236517118475,0.8956830840218949,0.018205067806757003,0.018205067806757003,264.83512566658953,4.439291803509532,2575.372340524026,89400.00621736847,0.4855308860763949,14752.637160565802,0.3995988645425552,269.5866809097446,0.3976217039617713,268.2528028487814,0.12958975528463382,87.42685504645621,5.138547075321244,2.8978668537576158,11605.021232506191,2345726.39345979,2.683937850777604,4.198180062138503,1.564186764206252,5.762366826344755,combusting,True,False,2345726.39345979,20704581.74126374,2859911.72403079,3145148.833873194,2876971.3959513307,3254813.2101642136,False,False,0,0,False,1.61776257092e-06,0,0,26,0,False,3.52280714792e-06,0,0
5.300000000000001,-4.1758404645078535,1060.2226885414293,-5.232332858549601,166.18948361363962,166.27183096036097,166.18948361363962,6.1716380979234735,0.0,166.58029600569293,32.901025575996684,91.80331261790808,93.92549946871516,94.81974153629184,0.8942420675766861,0.015785695888105144,0.015785695888105144,264.2585023207821,4.439010530849039,2574.660074603352,89221.60507272756,0.4954786060674238,15332.685503541943,0.39965828610503956,280.228030521112,0.39768773559261245,278.8463414423706,0.12936553435975698,90.70711197870197,5.138673687663716,2.899557218461156,11611.5454869802,2346404.6649475885,2.703310228215032,4.211555061985179,1.5579251755970405,5.76948023758222,combusting,True,False,2346404.6649475885,20584423.909364346,2863872.097532659,3151633.468875429,2873405.4380652867,3248066.5205375142,False,False,0,0,False,1.61776257092e-06,0,0,26,0,False,3.52280714792e-06,0,0
5.4,-4.718989854911661,1077.0063027077824,-5.630654949526583,169.48279971342342,169.57630634573047,169.48279971342342,6.291845357289248,0.0,169.90163451911351,32.96529641945995,91.9028134424862,94.02392142521487,94.90304401103333,0.879122585818464,0.013292353297861095,0.013292353297861095,263.6812307445347,4.438702149218602,2573.9441975761047,89040.00373018735,0.5054556425053897,15923.904988803963,0.3995689752422654,290.9684246227122,0.3976656372988491,289.5824029913162,0.12710354491609477,92.55753204005576,5.1399710190435925,2.906211644529592,11616.226641249481,2346744.971158294,2.721310621216342,4.223417942737643,1.5519793697236612,5.775397312461303,combusting,True,False,2346744.971158294,20465378.47487772,2867132.4267898947,3157185.451852428,2869731.4374212725,3241393.832466271,False,False,0,0,False,1.61776257092e-06,0,0,26,0,False,3.52280714792e-06,0,0
5.5,-5.302308188957683,1094.119557083876,-6.035711731393901,172.7822878084501,172.88767682060677,172.7822878084501,6.414413559047818,0.0,173.2302646770182,33.02446548090422,92.00066945570211,94.12142286502842,94.97195336216974,0.8505304971413267,0.010761547957004883,0.010761547957004883,263.1034256945562,4.4383680093609135,2573.224557246878,88855.21623722881,0.515460229838958,16526.139864236662,0.3993447969066659,301.8032967587274,0.39756531203305845,300.4584578988072,0.12282986202363388,92.82819655170404,5.142432540484923,2.9177974766846644,11619.22169045578,2346775.4780699597,2.7380452257809544,4.23389289106338,1.5463195608304006,5.780212451893782,combusting,True,False,2346775.4780699597,20347430.284404285,2869748.4025499276,3161877.8100523488,2865955.1031550043,3234783.047315608,False,False,0,0,False,1.61776257092e-06,0,0,26,0,False,3.52280714792e-06,0,0
5.6000000000000005,-5.926381486361046,1111.563043131345,-6.445754216673279,176.0874331409263,176.2053684130593,176.0874331409263,6.539346939353651,0.0,176.5655599549143,33.078441168516235,92.09639997104411,94.21749167669155,95.02637272667192,0.8088810499803718,0.008234393791115761,0.008234393791115761,262.5251859108061,4.43801029577685,2572.500596642195,88666.973383493,0.525490637885164,17139.181406661264,0.3990354918662981,312.7563427753893,0.397429649366221,311.4977143134236,0.11655646247769752,91.35471323832986,5.146057608557109,2.934302995359545,11620.510191163241,2346474.3239775095,2.7536134273910244,4.24320360057781,1.5409583488987169,5.784161949476528,combusting,True,False,2346474.3239775095,20230564.703255646,2871751.02525746,3165776.5372579363,2862060.9028635817,3228223.074581246,False,False,0,0,False,1.61776257092e-06,0,0,26,0,False,3.52280714792e-06,0,0
5.7,-6.591618373336324,1129.3373032760758,-6.858983522832335,179.3977697536881,179.5288429405252,179.3977697536881,6.666649383158379,0.0,179.90692743222786,33.128291088049345,92.18954497434805,94.3116382336771,95.06645262133128,0.7548143876541786,0.005756128722047477,0.005756128722047477,261.94660034583035,4.437626457934903,2571.7740329270655,88475.42422950233,0.5355452389232824,17762.877759958563,0.39865824696032515,323.83113720150595,0.3972645193809913,322.6990086417531,0.10841371280199207,88.06474260245396,5.15080134672829,2.9555527923472313,11620.369144765056,2345907.830326495,2.7681020778397842,4.251347090331683,1.5358346516070018,5.787181741938685,combusting,True,False,2345907.830326495,20114765.349946395,2873203.933841338,3168943.483133782,2858072.312059741,3221704.6070134905,False,False,0,0,False,1.61776257092e-06,0,0,26,0,False,3.52280714792e-06,0,0
5.800000000000001,-7.298247547200306,1147.4428372292116,-7.273599954447238,182.71290930902697,182.85762900263705,182.71290930902697,6.796324469482968,0.0,183.25384034574506,33.17450001880081,92.27967823261514,94.40340798538024,95.09261096472683,0.6892029793465837,0.003374855660348307,0.003374855660348307,261.36775960177954,4.43722090784,2571.042149860131,88280.73047080507,0.5456226017336653,18397.08520241843,0.39823463452133023,335.0368469701575,0.3970776432727793,334.06346427994396,0.09857514806836903,82.93177924652312,5.156599885096178,2.981263892483125,11618.936674296865,2345103.503761398,2.7815930595169576,4.258401345537161,1.5309217611711545,5.789323106708316,combusting,True,False,2345103.503761398,20000019.159124266,2874152.3300718344,3171434.1398163876,2853997.487220313,3215220.2042381386,False,False,0,0,False,1.61776257092e-06,0,0,26,0,False,3.52280714792e-06,0,0
5.9,-8.046319533838345,1165.8801078340023,-7.687839778313571,186.03250278678965,186.19128597647617,186.03250278678965,6.9283755132939095,0.0,186.6058033464327,33.21736953663051,92.3664159507031,94.49239040929541,95.10554717756267,0.6131567682672565,0.001140734474135709,0.001140734474135709,260.7887477217827,4.436788812956424,2570.3080567376082,88082.90973936449,0.5557213870078981,19041.635347639254,0.3977894490491512,346.38735452955916,0.3968784288367934,345.59405575797064,0.08725457416561817,75.97959470286807,5.163368749613332,3.011106243915904,11616.318107137855,2344080.0922072944,2.7941616945575043,4.26445172980942,1.5262007700255005,5.790652499834922,combusting,True,False,2344080.0922072944,19886312.920028925,2874634.846502675,3173299.7651865226,2849841.2897593933,3208763.702976741,False,False,0,0,False,1.61776257092e-06,0,0,26,0,False,3.52280714792e-06,0,0
6.0,-8.835712351138438,1184.6495443044696,-8.100016567688346,189.35622662256037,189.52939304796834,189.35622662256037,7.062805588699125,0.0,189.9623429432283,33.25710717907237,92.44942565666331,94.57822786370477,95.10625101589422,0.5280231521894521,-0.0008950485483914077,-0.0008950485483914077,260.2096426840295,4.436335027874973,2569.5687731722946,87881.9804013358,0.5658403200355223,19696.35557561975,0.39734920763825876,357.90086862173007,0.39667763076289075,357.29596506984154,0.07470167447087384,67.28538440918035,5.171001538777298,3.044618777050662,11612.610057453207,2342854.783726432,2.805877764124546,4.269576742753149,1.5216545771676862,5.7912313199208345,combusting,True,False,2342854.783726432,19773633.142437156,2874687.154038583,3174587.910198182,2845608.4218821777,3202329.9486056073,False,False,0,0,False,1.61776257092e-06,0,0,26,0,False,3.52280714792e-06,0,0
6.1000000000000005,-9.666141398165562,1203.7515443062218,-8.508564372854048,192.6837734124821,192.87154327209535,192.6837734124821,7.19961754385113,0.0,193.32300306895982,33.29382861976241,92.5284346507874,94.66062394080632,95.09600482753932,0.4353808867329962,-0.002681545903063168,-0.002681545903063168,259.6305167162915,4.435856948606854,2568.825967682879,87677.86992585631,0.5759781767233247,20361.051317795682,0.3969403638976858,369.5983189018625,0.3964867957148491,369.17599340128174,0.06119621281853074,56.980895464487276,5.179369072435373,3.0812769325674223,11607.89979806264,2341442.860991464,2.816805112179818,4.273847233710572,1.5172676360286796,5.791114869739251,combusting,True,False,2341442.860991464,19661967.928661387,2874341.363953837,3175341.510446132,2841302.882854604,3195914.0357866213,False,False,0,0,False,1.61776257092e-06,0,0,26,0,False,3.52280714792e-06,0,0
6.2,-10.537173673625094,1223.1864751868516,-8.912081136336662,196.0148442001122,196.21733954208764,196.0148442001122,7.338814009759366,0.0,196.68734260201816,33.32758713334639,92.60323763217137,94.73935097804608,95.07637787201328,0.33702689396719404,-0.004169554018373201,-0.004169554018373201,259.05143671709106,4.435355713269855,2568.0789784480903,87470.30805781213,0.586133775193899,21035.48204050931,0.3965873262581619,381.5011268739658,0.39631747825716473,381.24154390282945,0.04704101000067368,45.25156790528467,5.188319226571258,3.1204455586465087,11602.270575176459,2339858.3839406804,2.8270024534469913,4.277328206583136,1.513025997330759,5.790354203913896,combusting,True,False,2339858.3839406804,19551305.048522983,2873627.112268932,3175600.2439473285,2836928.6528478307,3189511.9931530375,False,False,0,0,False,1.61776257092e-06,0,0,26,0,False,3.52280714792e-06,0,0
6.300000000000001,-11.448288707432285,1242.9546706922224,-9.310219539807067,199.3490659073039,199.56635554620422,199.3490659073039,7.368355046409147,0.0,200.0455571322257,33.35684701091991,92.67394758136466,94.78252320228374,95.04902841117836,0.26650520889461343,-0.005377208785917091,-0.005377208785917091,258.47246462864325,4.434832446562796,2567.3271431271814,87259.69100901594,0.5962780295041077,21717.492585574855,0.39638202296543673,393.66622612672774,0.3962140788180013,393.49943264243615,0.037027807385119786,36.7741127258905,5.194771715689039,3.149354617182939,11595.79132029241,2338114.563583828,2.8365239914289875,4.280079942563919,1.5089172365532135,5.788997179117132,combusting,True,False,2338114.563583828,19441631.287006438,2872572.1751602893,3175401.27473481,2832489.994572266,3183121.012903457,False,False,0,0,False,1.61776257092e-06,0,0,26,0,False,3.52280714792e-06,0,0
6.4,-12.398975092110367,1263.0564251085189,-9.703508153754639,202.6860224186244,202.91816516609126,202.6860224186244,7.313344784108659,0.0,203.3991075884847,33.382283215869286,92.74091860725322,94.79911075937052,95.01534497802673,0.2162342186562067,-0.006380527451512251,-0.006380527451512251,257.89365769916606,4.434282924926398,2566.5714271715647,87046.04016979103,0.606415410395509,22407.213904555163,0.3962036363615179,405.98579880208456,0.39609302059402623,405.87245196070364,0.030057459315406137,30.79956999433423,5.199355739117879,3.17062915122868,11588.530441320789,2336223.563738664,2.8454197055446295,4.282157875072698,1.5049301397359474,5.787088014808646,combusting,True,False,2336223.563738664,19332933.39138562,2871202.2080839993,3174778.9992029844,2827991.028199637,3176738.8753685444,False,False,0,0,False,1.61776257092e-06,0,0,26,0,False,3.52280714792e-06,0,0
6.5,-13.388739964588373,1283.4919957986524,-10.091789295805535,206.02539138404717,206.27240752495413,206.02539138404717,7.257421003495109,0.0,206.75458155252372,33.405096093050105,92.80429099305144,94.81346906069248,94.97644016493267,0.16297110424018088,-0.007199814215774187,-0.007199814215774187,257.3150689265053,4.433712729676121,2565.8098318529273,86829.37761703931,0.6165656808624996,23105.940706700494,0.3960111547526533,418.4423177000818,0.3959481748355054,418.375770426896,0.022705004682130697,23.991078707154326,5.204239091791226,3.193229847140922,11580.551407930367,2334196.673411673,2.8537357291445145,4.283613180271232,1.5010546129144768,5.784667793185709,combusting,True,False,2334196.673411673,19225198.735134657,2869541.038298964,3173764.878990505,2823435.827543066,3170363.734145663,False,False,0,0,False,1.61776257092e-06,0,0,26,0,False,3.52280714792e-06,0,0
6.6000000000000005,-14.417047393727785,1304.261610788269,-10.474359286982587,209.36690840828393,209.62875408425143,209.36690840828393,7.200583080555771,0.0,210.1116510908868,33.425244392233694,92.86404688671747,94.82551920473946,94.93344487360804,0.10792566886857022,-0.00780837371360465,-0.00780837371360465,256.736747434641,4.433117450633954,2565.0452573274106,86609.62276155951,0.6267279940549402,23813.459552878325,0.39584213420137987,431.0712290436748,0.3958144481359936,431.04107897827686,0.01507082818807947,16.412099340684158,5.209337595677058,3.2168261294782563,11571.913025287407,2332044.0908545163,2.861514099487055,4.284492271751367,1.4972815519306335,5.781773823682002,combusting,True,False,2332044.0908545163,19118414.807683818,2867610.302085803,3172387.988147204,2818828.104858598,3163994.194959901,False,False,0,0,False,1.61776257092e-06,0,0,26,0,False,3.52280714792e-06,0,0
6.7,-15.483297820721042,1325.365471661331,-10.850649252882619,212.7103090529552,212.98688261630764,212.7103090529552,7.142830463637967,0.0,213.46999997590424,33.442768501819906,92.92020635323819,94.83522350919193,94.88763526091145,0.05241175171952001,-0.008182197698773482,-0.008182197698773482,256.1587387935901,4.4325012441031495,2564.2752111251066,86386.49565253606,0.6369015355787622,24529.504871384845,0.3957002279910942,443.87389864897716,0.3956936820812621,443.8665558214733,0.007336878193232528,8.230090601858539,5.214530655560151,3.2409010006506485,11562.67183494783,2329775.105551055,2.8687933860766206,4.284837551543817,1.4936027015189781,5.778440253062795,combusting,True,False,2329775.105551055,19012569.551434804,2865429.795525575,3170675.047654876,2814171.2887317776,3157629.1143991565,False,False,0,0,False,1.61776257092e-06,0,0,26,0,False,3.52280714792e-06,0,0
6.800000000000001,-16.5868434322169,1346.8037535864964,-11.220262977034439,216.05532945035316,216.3464806396777,216.05532945035316,7.08416267337688,0.0,216.82932777254112,33.457639446836005,92.97283437362589,94.84259223893186,94.84041076366188,-0.002181475269978735,-0.008302261593306978,-0.008302261593306978,255.58108526298935,4.431862244716749,2563.5007967131196,86160.42133009425,0.6470855443829383,25253.96729831136,0.3955864916355419,456.8520646604091,0.39558648025956705,456.8520515226056,-0.0003063172566792432,-0.3537574566220389,5.219273333030404,3.2632038471349176,11552.871004651437,2327398.426591466,2.875609293627216,4.284688404961844,1.490010626428757,5.7746990313906,combusting,True,False,2327398.426591466,18907650.893091362,2863018.0362287513,3168650.856596406,2809468.8230890804,3151267.7409649477,False,False,0,0,False,1.61776257092e-06,0,0,26,0,False,3.52280714792e-06,0,0
6.9,-17.727005752484644,1368.576605294142,-11.58298342832052,219.40170470255586,219.70724505916564,219.40170470255586,7.024579302758433,0.0,220.1893490093891,33.469865597981766,93.02203906814002,94.84768164178224,94.79325981611701,-0.05442182566522429,-0.008156524008551476,-0.008156524008551476,255.00382605013263,4.431200434656893,2562.722014961879,85931.42440377413,0.6572792998909645,25986.64930700981,0.39549907311511323,470.002622090288,0.3954919118201917,469.99411176088535,-0.0077273028221324265,-9.182961061025907,5.214306413503811,3.2453625314832912,11542.555109584873,2324921.9966454967,2.881994613960362,4.284080859000961,1.4864985653508522,5.770579424351814,combusting,True,False,2324921.9966454967,18803647.24044653,2860391.980219429,3166338.1989935813,2804723.8775845314,3144909.4657781622,False,False,0,0,False,1.61776257092e-06,0,0,26,0,False,3.52280714792e-06,0,0
7.0,-18.903093984070967,1390.6841490171598,-11.938781203406041,222.7491697578017,223.06888425868087,222.7491697578017,6.9640800172813,0.0,223.54979487827433,33.47943550774399,93.06797053849262,94.85059259701902,94.7477143351265,-0.10287826189252086,-0.007741848045228089,-0.007741848045228089,254.4269975713023,4.430518153629273,2561.9374741966144,85699.53006474419,0.6674821308063743,26727.352358424243,0.39543313214883835,483.31861143809806,0.39540726319033087,483.28699307309853,-0.014762143474000924,-18.043047245263732,5.2096797218973405,3.229016030949306,11531.764155164623,2322352.9476063303,2.887979463899912,4.283047668493876,1.4830602925098615,5.766107961003737,combusting,True,False,2322352.9476063303,18700548.033329234,2857566.9891020544,3163757.7095709415,2799939.2062326632,3138553.555756084,False,False,0,0,False,1.61776257092e-06,0,0,26,0,False,3.52280714792e-06,0,0
7.1000000000000005,-20.114425455669565,1413.126480409316,-12.287848228565773,226.09745808531747,226.43111925424506,226.09745808531747,6.902664555180334,0.0,226.91041477540207,33.48633104339806,93.11082622574102,94.85147578821642,94.70529755063274,-0.1461782375836868,-0.007064402905273213,-0.007064402905273213,253.8506337320984,4.429811066013092,2561.1496844019966,85464.44876330541,0.6776934164794713,27475.795547802667,0.39538164548939037,496.78823897737556,0.3953288874468509,496.72194967096976,-0.021183277165427512,-26.616316358733894,5.205524852550765,3.2147276690330413,11520.538928938657,2319697.7513608555,2.89359154451075,4.281618767773077,1.4796901020447981,5.761308869817875,combusting,True,False,2319697.7513608555,18598343.208915044,2854557.0857277466,3160928.2393471524,2795117.2821343276,3132199.294101758,False,False,0,0,False,1.61776257092e-06,0,0,26,0,False,3.52280714792e-06,0,0
7.2,-21.360348890145055,1435.9036684773869,-12.630620460944076,229.4463032761028,229.79368716372034,229.4463032761028,6.840332727612272,0.0,230.27097972853701,33.490572773120306,93.15085302220999,94.85053363808161,94.66747077535634,-0.1830628627252891,-0.006139632574432058,-0.006139632574432058,253.27475510587547,4.429084212140775,2560.3556890269074,85226.2927282728,0.687912604417807,28231.79654674403,0.3953362854603723,510.3988863931968,0.39525276262552367,510.29105424253675,-0.026772796886711015,-34.56501773090667,5.201963267306331,3.202979921945944,11508.928211461427,2316965.358236174,2.898862047921902,4.279830584023945,1.4763829783110975,5.756213562335042,combusting,True,False,2316965.358236174,18497008.726913393,2851380.4104380645,3157873.867428177,2790263.5381051362,3125849.2901481693,False,False,0,0,False,1.61776257092e-06,0,0,26,0,False,3.52280714792e-06,0,0
7.300000000000001,-22.64026875864272,1459.0157553794531,-12.967776909009057,232.79543476521832,233.15633743368173,232.79543476521832,6.777084419207727,0.0,233.63127786406838,33.49205700994508,93.18834347325506,94.84801641710095,94.6355798719175,-0.21243654518344612,-0.004992392754431201,-0.004992392754431201,252.6994005275929,4.428333849125773,2559.5576171658176,84985.31336931758,0.6981391943543439,28995.21408569263,0.39528839972962937,524.1371156889919,0.39517494350175103,523.9866771229277,-0.031332691696252635,-41.54593624219452,5.199101858396536,3.1942312858299347,11496.946783092397,2314158.9795773677,2.9038089378003664,4.277700947336673,1.4731344378935032,5.750835385230176,combusting,True,False,2314158.9795773677,18396546.27309286,2848044.7346266606,3154605.0982997417,2785378.044824995,3119501.0491128806,False,False,0,0,False,1.61776257092e-06,0,0,26,0,False,3.52280714792e-06,0,0
7.4,-23.95365857761611,1482.4627563776512,-13.30001947045888,236.14458519874265,236.5188272349599,236.14458519874265,6.734782624898718,0.0,236.99295013499108,33.49095166128308,93.22357914331275,94.8494324120041,94.61084637348011,-0.23858603852398974,-0.003641226910957319,-0.003641226910957319,252.12460899023893,4.427560943385031,2558.7536799246245,84741.53826419092,0.7083782214958934,29766.311950884083,0.3952415950068914,538.0122909246484,0.3950972958072676,537.8158674106535,-0.035475771058418294,-48.29046613660482,5.1965283030969855,3.1867690000495417,11484.60316471146,2311279.201358887,2.908449075623803,4.275252492830176,1.4699423581666877,5.745194850996863,combusting,True,False,2311279.201358887,18296957.410630435,2844556.417699223,3151132.0458592055,2780459.78545796,3113152.2600025474,False,False,0,0,False,1.61776257092e-06,0,0,26,0,False,3.52280714792e-06,0,0
7.5,-25.300061072742476,1506.2446606833028,-13.62803043206856,239.49350091428823,239.88092919955008,239.49350091428823,6.716108876358931,0.0,240.35602964016294,33.48736265032765,93.25682108041285,94.85542066964472,94.59441050506997,-0.26101016457474396,-0.0020959734726733103,-0.0020959734726733103,251.55039433906796,4.426766242673524,2557.943859246807,84494.84652561472,0.7186299178725968,30544.92000397511,0.3951920616432097,552.0160808932882,0.39501799067548793,551.7729333639589,-0.03911116066770477,-54.631637946376934,5.194295718319543,3.180810093850059,11471.947901810552,2308335.403404436,2.9128081708096945,4.272511111306242,1.466801402894507,5.739312514200749,combusting,True,False,2308335.403404436,18198218.618306585,2840931.42459229,3147475.1091999537,2775514.502989121,3106805.8746766844,False,False,0,0,False,1.61776257092e-06,0,0,26,0,False,3.52280714792e-06,0,0
7.6000000000000005,-26.679108054856734,1530.3614316490207,-13.952909210216426,242.84191840006943,243.2424325804495,242.84191840006943,6.697172187739827,0.0,243.71832757092398,33.48098706579198,93.28841423037439,94.86045830014614,94.58728722356106,-0.2731710765850623,-0.0003905208448653271,-0.0003905208448653271,250.9767800548878,4.425947933445999,2557.1298667714686,84244.99149363821,0.7288878694280816,31330.252898993574,0.3951209349229366,566.106923685121,0.39492889478696286,565.8317794419506,-0.04122072777530157,-59.058726912278296,5.193035735193687,3.1789797005706126,11459.014185877104,2305333.1601920347,2.916905208449047,4.269495751336821,1.4637074043304144,5.733203155667236,combusting,True,False,2305333.1601920347,18100319.482520457,2837180.1866831086,3143647.675701797,2770544.9119163547,3100462.265661823,False,False,0,0,False,1.61776257092e-06,0,0,26,0,False,3.52280714792e-06,0,0
7.7,-28.0905627140482,1554.8130054056799,-14.276183973612977,246.18955673311626,246.6031371927306,246.18955673311626,6.677972609191974,0.0,247.07969265511275,33.471779595366094,93.31878449670853,94.86494278950977,94.59022342513323,-0.27471936437653627,0.0014154485435947258,0.0014154485435947258,250.40378795963773,4.425110046694525,2556.309397432668,83992.42210989923,0.7391517581415696,32122.23403826311,0.39502389429297524,580.2746967532466,0.3948284120373213,579.9875409425247,-0.04171671028765525,-61.280220668774554,5.192790663444305,3.181436455655949,11445.820908821635,2302276.9517194075,2.9207577143459993,4.266225983916673,1.4606572681335686,5.726883252050241,combusting,True,False,2302276.9517194075,18003249.546924237,2833312.197178442,3139662.2953083385,2765553.3387872446,3094121.954582175,False,False,0,0,False,1.61776257092e-06,0,0,26,0,False,3.52280714792e-06,0,0
7.800000000000001,-29.534348507519038,1579.5992898856045,-14.599531895803628,249.53613286537586,249.96285311418396,249.53613286537586,6.6585102130076725,0.0,250.43998474625914,33.45974304969184,93.34836907400293,94.86928429306403,94.6036034164472,-0.2656808766168231,0.003255049502745325,0.003255049502745325,249.8314383065511,4.424248051270112,2555.4849328627156,83737.16819585211,0.7494212944021665,32920.667759809025,0.39490046669338635,594.5122503413099,0.39471656705793323,594.2353942843251,-0.040574427357164274,-61.08373159545249,5.193568853604246,3.1882337436143136,11432.390543352847,2299170.830175042,2.9243817404429007,4.262719635211395,1.4576481504654046,5.7203677856768,combusting,True,False,2299170.830175042,17906998.718265284,2829336.0849475437,3135530.5478959596,2760541.860209601,3087785.4398350995,False,False,0,0,False,1.61776257092e-06,0,0,26,0,False,3.52280714792e-06,0,0
7.9,-31.010560900604556,1604.720164808978,-14.924715965906831,252.88136560209878,253.32140102140076,252.88136560209878,6.638785093631634,0.0,253.79907337641535,33.44491168419093,93.37760138163274,94.87389051990866,94.62741334277307,-0.2464771771355968,0.005056182678123666,0.005056182678123666,249.2597499062225,4.423365643849724,2554.654378958512,83479.14830980088,0.7596962159364875,33725.32199124659,0.39475409366368774,608.8177032071541,0.3945949797838688,608.5723065199135,-0.03783627283765877,-58.35377795111033,5.195342082589755,3.199239281972775,11418.745387155159,2296018.5361566055,2.9277921499465522,4.2589931781873664,1.454677436123707,5.713670614311074,combusting,True,False,2296018.5361566055,17811557.27795392,2825259.8269112804,3131263.114000045,2755512.4028392164,3081453.1852604863,False,False,0,0,False,1.61776257092e-06,0,0,26,0,False,3.52280714792e-06,0,0
8.0,-32.51947233783777,1630.1754820589085,-15.253512778757512,256.2249793965103,256.6786117284295,256.2249793965103,6.61879736736647,0.0,257.15683544846786,33.42736420293003,93.4068951794369,94.87915080783951,94.66121825986373,-0.21793254797577122,0.006743959453794163,0.006743959453794163,248.68874029192656,4.4224616067263005,2553.8183593734543,83218.01626866078,0.7699762789621751,34535.871298255326,0.3945916443283377,623.1933738252469,0.3944666471888252,622.9959611577184,-0.03361278566474839,-53.08593226228919,5.198043815073428,3.2141823802201706,11404.908220525316,2292823.2197987423,2.931002526120553,4.255061174093674,1.4517425816502563,5.70680375574393,combusting,True,False,2292823.2197987423,17716916.945985943,2821090.3298722496,3126869.290190608,2750466.363772064,3075125.177047892,False,False,0,0,False,1.61776257092e-06,0,0,26,0,False,3.52280714792e-06,0,0
8.1,-34.061529654593215,1655.9650662986912,-15.587633556351479,259.56670539914666,260.03432248773333,259.56670539914666,6.598547171888016,0.0,260.5131497008807,33.407155848062175,93.4366284668613,94.88542000136076,94.7041544198292,-0.1812655815315528,0.008243587737412333,0.008243587737412333,248.11842579292983,4.421534767559668,2552.9774674403097,82954.2881681447,0.7802612551114717,35352.27236602744,0.3944224002425426,637.6515671018891,0.3943355354780312,637.5111352877159,-0.028080686147618585,-45.39725308784322,5.201568600965063,3.2326308885428716,11390.889936543668,2289588.119903624,2.934025647735877,4.25093780723596,1.448841393229236,5.699779200465197,combusting,True,False,2289588.119903624,17623068.25966775,2816834.490121809,3122358.2995786946,2745405.463527272,3068801.9059172436,False,False,0,0,False,1.61776257092e-06,0,0,26,0,False,3.52280714792e-06,0,0
8.200000000000001,-35.63734343907541,1682.0887158395897,-15.92864213329188,262.9062854188136,263.38837588802045,262.9062854188136,6.57803466556394,0.0,263.8678938659397,33.38444454283387,93.4671279208524,94.89300285149415,94.75493929050721,-0.1380635609869383,0.009483676333202838,0.009483676333202838,247.54881751210712,4.420588478024274,2552.1298273508396,82687.9959560636,0.7905509070758281,36174.32537578236,0.3942566181665786,652.2047509919,0.39420600818113516,652.1210286865971,-0.021477897154041605,-35.53012408599007,5.205772939022896,3.2539762163225134,11376.710390257655,2286316.84819324,2.9368741735339663,4.246637819462288,1.4459719989815811,5.692609818443868,combusting,True,False,2286316.84819324,17529998.349862404,2812499.708161065,3117740.0621168115,2740332.010048981,3062484.6635809033,False,False,0,0,False,1.61776257092e-06,0,0,26,0,False,3.52280714792e-06,0,0
8.3,-37.24766922973146,1708.5462040947314,-16.27787367982914,266.24347968402253,266.74062241397166,266.24347968402253,6.557260026312134,0.0,267.2209456716181,33.35944075813556,93.49865461746387,94.90213967867996,94.81190157695173,-0.09023810172822895,0.01039991262521921,0.01039991262521921,246.9799335458976,4.4196176393455096,2551.2781392063816,82418.97127148973,0.8008449946915353,37001.75564344542,0.39410393003458977,666.8645352394428,0.3940822187849341,666.8277975636479,-0.014095676714012004,-23.851340178084595,5.2104778205839795,3.277497642927766,11362.385128732207,2283011.728334867,2.939558215708124,4.2421720242258045,1.4431325093535825,5.685304533579387,combusting,True,False,2283011.728334867,17437701.032080285,2808091.1155974264,3113021.5006960426,2735247.023375698,3056173.4242761843,False,False,0,0,False,1.61776257092e-06,0,0,26,0,False,3.52280714792e-06,0,0
8.4,-38.89333930697732,1735.3372849271193,-16.635527865088157,269.57813696373626,270.090934161421,269.57813696373626,6.609965757473908,0.0,270.5785004441327,33.333704833084035,93.53121520025798,94.92837557113202,94.87321686697238,-0.05515870415963951,0.011003161228290821,0.011003161228290821,246.41178696062653,4.418625320653139,2550.4188581258322,82147.02183684574,0.8111622164330423,37836.036840213805,0.39397893307829657,681.6841003607809,0.3939707808750483,681.669994968663,-0.008657692529266925,-14.980017578352834,5.213951806906394,3.296006988202465,11347.932260168249,2279675.488933458,2.942088040454753,4.237552025626784,1.440321284529539,5.677873310156324,combusting,True,False,2279675.488933458,17346166.888042565,2803614.4380951985,3108210.2847009036,2730152.0950427977,3049868.872200608,False,False,0,0,False,1.61776257092e-06,0,0,26,0,False,3.52280714792e-06,0,0
8.5,-40.57517106817584,1762.461699998494,-17.001107358882493,272.91016446376074,273.43919894386977,272.91016446376074,6.696267300779223,0.0,273.9370793328229,33.30684516418213,93.56466956687983,94.96266780516811,94.93724799728244,-0.025419807885673256,0.01134791972538716,0.01134791972538716,245.8443961445289,4.417610731457982,2549.5538562607326,81872.60292897536,0.8214922916075138,38676.216323287255,0.39386647660458846,696.6225422802901,0.3938647361011425,696.6194638920356,-0.004010433775070782,-7.093161611825286,5.21692107328352,3.3125169574203808,11333.355334984562,2276309.908682069,2.9444720133089186,4.23278651599736,1.4375366778374192,5.670323193834778,combusting,True,False,2276309.908682069,17255391.110567864,2799073.724875089,3103312.0775098447,2725047.8719701227,3043570.8318833215,False,False,0,0,False,1.61776257092e-06,0,0,26,0,False,3.52280714792e-06,0,0
8.6,-42.29405881879507,1789.920313809358,-17.37664765350232,276.2621117535211,276.80806034902406,276.2621117535211,6.783632161649642,0.0,277.3165583070391,33.73210062724029,93.59911353205993,94.99803993469041,95.00252729755314,0.00448736286273495,0.011438854737049238,0.011438854737049238,245.2756522333381,4.416835372228722,2548.5299552023753,81595.74804179635,0.8318949924907506,39527.80636094188,0.39376188930428413,711.7720313955984,0.39376183475325,711.7719327880352,0.0007119409148157277,1.2869189348602557,5.219026585748828,3.3244559200998975,11430.358818684443,2293144.182013457,2.9551565078555306,4.270053016994043,1.4449498717388387,5.715002888732882,combusting,True,False,2293144.182013457,17079284.723916747,2825144.4715122506,3136144.4210588178,2746515.4908561036,3068739.2391635366,False,False,0,0,True,3.63382692588e-06,1,1,26,0,True,7.7264555148e-06,1,1
8.700000000000001,-44.05112980627314,1817.7164863621979,-17.764772096058522,279.66133930326913,280.2250021474228,279.66133930326913,6.872071030579297,0.0,280.74443670381925,34.2524503634831,93.63468448971568,95.03449055209873,95.06756958790984,0.03307903581110928,0.011265187658200981,0.011265187658200981,244.7013135007399,4.416087742692837,2547.4547734433218,81316.02161310316,0.8424530656652717,40398.54941808133,0.3936639802728082,727.2705065249961,0.39366099272325267,727.264987207031,0.005288334828862851,9.76988025929007,5.216125001939991,3.3155294622758147,11550.385671818844,2314107.8380038263,2.9670158578445243,4.315695882962875,1.4545577407524,5.770253623715274,combusting,True,False,2314107.8380038263,16884436.067165285,2857529.549833167,3176235.8094335585,2773519.7219121484,3100252.771191179,False,False,0,0,True,3.63382692588e-06,1,0,26,0,True,7.7264555148e-06,1,0
8.8,-45.84748876106759,1845.8532368767408,-18.162406999830626,283.07367098759056,283.65573541604647,283.07367098759056,6.961593513796428,0.0,284.1864152421776,33.99418331840765,93.6711460955817,95.07195584090026,95.13087052085378,0.05891467995351091,0.010831006330911011,0.010831006330911011,244.08939481951694,4.415203972582889,2546.344148738638,81033.58573439502,0.8530638695119765,41278.755928803315,0.39357184918039695,742.9424136941356,0.39356230040411644,742.9243885459639,0.009488730942447591,17.911801070012526,5.213484870213981,3.308250715421021,11477.473334093378,2300692.363756288,2.8125026143793406,4.19777078311498,1.4925393354847916,5.690310118599772,combusting,True,False,2300692.363756288,16693059.670928642,2814824.808021345,3113301.330606032,2784411.0208249222,3129628.9270977387,False,True,0,0,True,3.63382692588e-06,1,0,27,1,True,7.7264555148e-06,1,0
8.9,-47.68384593315504,1874.3294123361404,-18.564736441918626,286.4498382004034,287.0507955818886,286.4498382004034,7.052195942756182,0.0,287.59300587781735,33.5291609332852,93.70813799149728,95.1103118317657,95.19099192376308,0.08068009199737813,0.010155322302801587,0.010155322302801587,243.4800156635266,4.414357985059248,2545.236301458928,80748.75602330045,0.8635789804706726,42153.95929584979,0.39348404158620587,758.5252119942656,0.39346600409206084,758.4904408406121,0.013086538604638145,25.227120849269728,5.211242029879888,3.3024618517225033,11354.231076196162,2278038.986771518,2.639630033248472,4.0512203795691875,1.5347682548465083,5.585988634415695,combusting,True,False,2278038.986771518,16505061.386480473,2756908.0222670143,3031998.3398532993,2789521.337239816,3156349.9938333477,False,True,0,0,True,3.63382692588e-06,1,0,27,0,True,7.7264555148e-06,1,0
9.0,-49.56078970835928,1903.143115519971,-18.97413906216633,289.82422547620814,290.444658456709,289.82422547620814,7.143872281086886,0.0,290.9986807348278,33.95858457857693,93.74568033780616,95.14939886066107,95.2466459011373,0.09724704047623367,0.009271580637410263,0.009271580637410263,242.91723301273623,4.413669392839245,2544.1687462370473,80461.5239709739,0.8741019622728463,43033.883189841334,0.3933957437878147,774.1849398614137,0.39336935538029166,774.1330086750348,0.015881295765951892,31.25366809793539,5.2095154032994095,3.2981600101954593,11451.635359664238,2294929.5840380015,2.6541072478889727,4.089912810329404,1.5409749600670597,5.630887770396463,combusting,True,False,2294929.5840380015,16320357.355387429,2782981.6788198366,3065308.646638009,2810549.7000868986,3180969.128991159,False,False,0,0,True,3.63382692588e-06,1,0,28,1,True,7.7264555148e-06,1,0
9.1,-51.47919135990634,1932.2964940891084,-19.393893968775,293.24334590654126,293.8839618654538,293.24334590654126,7.236629361984672,0.0,294.45007164430024,34.42382402438811,93.78379401663476,95.18901011883851,95.29677318147124,0.10776306263273228,0.00822614110053968,0.00822614110053968,242.35153174422314,4.412943055642829,2543.092171866469,80171.32506007144,0.8847730913928572,43932.021578000735,0.39330261413131107,790.1554618057218,0.3932699906397677,790.0899203394309,0.01771519857240809,35.590307325767675,5.208395753271337,3.296530035758425,11557.235963200035,2313255.0629198975,2.67712798485969,4.136549544321788,1.5451444860745376,5.681694030396326,combusting,True,False,2313255.0629198975,16138868.10718211,2812491.1704458594,3102360.9212106788,2831661.1654312024,3204102.7776361005,False,False,0,0,True,3.63382692588e-06,1,0,28,0,True,7.7264555148e-06,1,0
9.200000000000001,-53.44003207265619,1961.7940522680362,-19.82292028622142,296.7078176720087,297.3692607455583,296.7078176720087,7.330481516506016,0.0,297.9477073198354,34.86561128212819,93.8222260112374,95.22889409272693,95.34061104782384,0.1117169550969048,0.0070761609974976675,0.0070761609974976675,241.78091363925864,4.412171313802205,2542.004254223625,79878.76388214454,0.8955943012949557,44848.953897449166,0.39320196434696275,806.4408552973002,0.3931666721091588,806.3684723871913,0.018483488970429392,37.90886619538434,5.207942825231384,3.2978512699095663,11656.439541239371,2330394.3285589293,2.6983730663773176,4.180101987491636,1.5491193710673976,5.729221358559033,combusting,True,False,2330394.3285589293,15960513.352395486,2840188.965936486,3137145.370004791,2851463.4410437695,3225815.4519449635,False,False,0,0,True,3.63382692588e-06,1,0,28,0,True,7.7264555148e-06,1,0
9.3,-55.44414012323393,1991.6401145512184,-20.25924072533352,300.2134279916367,300.8962265985678,300.2134279916367,7.440455483028513,0.0,301.4885993143442,35.24659510971804,93.86062601222865,95.27156595367718,95.37784572420502,0.10627977052784349,0.005921192977829804,0.005921192977829804,241.20570557794116,4.411351764053327,2540.9052377513417,79583.83186770495,0.9065569484492652,45783.94199472836,0.3975485904786334,832.3537219291202,0.3975167638739408,832.2870860674753,0.017526522177531565,36.69555449656594,5.189089938078122,3.2231171737455235,11749.40363502934,2346380.9211277254,2.7179367464199333,4.220664986150411,1.5528930140518804,5.773558000202293,combusting,True,False,2346380.9211277254,15785220.299925629,2866108.5913865734,3169765.6824063407,2869984.618530491,3246166.159075094,False,False,0,0,True,3.63382692588e-06,1,0,28,0,True,7.7264555148e-06,1,0
9.4,-57.49199492404928,2021.8370690870665,-20.69785529097364,303.7256627253269,304.43008953056056,303.7256627253269,7.555851946720448,0.0,305.03696525275814,34.99809956511682,93.89848222533978,95.31457507337284,95.40877737709631,0.09420230372347554,0.004875990742909714,0.004875990742909714,240.60040086338864,4.410411264065665,2539.7730704547653,79286.02624415181,0.9175537105113548,46725.9346603051,0.40490808061838157,865.2048922279522,0.40488333796761344,865.1520222964394,0.01538183869760426,32.86781057148474,5.157790259921388,3.0973020963768034,11695.015272738265,2335969.6514363647,2.6283749684634707,4.14580910242856,1.5773278745125816,5.723136976941142,combusting,True,False,2335969.6514363647,15612914.169618765,2837428.5820100503,3128589.1700723073,2876182.231944852,3265041.0988727408,False,True,0,0,True,3.63382692588e-06,1,0,29,1,True,7.7264555148e-06,1,0
9.5,-59.583516759117956,2052.3830467020216,-21.132581410399975,307.1938895737767,307.9199113219749,307.1938895737767,7.67258218826167,0.0,308.54144493311003,34.36643740581551,93.93530981195562,95.35688564435836,95.43422560495974,0.07733996060138643,0.004007116557380859,0.004007116557380859,239.98721490967966,4.409460512866609,2538.6376954063544,78985.72543517494,0.928430205160139,47659.077821772284,0.41130797304845307,896.431869849751,0.41129147053726317,896.3959031826001,0.012503150853726424,27.250196041055432,5.127304982973433,2.9749045590833987,11546.304162701997,2308271.863722662,2.483714640511049,4.00725929641736,1.6134137275902303,5.6206730240075915,combusting,True,False,2308271.863722662,15443519.0372758,2776785.633378395,3046130.3584582713,2873492.6869281423,3281848.2045133384,False,True,0,0,True,3.63382692588e-06,1,0,29,0,True,7.7264555148e-06,1,0
9.600000000000001,-61.718345894259805,2083.2745231984327,-21.564001292436377,310.63564035443585,311.38321600585766,310.63564035443585,7.790632740070677,0.0,312.0195436148076,34.46857820975422,93.97104246451575,95.39834017127464,95.45529359886768,0.05695342759305529,0.0033470006522960264,0.0033470006522960264,239.4146872203524,4.408661875146228,2537.538175772165,78683.21215188135,0.9392391031250685,48588.40917593162,0.41577689788366373,923.8416970285776,0.41576804241761034,923.822020493329,0.00911534037990043,20.253966895285757,5.097339444959016,2.8540305421168184,11572.586108357484,2312223.3943952085,2.469260158562623,4.004977620261426,1.6219342487560149,5.62691186901744,combusting,True,False,2312223.3943952085,15276959.950507492,2780202.593027281,3050313.338690472,2883427.109128045,3296891.7189892805,False,False,0,0,True,3.63382692588e-06,1,0,30,1,True,7.7264555148e-06,1,0
9.700000000000001,-63.896342437190015,2114.511270893087,-21.995929566167895,314.0993135386477,314.86854349542375,314.0993135386477,7.910002732065106,0.0,315.51979898585796,34.80488547708255,94.00580258597256,95.43883377136903,95.4732235789637,0.03438980759466309,0.002911743097551793,0.002911743097551793,238.8499475963862,4.407857900497998,2536.4407775190684,78378.15317447348,0.9501266256100801,49528.619386786435,0.4202817739837804,951.9218686950768,0.4202785796070615,951.9146335560729,0.00544817998861196,12.339915734596588,5.06731753384351,2.7329450200808623,11655.802520014657,2326521.5264342837,2.4947270826072296,4.0454891568393805,1.6216159214544044,5.667105078293785,combusting,True,False,2326521.5264342837,15113180.218638,2804009.3750606505,3080919.113249066,2897494.6336739073,3310874.680454653,False,False,0,0,True,3.63382692588e-06,1,0,30,0,True,7.7264555148e-06,1,0
9.8,-66.11758447865583,2146.0960186270486,-22.42891126314863,317.5956411405868,318.38663183612243,317.5956411405868,8.030702592402815,0.0,319.0529412930238,35.12166656426145,94.03957670188383,95.47830495427608,95.48930535688888,0.011000402612788401,0.002701856389825732,0.002701856389825732,238.2812861735502,4.407010287743091,2535.3322089902813,78070.50852071098,0.961125356336303,50483.03441199709,0.4248374299345913,980.7825932977497,0.4248371066189828,980.781846889127,0.0017247776485180232,3.9818334632990036,5.037003402756459,2.6108293204035125,11734.483790283315,2339977.0480593108,2.5188225302210956,4.0837337441513695,1.6212868096717041,5.705020553823074,combusting,True,False,2339977.0480593108,14952112.565687062,2826528.8433838408,3109678.167178322,2910712.3442962533,3323870.3837860995,False,False,0,0,True,3.63382692588e-06,1,0,30,0,True,7.7264555148e-06,1,0
9.9,-68.38215810534554,2178.031927911846,-22.862561270645827,321.1225445553645,321.9353744613445,321.1225445553645,8.15274440267468,0.0,322.6168591498615,35.41640173358596,94.07234474380466,95.51674480674443,95.50479165769958,-0.011953149044837198,0.0027038823721989287,0.0027038823721989287,237.70896239366655,4.406116301663784,2534.214048399417,77760.67113653108,0.9722292448259827,51451.21607092015,0.4294415852431588,1010.4254267557029,0.4294412074882131,1010.424537942846,-0.0018555119034432456,-4.365800777829527,5.003969869663605,2.4776360049723216,11808.13627432279,2352504.4399774005,2.5414253730244885,4.119480476148045,1.6209330873428525,5.740413563490898,combusting,True,False,2352504.4399774005,14793691.774462495,2847605.221436134,3136673.924092035,2922985.0834546154,3335921.6264305185,False,False,0,0,True,3.63382692588e-06,1,0,30,0,True,7.7264555148e-06,1,0
10.0,-70.6901240716805,2210.3219478041096,-23.296758056053662,324.67785328990277,325.51259169633045,324.67785328990277,8.276139432583605,0.0,326.2093749001822,35.68977295903621,94.10413637586406,95.55419389193395,95.5208232121352,-0.03337067979875847,0.002892185810081083,0.002892185810081083,237.13322203584272,4.405176605254836,2533.0840390598023,77448.41517585679,0.983432024287926,52432.36142998922,0.43409086467390023,1040.8414744846225,0.4340879506817916,1040.8344874593479,-0.005129590776510448,-12.299477509937258,4.968682255393304,2.335290717523699,11877.019435203692,2364152.747603985,2.562631679328789,4.152866380313344,1.62054750739719,5.773413887710535,combusting,True,False,2364152.747603985,14637854.925211776,2867305.149017815,3161986.8256018823,2934356.7869137954,3347069.475497768,False,False,0,0,True,3.63382692588e-06,1,0,30,0,True,7.7264555148e-06,1,0
10.100000000000001,-73.04149638294876,2242.9682031223233,-23.730688169310834,328.24725307436,329.10394210925523,328.24725307436,8.382608942663687,0.0,329.81437658517086,35.69822273114738,94.13501363828227,95.58761617280716,95.53833507736951,-0.049281095437661286,0.0032206083200010437,0.0032206083200010437,236.5426278169828,4.404152348748136,2531.933263275847,77133.48327794667,0.9946853879308531,53421.10077462268,0.4387624649889158,1071.8816239822702,0.4387561773079882,1071.866263393839,-0.007498950993570416,-18.319679577319302,4.933812391320027,2.1950271138495263,11882.77670149617,2364347.3193648723,2.5423970366326154,4.1405758712907375,1.6286110358179529,5.769186907108692,combusting,True,False,2364347.3193648723,14484546.80110298,2864525.390631632,3157313.773158992,2940238.7144417153,3357320.720159765,False,True,0,0,True,3.63382692588e-06,1,0,31,1,True,7.7264555148e-06,1,0
10.200000000000001,-75.4360592385507,2275.9696547806298,-24.160568942728066,331.7817800917759,332.6603112673705,331.7817800917759,8.473125001676769,0.0,333.3828243646103,34.99231761237139,94.16496492922339,95.61748147327067,95.55796376317431,-0.059517710096345273,0.0036310955826687158,0.0036310955826687158,235.9241171612416,4.403033048884362,2530.757840172795,76816.41574686632,1.0058415860710601,54401.59669726295,0.4433927652464219,1103.074320180927,0.44338369282171736,1103.0517497659412,-0.008964021242020875,-22.300728412052862,4.899795672600583,2.0586930116710374,11718.303655840165,2333654.8299720646,2.4135696845335586,4.006008428526399,1.6597856917897904,5.66579412031619,combusting,True,False,2333654.8299720646,14333699.820913497,2801863.154506546,3073215.032835247,2931814.5976260346,3366147.1492062425,False,True,0,0,True,3.63382692588e-06,1,0,31,0,True,7.7264555148e-06,1,0
10.3,-77.8733594591371,2309.321903450843,-24.585435469000295,335.2631933124935,336.16343112731755,335.2631933124935,8.564603223305003,0.0,336.89810604304637,34.635946805833456,94.19409235011294,95.64691720140155,95.58005911192818,-0.06685808947338141,0.004081636119954609,0.004081636119954609,235.33294864272412,4.402030593009968,2529.6109596855513,76497.11856654614,1.0168504590710226,55367.83226520255,0.44796107387141404,1134.2331151407102,0.44794974934574217,1134.204441551018,-0.00996620407722827,-25.23433252570389,4.866504863031547,1.9248830087922855,11638.665287357308,2317884.346232192,2.350150184437568,3.942069390375938,1.6773691385681992,5.619438528944137,combusting,True,False,2317884.346232192,14185266.259545378,2771273.9523940478,3033665.44420591,2928790.0088596656,3373456.811713952,False,False,0,0,True,3.63382692588e-06,1,0,32,1,True,7.7264555148e-06,1,0
10.4,-80.35315752012694,2343.022000352339,-25.01052575079649,338.7387447174332,339.66080664550276,338.7387447174332,8.657035519661719,0.0,340.40775821746837,34.875081299825744,94.22272940701934,95.67603983675107,95.60477227051022,-0.07126756624084736,0.004544883596531765,0.004544883596531765,234.7695525743475,4.4011044115705555,2528.4858557519688,76175.30288895757,1.0278554737870702,56334.78980580474,0.4525263686931341,1165.802799875563,0.4525136424533434,1165.7700144137507,-0.010512732754165295,-27.083003614890536,4.833509069936581,1.7919795207875082,11701.713934121777,2328671.8338620584,2.374725201485845,3.974718218201811,1.6737592272633752,5.648477445465186,combusting,True,False,2328671.8338620584,14039192.739755323,2789598.444180069,3057931.591395977,2936946.2905297885,3379944.9515924053,False,False,0,0,True,3.63382692588e-06,1,0,32,0,True,7.7264555148e-06,1,0
10.5,-82.87565189426466,2377.070818475277,-25.439361731958183,342.2376177413271,343.18180039534167,342.2376177413271,8.75042428517579,0.0,343.9411700642366,35.1023791776092,94.25111777057124,95.70496134138722,95.63210829534779,-0.07285304603942411,0.004997189159917581,0.004997189159917581,234.2032771705578,4.40013551450989,2527.3502010521006,75851.51749169486,1.0389455687925597,57312.343082926825,0.4571253317591409,1198.085956786139,0.4571121823982793,1198.051493448637,-0.010632023087346513,-27.865612925357528,4.800526265372382,1.659306882977588,11762.44655357905,2339023.014766961,2.3985246026977722,4.006135989560183,1.6702501133631185,5.676386102923302,combusting,True,False,2339023.014766961,13895417.247767173,2807260.358527466,3080749.8069402254,2944745.1479481054,3385809.352514453,False,False,0,0,True,3.63382692588e-06,1,0,32,0,True,7.7264555148e-06,1,0
10.600000000000001,-85.44124234972851,2411.4706088710955,-25.87244737731805,345.7581901750352,346.72483269360436,345.7581901750352,8.844775694009098,0.0,347.4967793388884,35.30906949592928,94.27936227264786,95.73379233882176,95.66195053898802,-0.07184179983373945,0.005419718994169162,0.005419718994169162,233.63427272236785,4.399119689867874,2526.205501074945,75525.53677847018,1.0501162993375013,58299.76847947052,0.46169605876712966,1230.9134651266183,0.46168341593122697,1230.879758456062,-0.010372453311663244,-27.65367432812155,4.7678180011180915,1.5279664784509648,11818.652750448293,2348449.5855065817,2.421189053623756,4.03606972644034,1.6669783470231774,5.703048073463517,combusting,True,False,2348449.5855065817,13753904.228845328,2823706.089851313,3102171.5772183784,2951796.9887718013,3391070.4719086513,False,False,0,0,True,3.63382692588e-06,1,0,32,0,True,7.7264555148e-06,1,0
10.700000000000001,-88.05038597064542,2446.223605727403,-26.310425041020288,349.30174695111657,350.29123438781767,349.30174695111657,8.940095874069577,0.0,351.07593145626925,35.56206602506333,94.30755093903853,95.76261435979333,95.6941391577035,-0.0684752020898198,0.005816228570918145,0.005816228570918145,233.06265722361047,4.3980602308190235,2525.0480926293585,75197.12007929548,1.0613720069473431,59297.290951865885,0.4605388646735155,1248.8367312770226,0.4605272735651309,1248.8052998322148,-0.009973911259401155,-27.046114216805066,4.761621620137733,1.5066779499324887,11870.533719255882,2356994.2901745583,2.4427649980865147,4.064582154278017,1.6639268032176309,5.728508957495649,combusting,True,False,2356994.2901745583,13614590.195592117,2838985.499166163,3122260.3191364836,2958131.1471879347,3395751.980789051,False,False,0,0,True,3.63382692588e-06,1,0,32,0,True,7.7264555148e-06,1,0
10.8,-90.70360476897355,2481.332189178752,-26.753950925542323,352.8699220758576,353.8826864879774,352.8699220758576,9.036391353567012,0.0,354.68032156616414,35.80143646888922,94.33576581866616,95.79150182031698,95.72854077133567,-0.0629610489813178,0.006192199946685388,0.006192199946685388,232.4885860856678,4.39695417843539,2523.882044654072,74866.79172479676,1.0727181175095986,60305.749926342,0.45937136799573897,1266.855759949666,0.459361478706856,1266.8284872386178,-0.009251838142219328,-25.514747450914907,4.755561113056581,1.4861456055581894,11919.065904635574,2364924.234448304,2.4632839066279844,4.091351495503149,1.6609337983715584,5.752285293874707,combusting,True,False,2364924.234448304,13477426.908638058,2853281.536060981,3141072.5075606015,2963897.110717243,3399877.3160603484,False,False,0,0,True,3.63382692588e-06,1,0,32,0,True,7.7264555148e-06,1,0
10.9,-93.40150448220527,2516.798749310684,-27.20404333909214,356.46128056278627,357.497838475223,356.46128056278627,9.093213385914883,0.0,358.30452883856003,36.025733268101774,94.36418042676209,95.81419718017568,95.76495172394596,-0.049245456229731394,0.00651762019005663,0.00651762019005663,231.9122155170483,4.39580805041204,2522.7045335314224,74534.19802328624,1.084138523216026,61322.99993687879,0.45822650350180466,1285.0147790629421,0.45822039943816884,1284.997661301476,-0.0072988358492910065,-20.468287767332136,4.751152124523167,1.4726235976424682,11964.249452249542,2372239.598747045,2.4827541116337453,4.116382893656135,1.6579905655447291,5.774373459200864,combusting,True,False,2372239.598747045,13342376.749639425,2866587.542076286,3158658.6114948257,2969088.5283428323,3403467.22387949,False,False,0,0,True,3.63382692588e-06,1,0,32,0,True,7.7264555148e-06,1,0
11.0,-96.14480137973231,2552.6255331714488,-27.661894611448947,360.07439665251144,361.135364563158,360.07439665251144,9.134929254613754,0.0,361.9496890056686,36.23658852431301,94.39298911591725,95.83493074559382,95.80298071807255,-0.03195002752127482,0.006757002984554199,0.006757002984554199,231.3337182146273,4.394616203548095,2521.518199550615,74199.3123187246,1.0956369435767945,62349.30400816693,0.45708279346060654,1303.259825992426,0.45708020118038617,1303.2524347392061,-0.0047761612857783525,-13.618056105521985,4.747257986104509,1.4614247101384772,12006.262441266323,2378973.4226032407,2.5012344821777486,4.139770219824067,1.6550908158837212,5.794861035707788,combusting,True,False,2378973.4226032407,13209387.468871696,2878951.6174115334,3175076.8621600475,2973733.7105802572,3406546.4214277784,False,False,0,0,True,3.63382692588e-06,1,0,32,0,True,7.7264555148e-06,1,0
11.100000000000001,-98.93408729544176,2588.812591487373,-28.12382370273901,363.66676966596754,364.75261317630424,363.66676966596754,9.177064618456965,0.0,365.5747196249082,35.61087174242882,94.42211305910976,95.85628369306988,95.84209185466047,-0.014191838409423363,0.006895359168574966,0.006895359168574966,230.7152123399208,4.393260954874443,2520.289294309246,73862.56730560845,1.1070892361966669,63370.623124013204,0.4559722499026894,1321.389694457335,0.45597173395539875,1321.388199262325,-0.002139471020249433,-6.200103094763019,4.74389954843376,1.453123056607196,11852.129278754312,2350047.001127347,2.3954652424627305,4.023015208561981,1.6794295893961704,5.702444797958152,combusting,True,False,2350047.001127347,13078413.79799089,2822233.6455153925,3099576.1443592217,2962438.6745136096,3408835.0749590322,False,True,0,0,True,3.63382692588e-06,1,0,33,1,True,7.7264555148e-06,1,0
11.200000000000001,-101.76954654617379,2625.355549077404,-28.585361311901767,367.1923821346493,368.3033646045747,367.1923821346493,9.21961438308609,0.0,369.1333928067426,34.9013776285405,94.45141024469777,95.87828193939018,95.88169268288124,0.00341074349105266,0.006927937610809328,0.006927937610809328,230.10388047502954,4.39194948565636,2519.0738003668357,73523.52450873193,1.1183553772545647,64370.135705444656,0.454896366299717,1339.0642564585378,0.4548963362444358,1339.0641679857433,0.0005184269054015737,1.5260771244593054,4.7402927922896865,1.4436108853432514,11679.289643052656,2316982.6347135687,2.289345105227629,3.9041371257242776,1.70535107040408,5.609488196128357,combusting,True,False,2316982.6347135687,12949412.489866301,2761691.2534784046,3021278.5314837666,2948437.011727668,3409953.793043985,False,False,0,0,True,3.63382692588e-06,1,0,34,1,True,7.7264555148e-06,1,0
11.3,-104.65135712399447,2662.249816219236,-29.050850244512258,370.69296070199897,371.8295617805863,370.69296070199897,9.262573204335888,0.0,372.66766633340285,35.11019371563664,94.48105624785839,95.9009225372024,95.92117528540494,0.02025274820252804,0.006854090615088406,0.006854090615088406,229.54199086577972,4.39082118815156,2517.9042449481544,73182.57841665106,1.1295623975356595,65362.181399780384,0.4538503646431923,1356.5748204845636,0.4538492962222611,1356.5716269365446,0.0031028153748877576,9.274425092715944,4.734502134083722,1.424289042404318,11721.250161413092,2323883.351859429,2.3111316227106156,3.928852276083075,1.699969070335818,5.628821346418893,combusting,True,False,2323883.351859429,12822348.494294945,2774238.459848802,3038785.8170417305,2951355.9510242883,3410340.433425519,False,False,0,0,True,3.63382692588e-06,1,0,34,0,True,7.7264555148e-06,1,0
11.4,-107.5801467954081,2699.495182795114,-29.524943183760477,374.21437081556206,375.37730031914725,374.21437081556206,9.305940837550159,0.0,376.22364742100336,35.31800855270704,94.51120441317428,95.92417560167915,95.95994126200942,0.03576566033026972,0.006677787974898249,0.006677787974898249,228.9781213696939,4.389645964712696,2516.724132080988,72839.9701288724,1.1408501893986922,66362.85902478173,0.45282788230410026,1374.2405943306594,0.45282452408113016,1374.2304028064386,0.005521130647196245,16.755509451789525,4.729125631206284,1.406878021108944,11762.783031170778,2330698.0892414465,2.332625628834267,3.9531853309623863,1.6947363014861483,5.647921632448535,combusting,True,False,2330698.0892414465,12697176.205296645,2786646.154768056,3055217.063321256,2954311.181861394,3410381.2807953656,False,False,0,0,True,3.63382692588e-06,1,0,34,0,True,7.7264555148e-06,1,0
11.5,-110.5567624564989,2737.093706096636,-30.007370038055946,377.7560952148826,378.94605121124596,377.7560952148826,9.349719678191095,0.0,379.80080039795615,35.516479430784024,94.54180098677948,95.94798786547896,95.9974260559574,0.04943819047843388,0.006406873501579181,0.006406873501579181,228.4124104875621,4.388429119382767,2515.533792158746,72494.93647403782,1.1522174045892024,67371.29795757351,0.4517030354890297,1391.657769889048,0.4516965729649275,1391.6378594143039,0.007684538607327427,23.675395161605692,4.7239854030498885,1.3906186641820195,11801.533159116681,2336993.985925234,2.353201060787255,3.9760394803086,1.689630158070059,5.6656696383786604,combusting,True,False,2336993.985925234,12573855.139018068,2798226.5728859003,3070617.4433093094,2956852.6319264206,3410090.569728001,False,False,0,0,True,3.63382692588e-06,1,0,34,0,True,7.7264555148e-06,1,0
11.600000000000001,-113.5820138786605,2775.0473832957446,-30.49765840517536,381.3174487672706,382.5351015300149,381.3174487672706,9.393912051718969,0.0,383.3984013110871,35.71059161420293,94.57276603517653,95.97228052043647,96.03312018286344,0.06083966242696612,0.00605272726112013,0.00605272726112013,227.8449913556445,4.3871691367479215,2514.333943518855,72148.2903534253,1.1636621553564792,68387.72975273576,0.45015474184731225,1407.8116062828979,0.4501449115691396,1407.780863121896,0.009496664395071743,29.6998190033292,4.719433841871139,1.3769776424501328,11837.602479701158,2342792.3485642816,2.3728930000841966,3.9974767173344783,1.684642635463393,5.682119352797871,combusting,True,False,2342792.3485642816,12452345.86491755,2809009.578942236,3085030.651732773,2958994.8971709474,3409482.0498003517,False,False,0,0,True,3.63382692588e-06,1,0,34,0,True,7.7264555148e-06,1,0
11.700000000000001,-116.65665579067685,2813.3581437211164,-30.995179835151685,384.89775974016743,386.14373829704016,384.89775974016743,9.43852020459894,0.0,387.01572261589604,35.89562784120284,94.60399946100112,95.99695451393254,96.06658741953537,0.0696329056028367,0.00562954216826891,0.00562954216826891,227.27599009318914,4.385867556054175,2513.1240392108402,71799.77581738871,1.1751825210672855,69411.58613979771,0.44859569229541474,1423.9396811812016,0.4485827581693673,1423.8986254697077,0.010915127091020098,34.64697244529987,4.7150992396401605,1.3644081375299844,11871.13296116933,2348118.9366167416,2.3917435860137033,4.017570248718269,1.679766289418305,5.6973365381365735,combusting,True,False,2348118.9366167416,12332613.00432044,2819032.769859817,3098497.5220659906,2960757.5190124176,3408567.9975288324,False,False,0,0,True,3.63382692588e-06,1,0,34,0,True,7.7264555148e-06,1,0
11.8,-119.78137309682573,2852.0278408748527,-31.49916628782625,388.4961833345643,389.77106350055226,388.4961833345643,9.483546295005478,0.0,390.65184908837995,36.07284404454292,94.63538661457531,96.02189680907082,96.09747807844853,0.07558126937770475,0.005153331954631919,0.005153331954631919,226.70552770893357,4.384524308914809,2511.904176047677,71449.16304274969,1.1867760100181597,70442.2252388543,0.4469796961780413,1439.8769778543985,0.44696439132198595,1439.82767559286,0.011896937433121655,38.324171015819005,4.711277509219329,1.3541367604828833,11902.236280341654,2352993.964559986,2.4097869461448984,4.0363787557216275,1.6749940330529633,5.711372788774592,combusting,True,False,2352993.964559986,12214620.688026603,2828325.4600109453,3111057.8867255584,2962154.838694476,3407360.620217378,False,False,0,0,True,3.63382692588e-06,1,0,34,0,True,7.7264555148e-06,1,0
11.9,-122.95676775881381,2891.058236333321,-32.00872695193557,392.11172583480925,393.41601916830507,392.11172583480925,9.528992374076882,0.0,394.3057033114779,36.238005958608326,94.66680124988869,96.04698320502558,96.1255388489897,0.07855564396411396,0.004641724777171408,0.004641724777171408,226.1336693420226,4.38313913310034,2510.6743599997963,71097.01588900444,1.198439651584769,71479.56573821483,0.44535032829624693,1455.7547214913563,0.4453337225908406,1455.7004410013399,0.012416921529757942,40.58825377424815,4.707695270739004,1.3450316520458494,11930.07313639061,2357136.0064836135,2.42717019685333,4.054719074917004,1.6705540798802185,5.725273154797223,combusting,True,False,2357136.0064836135,12098332.355663247,2836795.452836795,3122747.5689520976,2963070.421506875,3405869.5228952854,False,False,0,0,True,3.63382692588e-06,1,0,34,0,True,7.7264555148e-06,1,0
12.0,-126.18334934727588,2930.450998154081,-32.52290481730596,395.7435105803948,397.07765676785516,395.7435105803948,9.574860384060338,0.0,397.9763158800338,36.397688951899696,94.69811116913827,96.0720830080524,96.15062134574484,0.07853833769244463,0.004113718282789869,0.004113718282789869,225.56045737112072,4.381710449105263,2509.4321166025347,70742.70953274719,1.2101707750192814,72522.60084718425,0.44357477415688357,1471.1086052862222,0.44355810444758764,1471.0533204634107,0.012464998689157148,41.33996770072186,4.704238053708366,1.3366249672735298,11955.676145734495,2360866.0003152043,2.443791618792298,4.071846211109573,1.6662002520173331,5.738046463126906,combusting,True,False,2360866.0003152043,11983732.984880196,2844584.9416557476,3133590.2579827774,2963645.028940389,3404099.189089646,False,False,0,0,True,3.63382692588e-06,1,0,34,0,True,7.7264555148e-06,1,0
12.100000000000001,-129.46153097977393,2970.2077209894333,-33.040727832654106,399.39094612663877,400.7553088152959,399.39094612663877,9.621152181731667,0.0,401.6629978654911,36.551021992853876,94.72918381289038,96.09706406271015,96.17268741418302,0.07562335147285977,0.0035887926615416777,0.0035887926615416777,224.98602384669817,4.380239264005179,2508.179949967909,70386.72819024527,1.2219675833396575,73571.31273646328,0.4417628701536727,1486.285501619405,0.4417473482126259,1486.2332789508796,0.012051676183502898,40.54716408267007,4.700989681802079,1.3292599162739314,11979.202656015643,2364215.559629014,2.459697913384726,4.087831321092627,1.6619241325726333,5.7497554536652595,combusting,True,False,2364215.559629014,11870767.4866584,2851738.8578338055,3143633.6331343194,2963903.693577042,3402066.307332002,False,False,0,0,True,3.63382692588e-06,1,0,34,0,True,7.7264555148e-06,1,0
12.200000000000001,-132.79162769857024,3010.3299364427658,-33.56120654327231,403.0533629400168,404.44822655303744,403.0533629400168,9.667869550454007,0.0,405.36497924361214,36.69731427061407,94.75989015576333,96.12179792990268,96.19180881818099,0.07001088827829785,0.0030858364858315176,0.0030858364858315176,224.4104730871737,4.378729121654372,2506.9166827000263,70029.07104179543,1.233828021355175,74625.25612364631,0.4399888036763358,1501.5229864168712,0.4399754420970369,1501.4773881691783,0.011203710823736782,38.2342214039231,4.698296687609586,1.3243579194165538,12000.750572386009,2367202.601304836,2.474921127648099,4.102727509299573,1.6577205081272095,5.760448017426783,combusting,True,False,2367202.601304836,11759403.565176005,2858284.632894495,3152912.1723434348,2963860.136078333,3399781.754706057,False,False,0,0,True,3.63382692588e-06,1,0,34,0,True,7.7264555148e-06,1,0
12.3,-136.17386047992628,3050.819109311581,-34.08344908384852,406.7300944362951,408.1556703288695,406.7300944362951,9.710770487308215,0.0,409.0810474563741,36.83731563032081,94.7901197576196,96.14558363091166,96.208157189439,0.06257355852734005,0.0026208216299826864,0.0026208216299826864,223.8339043363063,4.377176203816833,2505.6438367817927,69669.35028250197,1.2457486756172766,75683.47084297029,0.4382189432112564,1516.689614553721,0.438208222634531,1516.652510298797,0.010055636366422033,34.80287532282392,4.6958576767728255,1.3206857561375565,12020.417176177838,2369843.8867152003,2.4894916579727644,4.116584715122856,1.653584458473366,5.770169173596222,combusting,True,False,2369843.8867152003,11649611.039793856,2864248.1811724147,3161458.362369799,2963527.1781222327,3397255.587816745,False,False,0,0,True,3.63382692588e-06,1,0,34,0,True,7.7264555148e-06,1,0
12.4,-139.6083900895101,3091.676640410027,-34.60714310782786,410.420527532627,411.8770007832988,410.420527532627,9.723680320587166,0.0,412.80774135909945,36.97134628079784,94.81984617193243,96.164798495063,96.22195335958337,0.05715486452037391,0.0021949502337079156,0.0021949502337079156,223.2564124225171,4.3755858594913315,2504.359373749415,69308.22995433901,1.2577193005647358,76745.06365307767,0.43639270546587894,1531.5545093537444,0.43638372467744646,1531.5229905706642,0.009220587260954979,32.360375921795644,4.692187940589441,1.312068301276872,12038.286840027162,2372156.522266634,2.503439918332649,4.129453365339823,1.6495116719598122,5.778965037299635,combusting,True,False,2372156.522266634,11541357.941407539,2869656.2333669118,3169304.3722034697,2962918.4636328123,3394498.261654413,False,False,0,0,True,3.63382692588e-06,1,0,34,0,True,7.7264555148e-06,1,0
12.5,-143.09518876761777,3132.9024342157513,-35.128830454326106,414.09534858185964,415.58271432558485,414.09534858185964,9.736706514547393,0.0,416.5187560298302,36.52507470500631,94.84894650620133,96.18364234138345,96.2334276612766,0.04978531989314092,0.0018103366445706263,0.0018103366445706263,222.64750144664265,4.373834994383203,2503.0364959639837,68945.04842645528,1.2696599464133365,77799.42310397852,0.43453613544303926,1545.9904237110175,0.4345292945220878,1545.9660851177043,0.008061707272455174,28.681900595608596,4.688112841328014,1.3024361663688806,11923.936485418313,2350483.9648011066,2.431657810570718,4.046312075122372,1.6640137676989548,5.7103258428213275,combusting,True,False,2350483.9648011066,11434601.136103513,2828162.3916868665,3114586.918117967,2951687.4737993637,3391382.51350044,False,True,0,0,True,3.63382692588e-06,1,0,35,1,True,7.7264555148e-06,1,0
12.600000000000001,-146.63378920502862,3174.492816599042,-35.643178293889655,417.7122990839401,419.2302481511574,417.7122990839401,9.749847908267007,0.0,420.1715026435999,35.8139353384398,94.87720548091086,96.20202656793522,96.24285639771448,0.040829829779254895,0.0014809132583058155,0.0014809132583058155,222.03410097309703,4.3720826776409565,2501.713764567169,68580.41504758972,1.2814408127085963,78830.75160760187,0.4325393199337853,1559.2860215332664,0.4325347006863805,1559.269369341023,0.006636224261818355,23.92330881917823,4.684461582024508,1.294566532878375,11749.459476017102,2317246.5909418724,2.329446471205521,3.9287115642416968,1.6865429675267591,5.615254531768455,combusting,True,False,2317246.5909418724,11329312.318508336,2767577.872235442,3036119.2836114443,2934852.762257098,3387516.0271698204,False,True,0,0,True,3.63382692588e-06,1,0,35,0,True,7.7264555148e-06,1,0
12.700000000000001,-150.22352653760515,3216.442916233018,-36.15156835764113,421.28969359558585,422.83796166448894,421.28969359558585,9.76310296254342,0.0,423.78433544941606,35.73395489699388,94.9046309081304,96.21988787066978,96.25058809714047,0.030700226470688863,0.0012179589768577274,0.0012179589768577274,221.46195807356102,4.370503900530858,2500.4378887549738,68214.25774055514,1.2931177566339007,79845.34637465652,0.43042407667701865,1571.631377672255,0.43042145482876026,1571.6218043718434,0.005008465321483191,18.287688072646834,4.681133105734206,1.2873153966156161,11717.249175532965,2310347.308772317,2.3156351754590276,3.9088964398815333,1.6880450259642794,5.596941465845813,combusting,True,False,2310347.308772317,11225470.905980967,2756151.748506829,3022621.1686400888,2929057.408286713,3383065.323586983,False,False,0,0,True,3.63382692588e-06,1,0,36,1,True,7.7264555148e-06,1,0
12.8,-153.86401632263411,3258.7509297918996,-36.658227342938616,424.8705775820477,426.4490981662751,424.8705775820477,9.776471107576283,0.0,427.40050177215875,35.88372483532527,94.93132027075389,96.23718076263934,96.25702835020445,0.01984758756510415,0.0010301134357056845,0.0010301134357056845,220.9018040473707,4.368944189317713,2499.1653696233093,67846.41354071349,1.30482278800001,80858.99972970523,0.4284395711600956,1584.2454397830288,0.4284384710782467,1584.2413719989822,0.003249910025516935,12.017225961853196,4.677779265450043,1.2798801331634102,11736.905056329502,2313102.770225862,2.332354636732968,3.923488132138009,1.6822004983057857,5.605688630443794,combusting,True,False,2313102.770225862,11123075.856575804,2762241.281349397,3031473.3176517356,2927535.586520179,3378458.933937313,False,False,0,0,True,3.63382692588e-06,1,0,36,0,True,7.7264555148e-06,1,0
12.9,-157.5551302859478,3301.4177643806693,-37.1640519233353,428.4661141933516,430.074851354169,428.4661141933516,9.789952629985319,0.0,431.03119325118854,36.02700739425207,94.95728197742537,96.25387602475705,96.26262300626485,0.00874698150780376,0.0009227899397055433,0.0009227899397055433,220.34079255280878,4.367341704143993,2497.883510484985,67477.42391893304,1.3165903329227422,81876.2473916095,0.42664238037468055,1597.4469647764038,0.42664216590046694,1597.4461617357372,0.0014374472760725306,5.382132422408653,4.674319065473861,1.272181356526598,11755.44205308604,2315648.6182312625,2.348601689698085,3.937392828169099,1.6764838607755812,5.613876688944679,combusting,True,False,2315648.6182312625,11022076.205950843,2767975.641845022,3039680.52172079,2925912.1349224127,3373727.190383554,False,False,0,0,True,3.63382692588e-06,1,0,36,0,True,7.7264555148e-06,1,0
13.0,-161.29677353448196,3344.4448548579076,-37.66881304734799,432.0756953514186,433.7145904737445,432.0756953514186,9.803547983145576,0.0,434.67577753449916,36.164615769828764,94.98250849049003,96.26996576211417,96.26783871175661,-0.0021270503575576616,0.0008978347332062141,0.0008978347332062141,219.77900394441875,4.365700984416912,2496.5906830609056,67106.49262778182,1.3284187322825831,82895.8779463371,0.42484657514899926,1610.5328304661666,0.4248465624187206,1610.5327822074942,-0.00035079807713821133,-1.3298255255967384,4.67046334930099,1.2630019265813421,11772.39164781117,2317896.995437971,2.3642565344493596,3.9503959713684482,1.6708829662972693,5.621278937665718,combusting,True,False,2317896.995437971,10922444.76224385,2773216.109013662,3047269.1395608,2924089.5124922507,3368875.2994588255,False,False,0,0,True,3.63382692588e-06,1,0,36,0,True,7.7264555148e-06,1,0
13.100000000000001,-165.08883678252357,3387.8335755674943,-38.17245191348333,435.6987188403021,437.3677053511928,435.6987188403021,9.817257601311148,0.0,438.3336466875375,36.2958540105187,95.00701496157453,96.28546458504215,96.27314147145673,-0.012323113585418204,0.0009531775909771068,0.0009531775909771068,219.21651490660773,4.3640188533428015,2495.2880346343463,66734.5085520521,1.3403064412887016,83918.34476967575,0.4230922441809152,1623.6652597545478,0.42309181541692487,1623.6636143233084,-0.0020390185633069177,-7.8249687881785315,4.665216203234299,1.2482277243742117,11787.816939206059,2319861.8611247735,2.3793422476954507,3.96253868827582,1.6653924806798177,5.627931168955636,combusting,True,False,2319861.8611247735,10824154.814755045,2777984.094780817,3054264.6117944377,2922076.967718765,3363908.3786301054,False,False,0,0,True,3.63382692588e-06,1,0,36,0,True,7.7264555148e-06,1,0
13.200000000000001,-168.93121341666807,3431.585241544057,-38.67508076940712,439.3346006909615,441.0336191684334,439.3346006909615,9.83108189999608,0.0,442.0042298227441,36.42178300512843,95.030838237177,96.3004085910978,96.27897443235581,-0.02143415874200045,0.0010829098656015303,0.0010829098656015303,218.65339878994214,4.36229804933481,2493.9746009816486,66360.85310505376,1.352251990197776,84942.60875973862,0.42132927102195833,1636.634689329806,0.42132796938455047,1636.6296331775727,-0.003558223607576425,-13.82176029314688,4.660043211920008,1.233921104787392,11801.7957245468,2321555.9001723854,2.3938802039617473,3.973858651701618,1.6600073157901085,5.633865967491727,combusting,True,False,2321555.9001723854,10727180.346408455,2782299.187705604,3060691.424862783,2919882.7204185775,3358831.3954387065,False,False,0,0,True,3.63382692588e-06,1,0,36,0,True,7.7264555148e-06,1,0
13.3,-172.82381634107006,3475.7011123730967,-39.17697771863278,442.98281588983235,444.7118288924316,442.98281588983235,9.845021277194041,0.0,445.6870331962014,36.54252097438621,95.0540348100956,96.31485322009213,96.28573797907107,-0.029115241021069934,0.0012780133202756497,0.0012780133202756497,218.08972758306368,4.360534053193042,2492.648573721386,65985.95539218507,1.364254170207296,85968.71280815866,0.41955594183494216,1649.4335553194003,0.4195535317844155,1649.424080496588,-0.004849329581663389,-19.064554056405992,4.654971265943947,1.2202122368458528,11814.395149255055,2322992.5847079884,2.4078935283140734,3.9843955964791613,1.654722498992263,5.639118095471425,combusting,True,False,2322992.5847079884,10631492.99990847,2786182.4622927452,3066574.619350232,2917515.922728166,3353649.57534263,False,False,0,0,True,3.63382692588e-06,1,0,36,0,True,7.7264555148e-06,1,0
13.4,-176.76659272185844,3520.1823889597135,-39.67854989713545,446.6427158425089,448.40172048857215,446.6427158425089,9.859076112357343,0.0,449.3814548975386,36.65547808074865,95.07667735088921,96.32887032929858,96.29377380724168,-0.03509652205690271,0.0015270198737583219,0.0015270198737583219,217.52554018356196,4.358730675767435,2491.311852707213,65609.68555001786,1.37631142655363,86996.0821482956,0.41777064715578494,1662.042568350724,0.417767132896726,1662.028587358541,-0.005865050695455704,-23.333290617106044,4.650020780215455,1.2071699314049733,11825.071357751309,2323986.3538720636,2.421478319178867,3.994683950958487,1.6496880931451412,5.644372044103627,combusting,True,False,2323986.3538720636,10537067.052044341,2789571.6195418816,3071935.7630099524,2914897.885364082,3348366.1217829618,False,False,0,0,True,3.63382692588e-06,1,0,36,0,True,7.7264555148e-06,1,0
13.5,-180.75953639253012,3565.030206911115,-40.18032351629819,450.31364318552255,452.1026826251891,450.31364318552255,9.873246764305996,0.0,453.0868979973417,36.76306878051957,95.09885150123988,96.34254466303928,96.3033525169673,-0.03919214607198226,0.001816580582333481,0.001816580582333481,216.9608473993069,4.356888320993768,2489.9641192609342,65231.99109665386,1.3884222197963092,88024.2108310907,0.41597195718728003,1674.4443520884881,0.41596755935140733,1674.4266491368558,-0.006571551984715845,-26.452980579912566,4.645205031135451,1.1948475347769716,11834.3730846896,2324711.0412792913,2.434575723423947,4.0043116999507395,1.6447677767521405,5.64907947670288,combusting,True,False,2324711.0412792913,10443892.84316866,2792543.648158065,3076787.3779081777,2912103.3633173923,3342980.753522086,False,False,0,0,True,3.63382692588e-06,1,0,36,0,True,7.7264555148e-06,1,0
13.600000000000001,-184.80269941115878,3610.2456445177354,-40.6829368562738,453.9951089468737,455.81428268422576,453.9951089468737,9.88753357374952,0.0,456.80294594846646,36.86624643745801,95.12065245542911,96.35596997181258,96.31466478241938,-0.04130518939319432,0.0021321449776389913,0.0021321449776389913,216.39571724042042,4.35500561560199,2488.6058681799595,64853.19441152746,1.4005855718738642,89053.0684063371,0.4141460040548645,1686.5797771103337,0.41414110261068293,1686.5598163318778,-0.006948233723968748,-28.296181469202967,4.640684675000946,1.183916532942213,11842.479737571437,2325216.042832104,2.4471951547940574,4.013226132155313,1.6399289301849915,5.653155062340305,combusting,True,False,2325216.042832104,10351939.73908972,2795134.4528548545,3081153.932851055,2909157.7705207365,3337499.3033764497,False,False,0,0,True,3.63382692588e-06,1,0,36,0,True,7.7264555148e-06,1,0
13.700000000000001,-188.89618471851128,3655.829747032339,-41.18676929077661,457.6869413452013,459.5363818486382,457.6869413452013,9.921581681362188,0.0,460.5316490937589,36.970401518060314,95.14213677560728,96.37162964611046,96.3278461128073,-0.04378353330316439,0.002469007323606244,0.002469007323606244,215.83021138439395,4.353085553510989,2487.23606809333,64472.82668899464,1.412808051490566,90082.71264754186,0.4120617529475432,1697.4941507740207,0.4120562468870137,1697.4714684807095,-0.00736275284170345,-30.330963242728984,4.639193829208365,1.1856952992017225,11849.45601215905,2325511.872604819,2.459355741138858,4.021459495992506,1.6351678729203618,5.6566273689128685,combusting,True,False,2325511.872604819,10261184.627536787,2797360.99658452,3085055.817773284,2906068.4881343297,3331926.2540534204,False,False,0,0,True,3.63382692588e-06,1,0,36,0,True,7.7264555148e-06,1,0
13.8,-193.04011267085409,3701.7835452379195,-41.69178975608,461.3890227664087,463.2688589387449,461.3890227664087,9.980210422474984,0.0,464.2734387532784,37.071226888908974,95.16330811885439,96.39005743453282,96.34303599478365,-0.04702143974917578,0.0028332617459243324,0.0028332617459243324,215.26438826418982,4.351124268386437,2485.855985805275,64091.596243050386,1.4250913066301816,91113.89067145076,0.4099704084611741,1708.211446601466,0.40996405942549713,1708.1849922642882,-0.007904546238539319,-32.93563653909958,4.637639011319577,1.1873797883677593,11855.353856872309,2325609.778577171,2.4710775850599846,4.029045775101038,1.6304812926394756,5.6595270677405125,combusting,True,False,2325609.778577171,10171605.407375814,2799241.526258723,3088512.4215134573,2902843.929772399,3326265.81175953,False,False,0,0,True,3.63382692588e-06,1,0,36,0,True,7.7264555148e-06,1,0
13.9,-197.23462073833284,3748.1080461077886,-42.19837159349531,465.10099463097526,467.01138933848836,465.10099463097526,10.039312113188968,0.0,468.02533137188425,37.16821041468785,95.18422217235069,96.40830290877349,96.36037500733333,-0.04792790144015461,0.003219195414811528,0.003219195414811528,214.69830447344935,4.349125544679572,2484.4626157560524,63708.68257030554,1.4374264619913366,92144.26788849858,0.40786065827448537,1718.6390082351027,0.4078540633277549,1718.6112185170257,-0.008054565772027074,-33.94024564361124,4.6362627492784885,1.1899594057145335,11860.225719184951,2325517.1285392637,2.4823754512931657,4.0360088075208,1.6258655818636487,5.661874389384449,combusting,True,False,2325517.1285392637,10083180.627894713,2800788.165188752,3091542.39618994,2899488.458177119,3320521.9577162387,False,False,0,0,True,3.63382692588e-06,1,0,36,0,True,7.7264555148e-06,1,0
14.0,-201.47990984353544,3794.804219563993,-42.707410510557146,468.82247449311564,470.76367266640835,468.82247449311564,10.098887990949374,0.0,471.78704703634907,37.261386826629575,95.20499652332741,96.42648269088275,96.37993508456437,-0.04654760631838264,0.0036085595777062686,0.0036085595777062686,214.13201370585074,4.347083102991203,2483.058146091759,63325.01196782174,1.4498129804648707,93174.57343422015,0.40573254776111334,1728.7881875812309,0.4057263280578938,1728.7616860113776,-0.00782068561650328,-33.32320511924465,4.635058945676793,1.1934349054520932,11864.104987784252,2325242.359880425,2.4932654502955742,4.0423749960741375,1.6213175358423701,5.663692531916508,combusting,True,False,2325242.359880425,9995891.449776137,2802014.814483905,3094162.7755551036,2896007.823723936,3314698.0879932255,False,False,0,0,True,3.63382692588e-06,1,0,36,0,True,7.7264555148e-06,1,0
14.100000000000001,-205.7762706578339,3841.8729982724044,-43.219805775410904,472.5530996751016,474.52542990213993,472.5530996751016,10.158939245669291,0.0,475.55832705628444,37.3511168104643,95.22574532534335,96.44470992209993,96.40168358528894,-0.04302633681099899,0.003983099322616092,0.003983099322616092,213.56556780870983,4.34500536063564,2481.641367417614,62939.78781551089,1.4622503430926381,94203.52647203246,0.40358662789849725,1738.6351446556962,0.40358131409995057,1738.6122530228565,-0.0072276255764132016,-31.136323581872485,4.634013860978994,1.1977144647465987,11867.049472821991,2324793.864165134,2.5037635193718066,4.048170445383987,1.6168341834454365,5.665004628829425,combusting,True,False,2324793.864165134,9909716.665796982,2802935.362810906,3096391.021485614,2892407.926639447,3308798.137533216,False,False,0,0,True,3.63382692588e-06,1,0,36,0,True,7.7264555148e-06,1,0
14.200000000000001,-210.12408181686388,3889.315279861541,-43.73641740518893,476.2925321076365,478.29640428184786,476.2925321076365,10.219467022560474,0.0,479.33893395580185,37.43753183646063,95.24657424502175,96.46308922298337,96.42548547435729,-0.03760374862608386,0.004325327326130372,0.004325327326130372,212.99901625238812,4.3428865712765266,2480.214074066812,62553.77494996575,1.47473814091445,95231.70846670635,0.4014239024136441,1748.192808895482,0.4014198437892032,1748.175133669819,-0.00631574070976945,-27.504920422725977,4.633106830750597,1.2027362597350617,11869.093344289751,2324179.79383214,2.513885110808831,4.053420441519072,1.6124127646449613,5.6658332061640335,combusting,True,False,2324179.79383214,9824635.294833612,2803563.3599522794,3098243.994135799,2888694.604736454,3302825.9987529786,False,False,0,0,True,3.63382692588e-06,1,0,36,0,True,7.7264555148e-06,1,0
14.3,-214.5238038943714,3937.1319294374734,-44.25802414496201,480.04045941101475,482.07635844620523,480.04045941101475,10.280472425341918,0.0,483.1286477530464,37.521014226217034,95.26757578315394,96.48171203642107,96.45110995342174,-0.030602082999334524,0.004619303249527789,0.004619303249527789,212.4324062039787,4.340731549028584,2478.7747070149753,62166.38067185574,1.487275981226942,96258.06424760616,0.3992457769202731,1757.4459610420074,0.39924308901006733,1757.4341290898421,-0.005139149845737403,-22.62210062496026,4.632311278616148,1.2083702013574977,11870.286140157099,2323407.5637517245,2.5236445142002752,4.058148178858605,1.6080506410565527,5.666198819915158,combusting,True,False,2323407.5637517245,9740628.230010064,2803911.208005268,3099737.334028214,2884873.069992226,3296785.1417317786,False,False,0,0,True,3.63382692588e-06,1,0,36,0,True,7.7264555148e-06,1,0
14.4,-218.97596935188088,3985.323782369701,-44.78528500522739,483.79659923353705,485.8650750804539,483.79659923353705,10.341956519794124,0.0,486.92726580886153,37.60178221831806,95.28882520129847,96.50065256546024,96.47824146536396,-0.02241110009628252,0.004851381039192083,0.004851381039192083,211.86578286865426,4.338537154949097,2477.324196909356,61778.16338385444,1.4998635591038405,97282.95824716311,0.39705395701437457,1766.4071833275732,0.39705251540493475,1766.4007699189542,-0.0037632435968901474,-16.741856880468248,4.631595963294433,1.2144998273739571,11870.6604181101,2322484.4943128116,2.5330557680203674,4.0623764426565145,1.6037453631869074,5.6661218058434235,combusting,True,False,2322484.4943128116,9657675.881842144,2803991.1921637985,3100886.4112710673,2880948.596233134,3290679.1353625273,False,False,0,0,True,3.63382692588e-06,1,0,36,0,True,7.7264555148e-06,1,0
14.5,-223.48116833886976,4033.8916399010864,-45.31869473455043,487.5605513941726,489.6622053704298,487.5605513941726,10.403920328158174,0.0,490.73445070141184,37.677260987591836,95.31037758364731,96.51996521768511,96.5064956252871,-0.013469592398017403,0.005011181321684025,0.005011181321684025,211.29918951441886,4.336305243906867,2475.861929970084,61388.707829362735,1.5125001269782232,98305.48116724992,0.3949907500077339,1775.698319782789,0.3949902305956139,1775.6959847427183,-0.002255858955040014,-10.14131332456033,4.633052981364104,1.229787556805791,11870.259057588853,2321417.250704113,2.5421320696773524,4.066126280862356,1.5994945067422988,5.665620787604655,combusting,True,False,2321417.250704113,9575760.449823795,2803814.598153337,3101705.5137543348,2876925.8426295607,3284511.0522546517,False,False,0,0,True,3.63382692588e-06,1,0,36,0,True,7.7264555148e-06,1,0
14.600000000000001,-228.04003102610056,4082.836264554461,-45.85855901006435,491.3319416733135,493.46740960568803,491.3319416733135,10.466364823275384,0.0,494.5498700366828,37.7505445877337,95.33226421275457,96.53968063056142,96.5354376880636,-0.004242942497832144,0.005091504433689695,0.005091504433689695,210.7326678885301,4.334033676915216,2474.386415807574,60998.42782798405,1.5251849773966868,99325.7773024461,0.3929215662387296,1784.729343626594,0.392921514834342,1784.729110137453,-0.0007087023238107982,-3.219069508729894,4.634550724415364,1.2454084024042602,11869.10581259847,2320211.180353272,2.55088471197172,4.069415208433624,1.5952956201176758,5.664710828551301,combusting,True,False,2320211.180353272,9494864.94267701,2803390.6175518176,3102208.199724309,2872808.1545613226,3278283.786611215,False,False,0,0,True,3.63382692588e-06,1,0,36,0,True,7.7264555148e-06,1,0
14.700000000000001,-232.6532080950391,4132.1583883120475,-46.40498236870664,495.11053347840664,497.2804668895737,495.11053347840664,10.529290939022781,0.0,498.37330570401906,37.82129150248808,95.35449088820316,96.55980373201484,96.5646013850447,0.004797653029844558,0.00508854625379375,0.00508854625379375,210.16625767391943,4.331722149968306,2472.8986872578953,60607.024418882866,1.5379177344397161,100343.11251837987,0.39088450900282107,1793.6617743710915,0.39088444346657314,1793.6614736432293,0.0007990293452371823,3.666526455112992,4.635310361509252,1.2581359782053299,11867.245516734,2318873.6033066716,2.559327426426989,4.072265580018605,1.591146774722682,5.663412354741287,combusting,True,False,2318873.6033066716,9414970.762666488,2802731.6105475957,3102408.2080272166,2868601.231309766,3272000.613701263,False,False,0,0,True,3.63382692588e-06,1,0,36,0,True,7.7264555148e-06,1,0
14.8,-237.32135016386488,4181.8587199149115,-46.95785900780925,498.8960985788744,501.10114517911376,498.8960985788744,10.592699579625867,0.0,502.20452404468415,37.89001049535367,95.37703920658947,96.58031534403098,96.59351194835135,0.013196604320366739,0.005003144112355473,0.005003144112355473,209.59999690291994,4.3293747861711225,2471.3985302012043,60214.82708872706,1.5506979944713195,101357.57161435344,0.3888704821795342,1802.460269822031,0.3888699878431502,1802.457978514943,0.0021910464729249122,10.155757245049886,4.635488891392744,1.2686038343208523,11864.705259208888,2317410.252901934,2.5674716947307905,4.074695548978816,1.5870459477085157,5.661741496687332,combusting,True,False,2317410.252901934,9336060.480604874,2801847.4049638514,3102318.4429218597,2864309.138956764,3265664.5311214332,False,False,0,0,True,3.63382692588e-06,1,0,36,0,True,7.7264555148e-06,1,0
14.9,-242.04508739467497,4231.937949441693,-47.51688560839307,502.6884919567524,504.92927659591595,502.6884919567524,10.656591625500269,0.0,506.04335130424965,37.95785705131424,95.39986813151262,96.6011735699089,96.62171268551793,0.020539115609046026,0.0048407701885742555,0.0048407701885742555,209.03392184430777,4.326986982010937,2469.887236870529,59821.59288822699,1.5635255224683915,102368.49522997622,0.3868441746747295,1810.9518609396448,0.3868429808538793,1810.9462722498524,0.003399611536049475,15.914761655277049,4.635756348993406,1.279607820068252,11861.512061965568,2315824.2265924034,2.5753296043391876,4.076730182842458,1.5829935616682045,5.659723744510662,combusting,True,False,2315824.2265924034,9258116.576512273,2800746.881030273,3101951.454045311,2859935.0070721856,3259278.5674919956,False,False,0,0,True,3.63382692588e-06,1,0,36,0,True,7.7264555148e-06,1,0
15.0,-246.82497168372447,4282.396759128978,-48.080800172597144,506.4877017889627,508.76473483202665,506.4877017889627,10.759697685538034,0.0,509.8941029779207,38.026339587303504,95.42282896777888,96.62655198391431,96.64884845508082,0.02229647116652433,0.004631400290126626,0.004631400290126626,208.4680555253821,4.324564577104578,2468.363008226639,59427.62635170869,1.576413981518335,103377.78900036222,0.3847858783569402,1819.076191134267,0.3847844756400116,1819.0695597865194,0.0036794644324147207,17.3946771999832,4.636445175532138,1.292501443960051,11857.50579448096,2314063.2943276083,2.582925308869542,4.078530019304184,1.5790352145680964,5.657565233872279,combusting,True,False,2314063.2943276083,9181122.532603828,2799415.9148003366,3101318.4897344667,2855457.6334068873,3252844.972114387,False,False,0,0,True,3.63382692588e-06,1,0,36,0,True,7.7264555148e-06,1,0
15.100000000000001,-251.661361656032,4333.235839901734,-48.64699927355228,510.29391366613737,512.6074607953187,510.29391366613737,10.92655987521608,0.0,513.75956173521,38.09789795904161,95.44562612465228,96.65877494648112,96.67483835292789,0.016063406446776028,0.004440785503638391,0.004440785503638391,207.90242244522722,4.322101116864661,2466.8275900191993,59032.68113207589,1.589372312668687,104385.98615151252,0.3826858271956598,1826.7920039612245,0.38268510115645693,1826.7885381349092,0.002643318458617263,12.618165296349627,4.637724443325864,1.3080121278955799,11852.918493409785,2312194.911711396,2.5902536681038963,4.079954277920661,1.5751176528232644,5.655071930743925,combusting,True,False,2312194.911711396,9105061.854541471,2797888.3197430586,3100430.613013743,2850907.538582834,3246366.0930551267,False,False,0,0,True,3.63382692588e-06,1,0,36,0,True,7.7264555148e-06,1,0
15.200000000000001,-256.55440053557004,4384.455898657592,-49.21377831720939,514.1072614510229,516.4574254020614,514.1072614510229,11.09467249703242,0.0,517.6324811256382,38.169057742551,95.46807263463704,96.69062583486722,96.69991459767137,0.009288762804154879,0.004312475192552496,0.004312475192552496,207.3370553770211,4.319602528196166,2465.2792450647867,58637.09463712258,1.6023784559228642,105390.3675734688,0.3805724547833325,1834.1835577389159,0.3805722126951248,1834.182390985504,0.0015241192809544296,7.345551392443828,4.639023838747133,1.3237518050185137,11847.77338930955,2310224.1029811916,2.5973249801892027,4.081019201661049,1.5712393453990368,5.652258547060086,combusting,True,False,2310224.1029811916,9029920.082329048,2796172.8903540387,3099298.321243425,2846288.4915739875,3239844.232629094,False,False,0,0,True,3.63382692588e-06,1,0,36,0,True,7.7264555148e-06,1,0
15.3,-261.5041344141538,4436.057647816861,-49.780899254466334,517.927721734373,520.3145806832069,517.927721734373,11.264037889267188,0.0,521.5128083679638,38.2401479289401,95.49014950154643,96.72208616425257,96.72445155708914,0.002365392836555704,0.00425253941281355,0.00425253941281355,206.7719856093704,4.317063108471752,2463.717752948482,58240.55925128355,1.615432559713069,106390.19811988217,0.37843140361031635,1841.167547409642,0.37843138795770537,1841.1674712556044,0.0003869572706307756,1.882648115676022,4.64025435101074,1.3393752280936115,11842.100775353312,2308155.5028097183,2.6041487879288794,4.0817398277633075,1.5673988547365527,5.649138682499859,combusting,True,False,2308155.5028097183,8955681.35216347,2794277.7731038467,3097932.2788900645,2841603.948176466,3233282.0449925154,False,False,0,0,True,3.63382692588e-06,1,0,36,0,True,7.7264555148e-06,1,0
15.4,-266.510594428744,4488.041794826355,-50.34830103733837,521.7552184554958,524.1788429561885,521.7552184554958,11.434658373876697,0.0,525.4004587542249,38.30978649672086,95.51185813674682,96.75315788251828,96.74884698166484,-0.004310900853444683,0.004263070212546237,0.004263070212546237,206.20724304608302,4.314485434045916,2462.1426586887983,57843.50274186619,1.6285347008207072,107385.80193655253,0.3763148915931599,1848.0035217744414,0.37631483976719987,1848.0032672680195,-0.0007029708359043641,-3.4521423666126343,4.640843659335914,1.3524998975963454,11835.920465100768,2305993.7556259143,2.610734528790964,4.082131100915985,1.5635948641650779,5.645725965081064,combusting,True,False,2305993.7556259143,8882330.321863847,2792211.1254634834,3096342.6681404263,2836857.4674475095,3226682.0501334737,False,False,0,0,True,3.63382692588e-06,1,0,36,0,True,7.7264555148e-06,1,0
15.5,-271.5738146674176,4540.409037039836,-50.91610373613413,525.5896258141354,528.050096471075,525.5896258141354,11.60653623969021,0.0,529.2953195268115,38.378360678929994,95.53322003467937,96.78386303333306,96.77349815650952,-0.010364876823546885,0.004341813097939685,0.004341813097939685,205.64285638905483,4.311870600686022,2460.5549760039603,57445.49992010925,1.6416848430306352,108376.22595253508,0.3742048414367615,1854.5901570844067,0.37420454281276505,1854.5886770791708,-0.0016846042022036123,-8.349037815743571,4.641144139579931,1.364581595084582,11829.260557818965,2303742.7994446377,2.617090631736859,4.082206051800786,1.5598260153075358,5.642032067108323,combusting,True,False,2303742.7994446377,8809851.987097165,2789979.965082802,3094539.2521822657,2832051.884792256,3220046.669809323,False,False,0,0,True,3.63382692588e-06,1,0,36,0,True,7.7264555148e-06,1,0
15.600000000000001,-276.6938503192786,4593.160060791204,-51.484609301085015,529.4308492132051,531.9282743880991,529.4308492132051,11.779673739367993,0.0,533.1973308328147,38.446107304578895,95.55427528411172,96.81424207685787,96.79877747524984,-0.01546460160802639,0.004482333795655184,0.004482333795655184,205.07885321523878,4.309216996451355,2458.955068558523,57047.1248059013,1.6548831507614559,109362.04433301948,0.372083149281892,1860.8490606081643,0.37208248666975846,1860.845746775843,-0.0025051676458534297,-12.528755654345865,4.64152081062244,1.3771397189021335,11822.136667523344,2301406.902241761,2.6232257623517965,4.0819783991922405,1.5560911522661438,5.6380695514583845,combusting,True,False,2301406.902241761,8738231.789973397,2787591.820255293,3092531.3643723116,2827190.5126044652,3213378.247393222,False,False,0,0,True,3.63382692588e-06,1,0,36,0,True,7.7264555148e-06,1,0
15.700000000000001,-281.87079477485133,4646.295543756101,-52.05427981036899,533.2788100847408,535.8133418756697,533.2788100847408,11.9540730971525,0.0,537.106468521215,38.51311010042427,95.57507972372012,96.84435109099333,96.82501001008758,-0.019341080905742502,0.00467454828560221,0.00467454828560221,204.515259595984,4.306528293101389,2457.3418940034903,56647.77950991447,1.6681298617629219,110342.05051066255,0.3699489304622868,1866.75512177755,0.36994789738859096,1866.7499089077346,-0.0031228056642275525,-15.757616762746657,4.641991216083568,1.3902317570749245,11814.579738151087,2298990.0735775656,2.6291482503936576,4.081461160353799,1.5523891282063265,5.633850288560125,combusting,True,False,2298990.0735775656,8667455.505602187,2785053.809863169,3090327.9436112,2822276.420169221,3206678.9636676568,False,False,0,0,True,3.63382692588e-06,1,0,36,0,True,7.7264555148e-06,1,0
15.8,-287.104794055915,4699.816155553826,-52.62570581090483,537.1334258697593,539.70527336564,537.1334258697593,12.129736510843937,0.0,541.0227208693453,38.5792056116267,95.59570122495904,96.8742581159873,96.85245428248774,-0.02180383349957276,0.004905309998334884,0.004905309998334884,203.95210040905005,4.303798835483104,2455.716852115066,56248.23864900112,1.6814253037341378,111317.17891554174,0.3678016136697278,1872.3211667629346,0.3678003050089647,1872.314504929066,-0.003508861742136411,-17.862118780550077,4.642566906180874,1.403929012423416,11806.599523256249,2296496.045377313,2.6348659772152017,4.080666548050614,1.548718827954765,5.629385376005379,combusting,True,False,2296496.045377313,8597509.525724262,2782372.597437445,3087937.4701187005,2817312.429404245,3199950.8460587393,False,False,0,0,True,3.63382692588e-06,1,0,36,0,True,7.7264555148e-06,1,0
15.9,-292.39605781903276,4753.722557603204,-53.19956945145017,540.9946151178049,543.6040542309094,540.9946151178049,12.30666615132722,0.0,544.9460895256598,38.644579347082015,95.61621533196663,96.90403880054474,96.88128690276008,-0.022751897784659438,0.005159173116259925,0.005159173116259925,203.38940004736432,4.301034986180248,2454.078231406809,55847.677884188284,1.6947697925734664,112285.8411546833,0.36564099370679926,1877.519267265731,0.3656395733672654,1877.5119740057114,-0.0036494177939904266,-18.739288921235676,4.64325287176884,1.4182258002013741,11798.227005449686,2293928.2529731826,2.640386227466297,4.079605846690842,1.5450792025247055,5.624685049215548,combusting,True,False,2293928.2529731826,8528380.979688806,2779554.340877615,3085367.9426433123,2812301.11866766,3193195.8242287682,False,False,0,0,True,3.63382692588e-06,1,0,36,0,True,7.7264555148e-06,1,0
16.0,-297.7448658877938,4808.015399092724,-53.77659192377107,544.8622146725886,547.5095933560012,544.8622146725886,12.484864149345295,0.0,548.8765011720283,38.707411744440755,95.6367003550081,96.9337717130009,96.91159116457973,-0.022180548421166377,0.005419009806528483,0.005419009806528483,202.82718107107283,4.298229890149867,2452.426425384606,55446.97826501631,1.7081634756195503,113249.15038321269,0.363534857817199,1882.719139306195,0.3635335125884244,1882.7121724695733,-0.003545299811463349,-18.36083573855542,4.643312292375417,1.4300969839434328,11789.469871700285,2291290.3349004155,2.6457164397592066,4.078290761250587,1.5414693350969095,5.6197600963474965,combusting,True,False,2291290.3349004155,8460055.586026365,2776605.5110549196,3082627.5847163564,2807245.3657727414,3186416.093470916,False,False,0,0,True,3.63382692588e-06,1,0,36,0,True,7.7264555148e-06,1,0
16.1,-303.1515699214987,4862.695310317923,-54.357488750325764,548.7360098313864,551.4217488174664,548.7360098313864,12.664332573631349,0.0,552.8138321526079,38.76849142536384,95.65723234514405,96.96353326678445,96.94335091422501,-0.02018235255944166,0.005667234211858829,0.005667234211858829,202.26546595255945,4.295387093639076,2450.7597826023093,55045.47826063359,1.7216062900787266,114205.69479690053,0.361459913109443,1887.7845408836479,0.3614588033635529,1887.778745051082,-0.0032141247687203322,-16.786301414907744,4.642996037028691,1.4405675233718005,11780.352589691724,2288584.974024361,2.650862795690265,4.0767305028182355,1.537888158318162,5.614618661136397,combusting,True,False,2288584.974024361,8392520.9526931,2773531.039802702,3079723.783224421,2802146.999903067,3179613.457481293,False,False,0,0,True,3.63382692588e-06,1,0,36,0,True,7.7264555148e-06,1,0
16.2,-308.61659122603953,4917.7629048624685,-54.9429373404928,552.6158810595422,555.340470668954,552.6158810595422,12.84507343806747,0.0,556.758050147933,38.828933129691684,95.67788034558097,96.99339264904947,96.9764527799766,-0.016939869072871983,0.005887496706506572,0.005887496706506572,201.70428085153085,4.292506439820313,2449.0801778465284,54643.74690279617,1.7350985054795067,115156.12723951612,0.35937368640205664,1892.5085518872472,0.3593729074213798,1892.5044496737337,-0.0026878746232478394,-14.154697195070256,4.642760180656482,1.4515281427110187,11770.88175609401,2285814.809194155,2.655830833657251,4.074933777680098,1.5343348401707686,5.609268617850866,combusting,True,False,2285814.809194155,8325769.392245004,2770335.700663919,3076662.294043902,2797007.9705030187,3172789.04955955,False,False,0,0,True,3.63382692588e-06,1,0,36,0,True,7.7264555148e-06,1,0
16.3,-314.1404414237836,4973.218785273973,-55.534066614386994,556.5017271705307,559.2657730440108,556.5017271705307,13.000523993780094,0.0,560.7059500786601,38.887989076995424,95.69875730652254,97.02076851080447,97.01065115180789,-0.01011735899658978,0.006049987039036932,0.006049987039036932,201.14364094385817,4.289587767163979,2447.3875622571195,54241.467751299846,1.7486304669588275,116098.30878292253,0.35727077963646736,1896.827844516587,0.3572705027602904,1896.826374521077,-0.001599525600064132,-8.492227378085467,4.64276000538531,1.4636230344854182,11761.084687937922,2282983.935833731,2.6606286998669186,4.0729134446709425,1.5308086561926753,5.603722100863618,combusting,True,False,2282983.935833731,8259782.6320152255,2767026.716307489,3073451.8972168127,2791831.760651479,3165945.519494611,False,False,0,0,True,3.63382692588e-06,1,0,36,0,True,7.7264555148e-06,1,0
16.400000000000002,-319.7237470443281,5029.063544364532,-56.13204579650057,560.3934546406543,563.1976833842515,560.3934546406543,13.145659215486408,0.0,564.6593879639432,38.946560309722976,95.71997701607066,97.04733935650141,97.04552251752047,-0.0018168389809424554,0.006122415887994115,0.006122415887994115,200.58356539171479,4.286633526546699,2445.681268804202,53838.83705405427,1.7622083091290204,117033.05816738128,0.35515749164340243,1900.7896515323873,0.35515748274672604,1900.789603917707,-0.0002861963085374005,-1.5317119710960956,4.642849204535801,1.4762357148325815,11750.974798278827,2280095.2647975856,2.6652625269267394,4.070678999792333,1.5273088330574893,5.597987832849822,combusting,True,False,2280095.2647975856,8194548.744206981,2763609.3300516456,3070099.18774316,2786620.6424368024,3159084.5001211646,False,False,0,0,True,3.63382692588e-06,1,0,36,0,True,7.7264555148e-06,1,0
16.5,-325.3672101383042,5085.297767523283,-56.73721608302412,564.2910085343958,567.1361864681334,564.2910085343958,13.291806617293485,0.0,568.6197379032205,39.004517543866044,95.74156645848883,97.07428871412327,97.08052248099318,0.006233766869915444,0.006094876125537208,0.006094876125537208,200.02407253621314,4.283638950282378,2443.9623393897,53435.936422713195,1.7758366771712601,117960.81060240521,0.35307452791966937,1904.6214038861945,0.35307442358612573,1904.6208410704583,0.00097815736383328,5.2765614741532145,4.6420862341724884,1.485483977994656,11740.56549973313,2277151.4121036874,2.6697380237390793,4.068239131512697,1.5238345842694179,5.592073715782116,combusting,True,False,2277151.4121036874,8130056.202320779,2760088.3025314114,3066610.462234875,2781376.5902189673,3152207.5337456963,False,False,0,0,True,3.63382692588e-06,1,0,36,0,True,7.7264555148e-06,1,0
16.6,-331.0715408711062,5141.92203748636,-57.349398573014106,568.1943907271159,571.0812719486123,568.1943907271159,13.438967713677165,0.0,572.5869876754948,39.06312629024603,95.76349936206782,97.10159012184543,97.11509014550752,0.01350002366208939,0.005971515084463699,0.005971515084463699,199.46517998609536,4.280609933105136,2442.229322428387,53032.5404255484,1.7895158875423003,118880.87599914569,0.35099158440555184,1908.153136224758,0.3509910970050248,1908.1504864893068,0.0021099387143924436,11.470606003071715,4.641140193775363,1.4941162895575075,11729.87354034567,2274154.804273973,2.6740605374356536,4.065601946373376,1.5203851556300854,5.585987102003461,combusting,True,False,2274154.804273973,8066292.890037359,2756468.0701105986,3062992.0318955546,2776101.4159780573,3145316.3231924376,False,False,0,0,True,3.63382692588e-06,1,0,36,0,True,7.7264555148e-06,1,0
16.7,-336.83741853213843,5198.93694067425,-57.96815464763225,572.1036730307031,575.03297266198,572.1036730307031,13.587144028688563,0.0,576.5611619454428,39.12251976326012,95.78572370511675,97.12919135168397,97.14870782733163,0.019516475647671297,0.00576326960991322,0.00576326960991322,198.90690451505213,4.277539497140266,2440.4826116985855,52629.17647087503,1.8032464060151159,119793.9387465215,0.34891431645907334,1911.4289489593766,0.3489133019169546,1911.4233910757237,0.0030378815611332073,16.64217971446014,4.639983300003601,1.502046427117011,11718.906480883388,2271108.1573903104,2.6782356495207633,4.062776181916133,1.516959936905894,5.579736118822028,combusting,True,False,2271108.1573903104,8003247.494640205,2752753.509034709,3059249.7750627766,2770797.321116506,3138412.3640176016,False,False,0,0,True,3.63382692588e-06,1,0,36,0,True,7.7264555148e-06,1,0
16.8,-342.6654667891191,5256.343069590427,-58.59281049197898,576.0189052928264,578.9912751467807,576.0189052928264,13.736337102187898,0.0,580.5422334735389,39.18212546406446,95.80816592531949,97.15701881922881,97.1809380158123,0.023919196583493584,0.005487188540605724,0.005487188540605724,198.34926007505612,4.274431180902869,2438.7202141624102,52225.150159913435,1.8170284911064403,120698.43105844226,0.3468815710741035,1914.6411007859592,0.3468800537690693,1914.6327258971694,0.003706941628570102,20.460766417477224,4.63796584048601,1.5065671760594306,11707.689018424933,2268014.126240372,2.6822688880993244,4.059770410796606,1.5135583269854012,5.573328737782007,combusting,True,False,2268014.126240372,7940906.624246325,2748949.3965773475,3055389.995078631,2765466.456296454,3131497.487323405,False,False,0,0,True,3.63382692588e-06,1,0,36,0,True,7.7264555148e-06,1,0
16.900000000000002,-348.5562333991757,5314.141024438938,-59.22252170915245,579.9401916773737,582.956201614135,579.9401916773737,13.886548494048448,0.0,584.5302062928532,39.2436022154532,95.83073722305616,97.18498367959454,97.21145344894852,0.02646976935398272,0.005164707077379189,0.005164707077379189,197.79226407440842,4.271284925379833,2436.944224106749,51821.23204622987,1.8308625629265478,121595.4992114232,0.34483550102701893,1917.4939201416835,0.34483365093848434,1917.483632530616,0.0040843079548484856,22.711222156893445,4.636065434944284,1.5117302509923363,11696.220325928354,2264874.542399437,2.686164555247425,4.056590979163199,1.5101796244160266,5.5667706035792275,combusting,True,False,2264874.542399437,7879261.261391085,2745059.1603384796,3051417.576388842,2760110.0878596716,3124572.803618607,False,False,0,0,True,3.63382692588e-06,1,0,36,0,True,7.7264555148e-06,1,0
17.0,-354.51017677897863,5372.33142075094,-59.85634588690889,583.8677345626986,586.9278606492549,583.8677345626986,14.037779803977193,0.0,588.5251679197742,39.30725548372228,95.85334068825264,97.21298882058672,97.24005639529736,0.02706757471064993,0.004819604713795432,0.004819604713795432,197.23593111815077,4.268100406090955,2435.1546280734206,51416.959790433946,1.8447492572588642,122484.03116761695,0.34277598631535866,1919.9697474867885,0.3427740601070468,1919.958958336341,0.004158302889334008,23.291642551246216,4.634284476055788,1.517546912411242,11684.52136490758,2261691.9906196054,2.689927744776887,4.053246027248786,1.506823384055239,5.560069411304025,combusting,True,False,2261691.9906196054,7818300.426737758,2741087.4045395977,3047337.810357417,2754730.407330955,3117639.7219555797,False,False,0,0,True,3.63382692588e-06,1,0,36,0,True,7.7264555148e-06,1,0
17.1,-360.5276592223048,5430.914895122456,-60.493302979613446,587.8017528676095,590.906371923351,587.8017528676095,14.1900326864267,0.0,592.527215662235,39.373110611377165,95.8758782015021,97.24093592142647,97.26668798574784,0.025752064321369957,0.0044765740542727795,0.0044765740542727795,196.6802751702755,4.264880431531867,2433.3507392275237,51012.60424398514,1.858689276623916,123364.29786184787,0.3407033582373665,1922.075446119831,0.34070162227760104,1922.0656527158035,0.003938903383737476,22.221293965777495,4.6326164068708255,1.5239783478614117,11672.599573756494,2258468.507488531,2.693562953162201,4.049742341095007,1.50348902606515,5.553231367160157,combusting,True,False,2258468.507488531,7758014.257690021,2737037.864838268,3043155.5105788303,2749328.973750407,3110699.3805900635,False,False,0,0,True,3.63382692588e-06,1,0,36,0,True,7.7264555148e-06,1,0
17.2,-366.60894666961235,5489.892106009633,-61.13244596654021,591.7424648759531,594.8918562960167,591.7424648759531,14.343308852661918,0.0,596.5364484279204,39.441129533941705,95.89825742270442,97.26873244324918,97.29142850936606,0.022696066116872082,0.004159497861835484,0.004159497861835484,196.12530958081373,4.261619557940562,2431.5336169011107,50608.26195428194,1.872683327256346,124236.25283828474,0.33861834885704467,1923.8152223544732,0.33861700632665026,1923.8075949461595,0.003456258746057011,19.636275501618996,4.63104661148068,1.530986545959876,11660.465132319036,2255206.1765822973,2.697074565543101,4.046086702667362,1.5001760627454566,5.54626276541282,combusting,True,False,2255206.1765822973,7698392.074495936,2732914.322014795,3038875.6224251767,2743907.457168544,3103753.139940151,False,False,0,0,True,3.63382692588e-06,1,0,36,0,True,7.7264555148e-06,1,0
17.3,-372.7542154479997,5549.263733502163,-61.772929601205256,595.6900849746262,598.8844397449251,595.6900849746262,14.497610070171326,0.0,600.5529723170475,39.511272443947746,95.9203981840216,97.29629799240477,97.31448804829007,0.018190055885301926,0.0038897997024825,0.0038897997024825,195.5710470729825,4.258323994980031,2429.701884049111,50203.60427955874,1.8867321253561635,125099.00306356115,0.33652198913833425,1925.1821274791823,0.33652113053650085,1925.1772155716171,0.0027578778528729933,15.777326069290538,4.629553806864402,1.538457571008586,11648.133370096491,2251906.914044674,2.7004667431578926,4.042285442872099,1.4968839935222087,5.539169436394307,combusting,True,False,2251906.914044674,7639423.932403267,2728720.2814868847,3034502.730625975,2738467.355319954,3096802.175042509,False,False,0,0,True,3.63382692588e-06,1,0,36,0,True,7.7264555148e-06,1,0
17.400000000000002,-378.96356538756777,5609.030478195016,-62.41406919015477,599.6448088824206,602.8842449861401,599.6448088824206,14.65293815973467,0.0,604.5768937376806,39.58320571915404,95.94223779763269,97.32356962902813,97.33618820395263,0.012618574924501792,0.003684983587657984,0.003684983587657984,195.01749978916388,4.254986758329751,2427.8552198430743,49799.19263396148,1.9008364331267307,125953.43562339296,0.334415897948162,1926.2003559527777,0.33441548658484066,1926.1979865433661,0.0019046574527491718,10.970626354678451,4.628047668125276,1.5460460414236423,11635.607055957382,2248572.669763466,2.7037435583682603,4.038344880577692,1.493612390893639,5.531957271471331,combusting,True,False,2248572.669763466,7581099.502149711,2724459.277754177,3030041.413152569,2733010.2505041114,3089847.758479337,False,False,0,0,True,3.63382692588e-06,1,0,36,0,True,7.7264555148e-06,1,0
17.5,-385.2370768045619,5669.19305325114,-63.05615914973153,603.606692240075,606.8913561122129,603.606692240075,14.770341407838147,0.0,608.6033216357284,39.65446140114639,95.96380854062608,97.34694211630597,97.35686935311608,0.009927236810110488,0.0035340993323090446,0.0035340993323090446,194.46467932568459,4.251611113480092,2425.992687638077,49394.52281810656,1.9149812470448693,126796.2052386999,0.33231809819041724,1926.9248394355811,0.3323178448199424,1926.9233702833917,0.0014911355803076596,8.646252504173345,4.625336632528295,1.5488003275930537,11622.902950809232,2245205.1674629324,2.706908817358042,4.03427075569286,1.490360787117436,5.524631542810295,combusting,True,False,2245205.1674629324,7523409.247809553,2720134.4807854476,3025495.8817588617,2727537.47591348,3082890.965534636,False,False,0,0,True,3.63382692588e-06,1,0,36,0,True,7.7264555148e-06,1,0
17.6,-391.57501499041155,5729.75215621935,-63.70260456725863,607.5753671241093,610.9057607885595,607.5753671241093,14.738535625068378,0.0,612.618020638202,39.71903625320252,95.98543614740505,97.35649022838128,97.37654131943194,0.020051091050651722,0.003332712318751394,0.003332712318751394,193.9125967488065,4.2481980430639465,2424.115785717824,48990.00148295184,1.929122135355992,127621.93016081356,0.3302507510957491,1927.4079581392728,0.33024972266749786,1927.4019560309075,0.0029965095483937896,17.488215639334086,4.621872289088142,1.5485878409622673,11610.024855720932,2241806.1458849907,2.7099662337184607,4.030068762347681,1.4871287738585035,5.517197536206186,combusting,True,False,2241806.1458849907,7466343.190570008,2715749.0626071976,3020870.370355875,2722050.42129996,3075932.9838718143,False,False,0,0,True,3.63382692588e-06,1,0,36,0,True,7.7264555148e-06,1,0
17.7,-397.9779330982655,5790.7084557767885,-64.35575758982296,611.5506240246888,614.9274992061636,611.5506240246888,14.70652123371931,0.0,616.6400973645468,39.78610173643996,96.00733873810864,97.36643448136618,97.39470451957959,0.028270038213412594,0.003007440586757073,0.003007440586757073,193.36126263130043,4.244745502312473,2422.2248215775276,48585.65043972727,1.9433195872407905,128438.3457586704,0.32816995101941987,1927.516217642789,0.3281679170447485,1927.5042710305133,0.004203280775676105,24.688097850684734,4.618522264430699,1.5490126900879642,11596.980774329759,2238377.1085808575,2.7129192771556654,4.025744014711385,1.4839158867019953,5.5096599014133805,combusting,True,False,2238377.1085808575,7409892.493365883,2711305.8213168345,3016168.6542100636,2716550.2079878557,3068974.7179513285,False,False,0,0,True,3.63382692588e-06,1,0,36,0,True,7.7264555148e-06,1,0
17.8,-404.44644818198884,5852.062624014379,-65.01454408464234,615.5327407271025,618.9567398853915,615.5327407271025,14.674297880807213,0.0,620.6696918980439,39.85623229555171,96.02940859525013,97.37666515935234,97.41073086428877,0.03406570493642509,0.00258680905793743,0.00258680905793743,192.81068702701577,4.2412579934604,2420.3188526150257,48181.156418775376,1.9575744501040901,129244.55725046199,0.32607445714380273,1927.2300923364098,0.3260715186788633,1927.2127248366487,0.0050391966331302055,29.783661920767624,4.615311383654929,1.5501590973664696,11583.784870910931,2234919.80886784,2.7157714905757113,4.021302098834674,1.4807218180135642,5.502023916848238,combusting,True,False,2234919.80886784,7354047.806754901,2706807.912540509,3011394.5861441623,2711038.310790699,3062017.2233988736,False,False,0,0,True,3.63382692588e-06,1,0,36,0,True,7.7264555148e-06,1,0
17.900000000000002,-410.9810575126428,5913.815362784654,-65.67764252843433,619.5220346783827,622.993663033691,619.5220346783827,14.641865197717493,0.0,624.7069511166133,39.92964672025767,96.0515177400656,97.38705237450306,97.4241722016971,0.03711982719404853,0.002105102814999985,0.002105102814999985,192.2608795082436,4.237728587421778,2418.3990768638578,47777.048333051745,1.9718876394016611,130041.48553513619,0.32396361615951774,1926.5606485088276,0.32396014488070407,1926.5400053599406,0.00546298417972639,32.487507297439244,4.612251632510798,1.5521054500166618,11570.437826627496,2231435.7411167,2.718526139323691,4.016747959872956,1.477546197467218,5.494294157340175,combusting,True,False,2231435.7411167,7298800.424060108,2702258.07985423,3006551.72273328,2705515.9076457713,3055061.3972455407,False,False,0,0,True,3.63382692588e-06,1,0,36,0,True,7.7264555148e-06,1,0
18.0,-417.5821192235043,5975.967406878923,-66.34359168879953,623.5188472070187,627.0384557429788,623.5188472070187,14.609222798536035,0.0,628.7520266335453,40.006603849488926,96.07352853328186,97.39745664398424,97.43478566107676,0.03732901709252567,0.0015996934090326525,0.0015996934090326525,191.71185489996628,4.234163843295318,2416.4642242781233,47372.94911488592,1.9862600500634333,130828.09185360487,0.3218374272911017,1925.493603724884,0.3218339345973765,1925.4727075864696,0.005465726200523292,32.70042557635772,4.609342162392619,1.554821048890599,11556.951207123711,2227926.024635038,2.721185786557534,4.01208544443808,1.4743886522770695,5.48647409671515,combusting,True,False,2227926.024635038,7244144.495045561,2697658.4318385934,3001642.88946033,2699983.802533263,3048107.8286465625,False,False,0,0,True,3.63382692588e-06,1,0,36,0,True,7.7264555148e-06,1,0
18.1,-424.24984401950337,6038.5195253456,-67.01090423117977,627.5235221265104,631.0913025133062,627.5235221265104,14.576370279356807,0.0,632.8050680771439,40.08689454402522,96.09530446193102,97.40773966260903,97.44254344557994,0.034803782970919045,0.0011082842357835391,0.0011082842357835391,191.1636105836007,4.230556813423921,2414.512232919169,46969.06278407909,2.0006926060343133,131604.60301520006,0.31970266694769844,1924.0744111065615,0.3196996463051725,1924.0562318994726,0.005069836835863418,30.511923524135252,4.6065307219607465,1.558118145614693,11543.33390529923,2224392.8025510954,2.723754685501127,4.007321210332918,1.471248946046562,5.4785701563794795,combusting,True,False,2224392.8025510954,7190064.855567429,2693012.7557425173,2996672.983436092,2694443.912511963,3041158.2398946756,False,False,0,0,True,3.63382692588e-06,1,0,36,0,True,7.7264555148e-06,1,0
18.2,-430.98429687656267,6101.472511304141,-67.6781529100087,631.5361970443382,635.1521869273031,631.5361970443382,14.543307223631613,0.0,636.8660272645519,40.16660382226536,96.11671985813726,97.41777439650114,97.44762819432631,0.0298537978251598,0.0006666279094285817,0.0006666279094285817,190.61616748658267,4.22691087148925,2412.545096888787,46565.64390521254,2.0151856157368653,132371.3032720862,0.3176771828288933,1923.022619656301,0.3176749723374418,1923.0092386982355,0.004325164643772917,26.18189121940465,4.603047587842805,1.5587928568319724,11529.585154690623,2220836.598567277,2.7262344222027295,4.002457438162775,1.4681266605565375,5.4705840987193115,combusting,True,False,2220836.598567277,7136560.021587819,2688322.169008943,2991643.607038213,2688896.4217164093,3034212.61457261,False,False,0,0,True,3.63382692588e-06,1,0,36,0,True,7.7264555148e-06,1,0
18.3,-437.7854097287583,6164.827170916631,-68.34410413390188,635.5569952054447,639.2210969018773,635.5569952054447,14.51003320796224,0.0,640.9348658243192,40.249359414399706,96.13766966968942,97.42745438126875,97.45041254391974,0.0229581626509995,0.00030529344921012336,0.00030529344921012336,190.06951964136397,4.223228656806423,2410.5626850629674,46162.138667356514,2.029739383434426,133126.62364891163,0.31564026526471123,1921.5949223127252,0.31563896511550826,1921.5870070991684,0.0033079686490129724,20.13867195866814,4.599643854524314,1.5599469445416108,11515.72091611381,2217258.872670302,2.728628901944332,3.9974993352640147,1.4650212538669245,5.46252058913094,combusting,True,False,2217258.872670302,7083613.848762565,2683589.43157622,2986559.655112322,2683342.3739494616,3027272.7567436122,False,False,0,0,True,3.63382692588e-06,1,0,36,0,True,7.7264555148e-06,1,0
18.400000000000002,-444.65300640299114,6228.584330301094,-69.00782935075301,639.5861924838058,643.2982031123937,639.5861924838058,14.47654779846956,0.0,645.0117354311668,40.33458617071082,96.15807708936303,97.43670097730417,97.45142193581636,0.014720958512198635,4.705079156933653e-05,4.705079156933653e-05,189.52369719507814,4.219504871796684,2408.56589858202,45759.13454172972,2.0443548785943313,133871.7007199424,0.31359348405672144,1919.8192239364068,0.3135929524362837,1919.815969356232,0.0021094176871161788,12.913854505677866,4.59628300466097,1.561451027203836,11501.736130097876,2213660.2366536735,2.7309390386337378,3.9924488200848116,1.4619326039889176,5.454381424073729,combusting,True,False,2213660.2366536735,7031230.57178378,2678815.6820816,2981421.287023445,2677782.2352561504,3020337.881087747,False,False,0,0,True,3.63382692588e-06,1,0,36,0,True,7.7264555148e-06,1,0
18.5,-451.5868347878348,6292.744840704169,-69.66873834612277,643.6240155777267,647.3836625457413,643.6240155777267,14.442850548076851,0.0,649.0967823173248,40.42187572730696,96.17789750059093,97.445467716654,97.45128754710116,0.005819830447172181,-9.396130272558439e-05,-9.396130272558439e-05,188.97868414801593,4.215745601236422,2406.553534829884,45356.561588251025,2.059033028431511,134606.16489367475,0.3115383181759323,1917.7012310869077,0.31153823554603366,1917.7007224513752,0.0008293072266935344,5.104872809518565,4.592926643261036,1.5631207709267063,11487.645604598849,2210043.200562717,2.733169590756431,3.9873134471947154,1.4588606066304095,5.446174053825126,combusting,True,False,2210043.200562717,6979389.675830058,2674005.268819562,2976234.2044430627,2672218.3811760982,3013410.328587938,False,False,0,0,True,3.63382692588e-06,1,0,36,0,True,7.7264555148e-06,1,0
18.6,-458.58660227787925,6357.309573129934,-70.32661145476442,647.6706329375423,651.4776136203193,647.6706329375423,14.408940999330726,0.0,653.1901427757598,40.510471485631314,96.19712038171285,97.45374221124248,97.4506946420124,-0.003047569230092414,-0.00011300161629032345,-0.00011300161629032345,188.43450345570199,4.211945835460969,2404.5263876580175,44954.106475522276,2.0737747232775634,135329.03657922958,0.3094857022668467,1915.2968982915813,0.3094856797373333,1915.296758864439,-0.0004317965680331772,-2.6722353290938687,4.589229118377253,1.5635444795536033,11473.455067067645,2206407.9966917536,2.735321592150608,3.982094508482371,1.455804874976878,5.437899383459248,combusting,True,False,2206407.9966917536,6928091.827531935,2669158.800248303,2970999.2676405166,2666650.7328709005,3006489.76957107,False,False,0,0,True,3.63382692588e-06,1,0,36,0,True,7.7264555148e-06,1,0
18.7,-465.65201291630694,6422.279411685765,-70.98160131379238,651.7261381791111,655.5801605531759,651.7261381791111,14.374818687895921,0.0,657.2919272449361,40.59963336093525,96.2157685582105,97.46154543661616,97.4503281071176,-0.011217329498559235,-1.494319846255712e-05,-1.494319846255712e-05,187.89114522576733,4.208106204637908,2402.482167333742,44552.257833140706,2.088580821116946,136041.26145238173,0.30744165567344967,1912.660485903325,0.30744135223430297,1912.658598143306,-0.0015799992153250639,-9.82951402694871,4.584965899833875,1.5617890393533655,11459.168277993867,2202756.581962942,2.737398847516901,3.976797985838218,1.4527652736631997,5.429563259501418,combusting,True,False,2202756.581962942,6877320.764585399,2664279.696939051,2965721.0125286537,2661081.0965154483,2999577.9843934337,False,False,0,0,True,3.63382692588e-06,1,0,36,0,True,7.7264555148e-06,1,0
18.8,-472.78286796522946,6487.655239595065,-71.63549966465611,655.7904200068726,659.6913822273225,655.7904200068726,14.272923646875084,0.0,661.3934775673735,40.68600319666963,96.23400777186957,97.46323802722708,97.45070990940137,-0.012528117825704609,0.00014821733732877274,0.00014821733732877274,187.3486236781493,4.204227227474551,2400.4208898998686,44150.84226601032,2.103424265564661,136738.56440541198,0.30540223883618983,1909.7114748281792,0.3054018625636675,1909.7091219575643,-0.0017542244331076567,-10.969345025419214,4.580905236346832,1.5610360914723649,11444.790612984127,2199089.4893168183,2.739402929373351,3.9714260025093835,1.449741460055262,5.421167462564644,combusting,True,False,2199089.4893168183,6827073.269346998,2659369.055513508,2960401.008493923,2655509.725417383,2992675.088691401,False,False,0,0,True,3.63382692588e-06,1,0,36,0,True,7.7264555148e-06,1,0
18.900000000000002,-479.9791805556176,6553.437920849916,-72.290752143104,659.863205090134,663.8112700739871,659.863205090134,14.142188561390153,0.0,665.4998893092702,40.76969846455663,96.2520573129501,97.46246831695181,97.45201119937926,-0.010457117572549546,0.0003060185554200057,0.0003060185554200057,186.80694409261145,4.20030702311666,2398.3445370532186,43749.73448981692,2.1183216910503595,137422.46231618736,0.30342113185030306,1906.812872735772,0.303420871293221,1906.8112352967605,-0.0014553118094564816,-9.145728496870467,4.576536722611268,1.5591781993145775,11430.316438581158,2195403.8110152637,2.741336353883112,3.9659923421819707,1.4467368575782864,5.412729199760257,combusting,True,False,2195403.8110152637,6777341.66597514,2654427.2317733155,2955041.7400812116,2649935.801551009,2985781.761813431,False,False,0,0,True,3.63382692588e-06,1,0,36,0,True,7.7264555148e-06,1,0
19.0,-487.2411384033154,6619.628301653499,-72.94840481085613,663.944410981556,667.9398555544457,663.944410981556,14.010643222593274,0.0,669.6148571444103,40.854419358393535,96.27000995711002,97.46174936813851,97.45411977774734,-0.007629590391188624,0.00043001414576383356,0.00043001414576383356,186.26611066738025,4.196350899735323,2396.2522213695265,43349.31522033332,2.133285358049996,138095.16940317178,0.30143047749106994,1903.5757947964746,0.3014303396420808,1903.5749242607505,-0.0010552712021805986,-6.664185831959464,4.572180516580688,1.5575201692721283,11415.751795470036,2191702.5949453088,2.743201022691475,3.9604932610805634,1.4437488278546753,5.404242088935239,combusting,True,False,2191702.5949453088,6728118.893741732,2649456.4652427514,2949645.428533345,2644360.6426311755,2978898.517186421,False,False,0,0,True,3.63382692588e-06,1,0,36,0,True,7.7264555148e-06,1,0
19.1,-494.56900064016236,6686.227229925152,-73.60883992608058,668.0341544514837,672.0772967665044,668.0341544514837,13.878285945347795,0.0,673.7385462528857,40.94045003368498,96.28789809665531,97.46111107910026,97.45681741847002,-0.00429366063024254,0.0005116401071742905,0.0005116401071742905,185.72613629502465,4.192353126623205,2394.144717233242,42949.39245807956,2.1483162884127736,138755.99264642282,0.2994306505912452,1899.9953049937383,0.2994306072051172,1899.9950296931327,-0.0005901757780016043,-3.744877837689408,4.567822852298101,1.556028701512209,11401.110543205792,2187988.56924191,2.744998383908606,3.9549269982627964,1.4407757109974584,5.395702709260254,combusting,True,False,2187988.56924191,6679401.126777096,2644459.1379464087,2944213.661445439,2638785.872688656,2972025.5781472703,False,False,0,0,True,3.63382692588e-06,1,0,36,0,True,7.7264555148e-06,1,0
19.200000000000003,-501.9630575940179,6753.235566609299,-74.2722991510287,672.1325792314424,676.2237636208084,672.1325792314424,13.74511501863129,0.0,677.8711302758251,41.02804555857746,96.3057412288658,97.46057053475201,97.45984717471966,-0.0007233600323614664,0.0005459443346023714,0.0005459443346023714,185.18701737485628,4.188317733414491,2392.0213206486137,42549.90779283452,2.163415546642383,139404.5654516621,0.29742197483370314,1896.0709095496231,0.29742197361002043,1896.070901748622,-9.880273401987145e-05,-0.6298693627590646,4.563449602921184,1.5546285516232614,11386.400429588064,2184262.9957542857,2.746731024057265,3.9492975693973453,1.4378173671929984,5.3871149365903435,combusting,True,False,2184262.9957542857,6631177.568276932,2639437.5020106826,2938749.380381319,2633212.6081848107,2965163.938812536,False,False,0,0,True,3.63382692588e-06,1,0,36,0,True,7.7264555148e-06,1,0
19.3,-509.4236160234517,6820.654187088576,-74.93886943764943,676.239830354123,680.3794105570554,676.239830354123,13.611128702727143,0.0,682.0127640506691,41.11697688740548,96.32354540078471,97.4601314955464,97.46293466133186,0.002803165785460624,0.0005317918052857371,0.0005317918052857371,184.64876647054922,4.184242068074012,2389.880530918038,42151.194209782014,2.1785841686933267,140041.55420734113,0.2954110690781467,1891.8565873620728,0.2954110508195002,1891.856470430975,0.0003804270974046812,2.436311924539596,4.558797228523001,1.552238543095683,11371.593133902768,2180526.197207914,2.7484003460249333,3.9436076226055543,1.4348737906066973,5.378481413212252,combusting,True,False,2180526.197207914,6583444.567482277,2634392.5516816103,2933254.0545713636,2627641.1112742205,2958313.812283423,False,False,0,0,True,3.63382692588e-06,1,0,36,0,True,7.7264555148e-06,1,0
19.400000000000002,-516.9509835254578,6888.48397980969,-75.60848060246941,680.356024068142,684.5443461345833,680.356024068142,13.476325231955478,0.0,686.163553474219,41.20689738612084,96.34130369430946,97.45978492354139,97.46580968337925,0.006024759837849546,0.00047178021060138284,0.00047178021060138284,184.1113718821013,4.180122842060923,2387.7221512118476,41753.09827394338,2.1938230148269695,140666.32479525477,0.2933918552443443,1887.3077326665905,0.2933917714475339,1887.3071936251501,0.0008123373787691236,5.225539118010775,4.554077436219949,1.549749664977316,11356.54143654569,2176778.16558201,2.7500093091330657,3.937865211984749,1.431946138839127,5.369811350823876,combusting,True,False,2176778.16558201,6536188.468771534,2629326.190663756,2927731.0410474,2622072.037309625,2951476.49305662,False,False,0,0,True,3.63382692588e-06,1,0,36,0,True,7.7264555148e-06,1,0
19.5,-524.5454534196375,6956.725842584449,-76.28091728112781,684.4812314270725,688.718617809314,684.4812314270725,13.34070282202443,0.0,690.3235407878217,41.2972497869491,96.35899776389752,97.45951052846641,97.46822721560373,0.00871668713731154,0.0003720977312030324,0.0003720977312030324,183.574845345811,4.17596718974315,2385.547384952824,41355.51237945661,2.2091327520633914,141278.31748145976,0.29141545637416594,1882.7498509931474,0.291415282055494,1882.7487247713002,0.001167983748415127,7.546000667402973,4.547503541522912,1.5397279394105332,11341.436504608459,2173020.9312302484,2.751559081747179,3.932067731291387,1.4290326373056148,5.361100368597001,combusting,True,False,2173020.9312302484,6489406.017775108,2624239.9025661335,2922181.5850834674,2616506.2540726764,2944652.0986275603,False,False,0,0,True,3.63382692588e-06,1,0,36,0,True,7.7264555148e-06,1,0
19.6,-532.2072917674375,7025.380680522405,-76.95584967487052,688.6155273320189,692.9022638741599,688.6155273320189,13.204259674138742,0.0,694.4927571980718,41.3886683080715,96.37660026662493,97.45927909664958,97.46998626540463,0.010707168755049424,0.00024192648344324423,0.00024192648344324423,183.03918794103538,4.171768982827807,2383.356908823241,40958.78005876542,2.2245140468406683,141878.21358545084,0.28946490328459296,1878.0889226763634,0.2894646418543776,1878.087226480431,0.0014260019777039812,9.252100989277277,4.539669572917112,1.5246605474069834,11326.277612590138,2169255.2572290837,2.7530515904948634,3.9262178769667013,1.426133055596303,5.352350932563004,combusting,True,False,2169255.2572290837,6443089.514515224,2619135.123937953,2916607.745511783,2610944.3281301945,2937841.229619804,False,False,0,0,True,3.63382692588e-06,1,0,36,0,True,7.7264555148e-06,1,0
19.700000000000003,-539.9367281101762,7094.449411275388,-77.63287717990103,692.7590877276215,697.0954147377789,692.7590877276215,13.066993964576909,0.0,698.6713249123877,41.482539601804966,96.39407781044004,97.45905527251536,97.47094316426643,0.01188789175107751,9.209423149852592e-05,9.209423149852592e-05,182.50440643452657,4.167532931013687,2381.1500548198887,40562.84134167408,2.23996784105307,142465.63426790974,0.28750413788735063,1873.0904118183073,0.2875038175877227,1873.088325065169,0.0015735663070502017,10.251789709026495,4.5318362319697085,1.5097525940987215,11311.069209167666,2165481.802441967,2.7544882719220287,3.9203178636248253,1.4232472519802393,5.343565115605065,combusting,True,False,2165481.802441967,6397233.948225987,2614013.0734422766,2911011.014619795,2605386.7780200746,2931044.1746403174,False,False,0,0,True,3.63382692588e-06,1,0,36,0,True,7.7264555148e-06,1,0
19.8,-547.733950030264,7163.932973943456,-78.31156122185871,696.9121656337712,701.298272655336,696.9121656337712,12.928903826991686,0.0,702.8594376336448,41.57901853301364,96.4113940121858,97.45880065171582,97.47101780864013,0.012217156924318556,-6.603842971427212e-05,-6.603842971427212e-05,181.97050426769874,4.163257736388691,2378.926891678998,40167.4288807358,2.2554953018929718,143039.61948632772,0.2855331192083521,1867.744047495468,0.28553278300576684,1867.7418483096815,0.0016071582307968652,10.51282676866575,4.5240019749687335,1.4950030608373077,11295.820006405378,2161701.460828047,2.755870637132732,3.914370362988052,1.4203752201738498,5.334745583161902,combusting,True,False,2161701.460828047,6351832.772857992,2608875.3064268446,2905393.1633912665,2599834.441756057,2924261.4239316257,False,False,0,0,True,3.63382692588e-06,1,0,36,0,True,7.7264555148e-06,1,0
19.900000000000002,-555.5991007462042,7233.832333081368,-78.9914530969419,701.0750171244559,705.5110412306972,701.0750171244559,12.789987344447688,0.0,707.0572907802822,41.67801125334131,96.42851250280931,97.45847689148987,97.47019451495137,0.01171762346150884,-0.00022134528187608477,-0.00022134528187608477,181.4374846414849,4.158938172578604,2376.6852976405353,39772.95207588846,2.2710976547973507,143601.14223503094,0.28355187626165257,1862.06546261634,0.28355156891657907,1862.063444302605,0.0015318229840546335,10.059375064116917,4.516162554063391,1.4804160028379085,11280.527562540796,2157914.8598922696,2.7572001455158097,3.908377533750453,1.4175168023644813,5.325894336114934,combusting,True,False,2157914.8598922696,6306880.115342736,2603722.9918925324,2899755.7516604555,2594287.7980695907,2917493.331005401,False,False,0,0,True,3.63382692588e-06,1,0,36,0,True,7.7264555148e-06,1,0
20.0,-563.5322755461499,7304.148479100328,-79.67204290197564,705.2479032547562,709.7339215969631,705.2479032547562,12.654972903432219,0.0,711.2656907884437,41.77971135561823,96.44539281808385,97.4584194434353,97.46852505703707,0.01010561360176386,-0.0003614054646875191,-0.0003614054646875191,180.90535055795607,4.154579975834073,2374.4254816061166,39379.434644964946,2.286778076586078,144150.3420534076,0.28155997448414116,1856.0561889834805,0.2815597473248616,1856.0546915391528,0.0013127547944256648,8.653739457377064,4.508324249014329,1.4659936725248903,11265.195223431188,2154122.6775961244,2.758478285948242,3.9023416352323994,1.4146718700346586,5.317013505267058,combusting,True,False,2154122.6775961244,6262369.568088667,2598557.3695940613,2894100.46198968,2588747.3951711403,2910740.381430255,False,False,0,0,True,3.63382692588e-06,1,0,36,0,True,7.7264555148e-06,1,0
20.1,-571.5334762714581,7374.882433156974,-80.35197160418485,709.4311778781577,713.9671109275762,709.4311778781577,12.569916277286072,0.0,715.4907919694333,41.885781122142646,96.46192690326436,97.4621689176285,97.46619720128061,0.004028283652106387,-0.0004511694845466038,-0.0004511694845466038,180.3741048113618,4.150178689821894,2372.149439542179,38986.529126269575,2.302556948311433,144688.4044718283,0.2795668888901373,1849.796639997873,0.27956685314153834,1849.7964034618565,0.0005182933727532525,3.4293665578862274,4.5002120754554715,1.4506149425345103,11249.83085662426,2150325.450359458,2.7597065544097004,3.8962646709361,1.4118402062387059,5.308104877174806,combusting,True,False,2150325.450359458,6218295.5999841085,2593379.4767902284,2888428.7126270374,2583213.5863979016,2904002.7991198148,False,False,0,0,True,3.63382692588e-06,1,0,36,0,True,7.7264555148e-06,1,0
20.200000000000003,-579.6025834949988,7446.035242940289,-81.0301728666274,713.625017788132,718.2106619425163,713.625017788132,12.484355982775451,0.0,719.7260820055346,41.99101708528343,96.47803405405494,97.46558897522604,97.46357456560723,-0.0020144096188149585,-0.0004643030670692701,-0.0004643030670692701,179.84375836016721,4.145738966844701,2369.856616857556,38594.57865961473,2.318413978604428,145213.4250796934,0.2776396137290907,1843.7104860718734,0.27763960502875884,1843.7104282959212,-0.000252343859153669,-1.6757299614724082,4.4899125329628875,1.426330568247769,11234.430708543507,2146523.4002682846,2.760886144569297,3.8901478999011503,1.409021486653163,5.299169386554313,combusting,True,False,2146523.4002682846,6174655.778319129,2588189.865105212,2882741.374790857,2577686.3465756527,2897280.47050611,False,False,0,0,True,3.63382692588e-06,1,0,36,0,True,7.7264555148e-06,1,0
20.3,-587.7394333305482,7517.607966320072,-81.70682384436233,717.8294498075564,722.4646178697977,717.8294498075564,12.398290747826186,0.0,723.9716096667245,42.09762330938353,96.49373482061779,97.46869877870547,97.46107577721708,-0.007623001488400245,-0.0004079386273045838,-0.0004079386273045838,179.31430659612093,4.141259731307613,2367.5470041056806,38203.66838884417,2.3343499431445367,145725.42101188737,0.27570640215620856,1837.3280055026676,0.2757062810022852,1837.3271981238959,-0.0009289544311935873,-6.190621541318982,4.4793085078996615,1.4009481002571411,11218.995883006033,2142716.959012748,2.762018956539753,3.8839933586135764,1.406215315581841,5.290208674195418,combusting,True,False,2142716.959012748,6131442.388485402,2582989.470604066,2877040.0979289403,2572165.818266257,2890573.854463749,False,False,0,0,True,3.63382692588e-06,1,0,36,0,True,7.7264555148e-06,1,0
20.400000000000002,-595.9438921896716,7589.6016694394,-82.38235333810333,722.0446125789986,726.7291618587218,722.0446125789986,12.3117192904156,0.0,728.227567416485,42.20563212385743,96.50906801612638,97.47153555569764,97.4590636575903,-0.012471898107333401,-0.0002944236213202475,-0.0002944236213202475,178.78575192806738,4.136737855286406,2365.220716656024,37813.671142492596,2.350366076005429,146223.81436989649,0.27376226519417873,1830.611640096644,0.2737619501251279,1830.6095332720547,-0.001477219849944295,-9.877971496078,4.468697405491676,1.3757130136977627,11203.531909131636,2138906.813299886,2.7631057656341924,3.8778028819725177,1.4034218053475338,5.281224687320051,combusting,True,False,2138906.813299886,6088650.673135119,2577779.43518922,2871325.96145755,2566652.710514448,2883883.097179256,False,False,0,0,True,3.63382692588e-06,1,0,36,0,True,7.7264555148e-06,1,0
20.5,-604.2158763921861,7662.017432158641,-83.0573307121902,726.270641805839,731.0044906388055,726.270641805839,12.224640312026155,0.0,732.4941632199706,42.31495241574301,96.52408253751963,97.47414661997911,97.45782415004622,-0.01632246993289289,-0.0001382461336323072,-0.0001382461336323072,178.2580950361645,4.132173893707603,2362.8733308924843,37424.514763375555,2.3664636758504165,146708.18288690865,0.27180711739438945,1823.5584488986844,0.27180659361991544,1823.55493488707,-0.0018772901446267318,-12.594770648706248,4.45808065838828,1.350628946045076,11188.04254619637,2135093.471388707,2.764147694229176,3.8715781819778354,1.400640852173235,5.272219034151071,combusting,True,False,2135093.471388707,6046274.99550436,2572560.692640056,2865600.20024557,2561147.4223171147,2877208.475254524,False,False,0,0,True,3.63382692588e-06,1,0,36,0,True,7.7264555148e-06,1,0
20.6,-612.555363276685,7734.856347350585,-83.73240697778303,730.5076620330198,735.2907997977683,730.5076620330198,12.137052498493059,0.0,736.7716047386883,42.42545212932046,96.53883257733804,97.47658461424773,97.4575582178978,-0.019026396349925628,4.541830209642747e-05,4.541830209642747e-05,177.7313378071596,4.127566580317638,2360.5091581866745,37036.47891098517,2.382644076614862,147179.21996955926,0.2698409783163962,1816.1801503234585,0.2698402883052363,1816.1755061638505,-0.0021226917586314098,-14.286898384874812,4.447455343885699,1.3256890326069664,11172.5256314416,2131277.281569574,2.7651457319913733,3.865320602758683,1.3978722922408136,5.263192894999497,combusting,True,False,2131277.281569574,6004310.867624536,2567333.931613036,2859863.7764880187,2555650.1570280297,2870550.0874694693,False,False,0,0,True,3.63382692588e-06,1,0,36,0,True,7.7264555148e-06,1,0
20.700000000000003,-620.9623966859248,7808.1195200330685,-84.40826120701087,734.7557916166394,739.5882826777242,734.7557916166394,12.04895452104726,0.0,741.0600972797034,42.53713952979997,96.55337329550326,97.47890319191745,97.4583813501623,-0.020521841755154847,0.0002419090618021145,0.0002419090618021145,177.20548186360145,4.122919685035336,2358.1277588217968,36649.58694178767,2.398908598913103,147636.82726136292,0.26786395506976285,1808.4791483986753,0.2678631776746997,1808.4738998285143,-0.002218412278165637,-14.977574517516842,4.436815203390993,1.3008517130362933,11156.983041610021,2127458.6598218847,2.7661009200868767,3.8590316344098152,1.3951159939199225,5.254147628329738,combusting,True,False,2127458.6598218847,5962753.262937697,2562099.9395570513,2854117.786391681,2550161.206166793,2863908.1612760285,False,False,0,0,True,3.63382692588e-06,1,0,36,0,True,7.7264555148e-06,1,0
20.8,-629.4370826556686,7881.808027627934,-85.08545818786898,739.014360280713,743.896336794416,739.014360280713,11.960345084103517,0.0,745.3590494746903,42.63423376152851,96.56775678543896,97.48115396646307,97.46033051724262,-0.02082344922044511,0.00043847860266352413,0.00043847860266352413,176.68052923500392,4.118233188146052,2355.729051032397,36263.60534012974,2.4152559736086068,148079.7420791719,0.26629511142007994,1803.280840122498,0.26629433860924107,1803.27560684964,-0.002174781967340785,-14.727054628363078,4.428185467146145,1.2845100663078877,11141.419661499707,2123637.901854993,2.767014167829051,3.8527124712335428,1.3923717905124826,5.245084261746024,combusting,True,False,2123637.901854993,5921597.999527501,2556859.3151769456,2848363.0806541853,2544680.7206396647,2857282.751282332,False,False,0,0,True,3.63382692588e-06,1,0,36,0,True,7.7264555148e-06,1,0
20.900000000000002,-637.9795805254478,7955.922877402435,-85.76449920771184,743.2826352092811,748.2142909140421,743.2826352092811,11.871222976436538,0.0,749.6677997953983,42.731264835793034,96.58202972053677,97.48338319886557,97.46337547559014,-0.020007723275425045,0.0006244123723379739,0.0006244123723379739,176.15648879048706,4.113502884932177,2353.3133379048004,35878.70988712999,2.4316847323174144,148508.00188796068,0.2647484064293811,1797.9919159674391,0.2647477187161975,1797.9872454851452,-0.0020156177163763007,-13.688710759783255,4.419683289040968,1.2688785914164578,11125.826735153876,2119813.884242843,2.7678895670748656,3.846363579259567,1.3896376593248423,5.236001238584409,combusting,True,False,2119813.884242843,5880842.975159291,2551611.0752420784,2842600.1937961476,2539206.3143678866,2850673.7728992123,False,False,0,0,True,3.63382692588e-06,1,0,36,0,True,7.7264555148e-06,1,0
21.0,-646.5901003897908,8030.4650428592295,-86.44589807915149,747.5606739266401,752.5422609371273,747.5606739266401,11.7815870274225,0.0,753.9864720484145,42.829509546860585,96.59623179914725,97.48562922596334,97.46742977932384,-0.018199446639494625,0.000790806608240928,0.000790806608240928,175.63336321536352,4.108731241041969,2350.877314248499,35495.03968599738,2.4481959536187983,148921.86383849967,0.26319383031491284,1792.4155076755185,0.2631932827380891,1792.4117785410274,-0.0017656902506818807,-12.024790183291591,4.411155260509147,1.2533113115092311,11110.210948718599,2115988.203097334,2.7687252006411525,3.839986850096615,1.3869151222401526,5.226901972336767,combusting,True,False,2115988.203097334,5840484.00526247,2546357.270391493,2836829.9780423907,2533740.4630760932,2844081.328434355,False,False,0,0,True,3.63382692588e-06,1,0,36,0,True,7.7264555148e-06,1,0
21.1,-655.268899066751,8105.435506862794,-87.13007546005146,751.8486061446162,756.8804242489539,751.8486061446162,11.691436055180123,0.0,758.315249549788,42.92913481159706,96.61039417553775,97.48792181941063,97.47236286737339,-0.015558952037243815,0.0009311659668684458,0.0009311659668684458,175.11114613269854,4.10391458719299,2348.422409017649,35112.618724561566,2.464790912167793,149321.23429272167,0.26163131446755195,1786.5526501962472,0.26163093004626997,1786.5500251707929,-0.001451153458228214,-9.909219245850633,4.402593315427657,1.2377900051167303,11094.575234535108,2112161.468668138,2.7695219551285573,3.8335840143341398,1.3842042332378586,5.217788247571998,combusting,True,False,2112161.468668138,5800514.067600573,2541098.9287877954,2831053.714414782,2528283.7682016925,2837505.789720344,False,False,0,0,True,3.63382692588e-06,1,0,36,0,True,7.7264555148e-06,1,0
21.200000000000003,-664.0162700197662,8180.835266072657,-87.81734360025062,756.1465780526221,761.2289624926883,756.1465780526221,11.600768861239757,0.0,762.6543178833355,43.03030334750645,96.62453903638144,97.49028183236528,97.47801392360773,-0.01226790875755558,0.0010414247832252587,0.0010414247832252587,174.58983634467648,4.099056826274064,2345.949870577846,34731.20749976513,2.4814708815547775,149705.10238170912,0.2600607940635728,1780.3935492324815,0.2600605649612548,1780.391980782725,-0.0010978360760131325,-7.515859031679635,4.393989959064277,1.2222674380033691,11078.910244239469,2108331.4259459446,2.7702662531009588,3.8271434479474586,1.3815074430710266,5.208650891018484,combusting,True,False,2108331.4259459446,5760927.473560381,2535831.2367951744,2825272.504933965,2522835.4048917852,2830947.441198902,False,False,0,0,True,3.63382692588e-06,1,0,36,0,True,7.7264555148e-06,1,0
21.3,-672.8324850953297,8256.66533786691,-88.50695791102284,760.4548578324751,765.5880565941932,760.4548578324751,11.587713892067526,0.0,767.0140377622682,43.135292246053126,96.63860843505151,97.49843661294241,97.48426453449856,-0.01417207844384687,0.001140450022897631,0.001140450022897631,174.06943743910898,4.094159078588252,2343.45891110351,34351.027743377635,2.4982703252614558,150078.02231850417,0.25847945598916244,1773.9756496647974,0.25847916340379923,1773.973641616197,-0.0012148500524979382,-8.337662282977348,4.3852368602912,1.2062900194900463,11063.188565398434,2104493.77151154,2.770934142281573,3.820644030517542,1.3788288838115954,5.199472914329138,combusting,True,False,2104493.77151154,5721720.3487585075,2530545.238387351,2819487.152644542,2517393.496142948,2824406.281708241,False,False,0,0,True,3.63382692588e-06,1,0,36,0,True,7.7264555148e-06,1,0
21.400000000000002,-681.717594575939,8332.926742073862,-89.19523170115825,764.7732263065336,769.9570618115843,764.7732263065336,11.822188395110475,0.0,771.4159752288065,43.23207723753764,96.65233246972444,97.52452993889207,97.4912765994031,-0.033253339488970045,0.0013072223760520075,0.0013072223760520075,173.54995596245334,4.089213286302249,2340.9482271152992,33972.17812230942,2.5152603858027036,150448.4648282499,0.25729508168876614,1770.205844626282,0.257293540899584,1770.195243902795,-0.0027294567268710958,-18.778828646271375,4.375908567965712,1.188127980370755,11047.360482693386,2100639.9060776755,2.7714782063958507,3.8140437636235114,1.3761767113382637,5.190220474961775,combusting,True,False,2100639.9060776755,5682888.637075947,2525223.0806214055,2813698.6783201555,2511954.256397723,2817882.3061196464,False,False,0,0,True,3.63382692588e-06,1,0,36,0,True,7.7264555148e-06,1,0
21.5,-690.6713526162047,8409.620459578475,-89.87992910415942,769.1011237857664,774.3351601627667,769.1011237857664,12.057992095362447,0.0,775.8272219940524,43.325872348714626,96.66555694598796,97.55007016945078,97.4995683458474,-0.05050182360338117,0.0015871431478203049,0.0015871431478203049,173.03140420849684,4.08422311696806,2338.414588494021,33594.68274835754,2.5323347028102168,150803.35424714923,0.25615331575373157,1766.5075932325778,0.25614992365449635,1766.484200331969,-0.00396132342559389,-27.318435796823188,4.366576115256871,1.170132607910531,11031.300454834134,2096747.4755220555,2.771786020094331,3.807239470692771,1.3735690428813119,5.180808513574082,combusting,True,False,2096747.4755220555,5644428.704560449,2519819.6672240375,2807908.2511730087,2506506.057025899,2811375.313333452,False,False,0,0,True,3.63382692588e-06,1,0,36,0,True,7.7264555148e-06,1,0
21.6,-699.6934622574101,8486.747424130674,-90.56226371994799,773.4381672582014,778.7221084455011,773.4381672582014,12.295127863745526,0.0,780.2475514701259,43.41499710092811,96.67838179119298,97.57515803382779,97.5097113851551,-0.06544664867269345,0.0019534454937505845,0.0019534454937505845,172.51381297546413,4.0791800696464655,2335.8537121907348,33218.388495714826,2.549493243569487,151141.79747626762,0.2550066425151769,1762.5465721236408,0.2550012180699455,1762.5090796204888,-0.004894512756636643,-33.82973320356515,4.357266188185599,1.1524497245716256,11014.419999753249,2092711.106183488,2.7712715118066753,3.7997125780403738,1.3711080137229956,5.17082059176337,combusting,True,False,2092711.106183488,5606337.55046301,2514115.191422097,2802117.8404401625,2501004.223948475,2804884.5486736856,False,False,0,0,True,3.63382692588e-06,1,0,36,0,True,7.7264555148e-06,1,0
21.614346970745174,-700.9934576676117,8497.848387546019,-90.6600212197345,774.0611080268145,779.3521915073201,774.0611080268145,12.329259059035971,0.0,780.8824436571992,-22.308896727277972,96.68019389118726,97.57872525163764,97.51134115208319,-0.06738409955443544,0.0020118234735593114,0.0020118234735593114,172.43963221298705,4.078449901359348,2335.4822178547074,33164.575106190096,2.5519618130578885,151189.2557375531,0.3158373299523118,2183.6795845304036,0.31583166331044416,2183.6404057222458,-0.005003990083783456,-34.59727508714818,4.35593209846751,1.149946942014761,0.0,2092026.5433654126,2.7705732993900654,0.0,0.0,0.0,shutdown,False,False,2092026.5433654126,5600902.630078219,2513071.9934324254,2801287.5975467507,2500177.289855614,2803954.4670202713,False,False,0,0,True,3.63382692588e-06,1,0,36,0,True,7.7264555148e-06,1,0
21.700000000000003,-708.7519326283144,8564.067504514964,-90.50052915894165,772.1566392039164,777.4421015385876,772.1566392039164,12.532857389078535,0.0,779.0004840885792,-22.16048959149918,96.6848466304474,97.60041512546091,97.52215154275456,-0.07826358270635404,0.0023937862820665075,0.0023937862820665075,172.43963221298705,4.078449901359348,2335.4822178547074,33164.575106190096,2.548159993669661,149284.5989846331,0.3162101627422987,2158.7152259683526,0.3162024152364138,2158.662335008834,-0.005887812397179098,-40.195135283473114,4.3578283910870255,1.1578055935668357,0.0,2092026.5433654126,2.7705732993900654,0.0,0.0,0.0,shutdown,False,False,2092026.5433654126,5600902.630078219,2513071.9934324254,2801287.5975467507,2500177.289855614,2803954.4670202713,False,False,0,0,True,3.63382692588e-06,1,0,36,0,True,7.7264555148e-06,1,0
21.8,-717.7926093774594,8641.172790809902,-90.31300582396105,769.9490866948744,775.227731136619,769.9490866948744,12.769926505153661,0.0,776.8189538366324,-21.990560588698507,96.69007405209027,97.62557282373076,97.53733798475449,-0.08823483897627711,0.0029072820091758044,0.0029072820091758044,172.43963221298705,4.078449901359348,2335.4822178547074,33164.575106190096,2.5437591504634756,147096.48790109978,0.3166412544164921,2129.974117577284,0.31663125980671286,2129.9068860973416,-0.0067338618598421374,-45.29716602858916,4.360046918907866,1.1669996583030164,0.0,2092026.5433654126,2.7705732993900654,0.0,0.0,0.0,shutdown,False,False,2092026.5433654126,5600902.630078219,2513071.9934324254,2801287.5975467507,2500177.289855614,2803954.4670202713,False,False,0,0,True,3.63382692588e-06,1,0,36,0,True,7.7264555148e-06,1,0
21.900000000000002,-726.8145022657632,8718.05816244435,-90.12485194211169,767.7583459940497,773.029990867823,767.7583459940497,13.006319468183003,0.0,774.6540623788005,-21.824253427320965,96.69513972766855,97.65061087909744,97.55562560529985,-0.09498527379759014,0.0034763018082604254,0.0034763018082604254,172.43963221298705,4.078449901359348,2335.4822178547074,33164.575106190096,2.5393984384239765,144945.61085567367,0.3170672468752366,2101.6528239502554,0.3170555017073572,2101.5749721207626,-0.007347578692384691,-48.70278989782675,4.362276881453212,1.1762411110396362,0.0,2092026.5433654126,2.7705732993900654,0.0,0.0,0.0,shutdown,False,False,2092026.5433654126,5600902.630078219,2513071.9934324254,2801287.5975467507,2500177.289855614,2803954.4670202713,False,False,0,0,True,3.63382692588e-06,1,0,36,0,True,7.7264555148e-06,1,0
22.0,-735.8175939314774,8794.725282478148,-89.93698137217619,765.5840546819508,770.8486267754489,765.5840546819508,13.242041391436292,0.0,772.5055698968845,-21.661572829021665,96.70011255039125,97.67559781132377,97.57727393006785,-0.09832388125591988,0.004080389086590513,0.004080389086590513,172.43963221298705,4.078449901359348,2335.4822178547074,33164.575106190096,2.53507726367726,142830.96658758665,0.317487700373578,2073.737616378843,0.3174749488603382,2073.654327191136,-0.007703034207603735,-50.31398626707321,4.364524043419291,1.1855538419392568,0.0,2092026.5433654126,2.7705732993900654,0.0,0.0,0.0,shutdown,False,False,2092026.5433654126,5600902.630078219,2513071.9934324254,2801287.5975467507,2500177.289855614,2803954.4670202713,False,False,0,0,True,3.63382692588e-06,1,0,36,0,True,7.7264555148e-06,1,0
22.1,-744.8019601347842,8871.175777882576,-89.75034269395547,763.4258534065907,768.6833923425586,763.4258534065907,13.4770972772248,0.0,770.3732459091405,-21.50245268239983,96.7050647605821,97.70060546527247,97.60242172090032,-0.09818374437214245,0.004697845906002882,0.004697845906002882,172.43963221298705,4.078449901359348,2335.4822178547074,33164.575106190096,2.5307950500116,140751.22101926946,0.3179024212488459,2046.2115506882926,0.3178895482243952,2046.1286921456624,-0.007784515574569585,-50.105833175547176,4.366792703515363,1.1949556657936784,0.0,2092026.5433654126,2.7705732993900654,0.0,0.0,0.0,shutdown,False,False,2092026.5433654126,5600902.630078219,2513071.9934324254,2801287.5975467507,2500177.289855614,2803954.4670202713,False,False,0,0,True,3.63382692588e-06,1,0,36,0,True,7.7264555148e-06,1,0
22.200000000000003,-753.7677712204851,8947.411239823763,-89.56587902005957,761.2833854171138,766.5340433384401,761.2833854171138,13.711492017772734,0.0,768.2568634777225,-21.346907101211155,96.71006899829078,97.72570607549488,97.63108236453117,-0.09462371096371781,0.005306606035975425,0.005306606035975425,172.43963221298705,4.078449901359348,2335.4822178547074,33164.575106190096,2.526551263347938,138706.52275950764,0.31831148823685734,2019.080910772592,0.31829939201186125,2019.0041832340503,-0.0075872460983301155,-48.126644273275545,4.369085483300253,1.2044574469163085,0.0,2092026.5433654126,2.7705732993900654,0.0,0.0,0.0,shutdown,False,False,2092026.5433654126,5600902.630078219,2513071.9934324254,2801287.5975467507,2500177.289855614,2803954.4670202713,False,False,0,0,True,3.63382692588e-06,1,0,36,0,True,7.7264555148e-06,1,0
22.3,-762.715289640835,9023.433224002438,-89.38448938694256,759.1562981564218,764.4003348858022,759.1562981564218,13.945230396261822,0.0,766.15619557701,-21.194838096986953,96.71519540567542,97.75096937932902,97.66314426761703,-0.08782511171199074,0.0058851094300974675,0.0058851094300974675,172.43963221298705,4.078449901359348,2335.4822178547074,33164.575106190096,2.5223453449843167,136696.17405631006,0.3187152484124376,1992.3412494199072,0.31870471277078594,1992.275389397344,-0.00711755784571425,-44.49302053097315,4.371403239426789,1.2140627354639097,0.0,2092026.5433654126,2.7705732993900654,0.0,0.0,0.0,shutdown,False,False,2092026.5433654126,5600902.630078219,2513071.9934324254,2801287.5975467507,2500177.289855614,2803954.4670202713,False,False,0,0,True,3.63382692588e-06,1,0,36,0,True,7.7264555148e-06,1,0
22.400000000000002,-771.6448638192453,9099.243251456477,-89.20699418126263,757.0442509243401,762.2820250199077,757.0442509243401,14.178317089298847,0.0,764.0710179323032,-21.046106545138542,96.72050892935997,97.77645992208237,97.69837614722485,-0.07808377485751758,0.006413136586358968,0.006413136586358968,172.43963221298705,4.078449901359348,2335.4822178547074,33164.575106190096,2.518176740295305,134719.45934665712,0.3191142669129897,1965.9889722988485,0.319105851383938,1965.937126176543,-0.006392533182496763,-39.38291403708947,4.373745002835809,1.2237675154432712,0.0,2092026.5433654126,2.7705732993900654,0.0,0.0,0.0,shutdown,False,False,2092026.5433654126,5600902.630078219,2513071.9934324254,2801287.5975467507,2500177.289855614,2803954.4670202713,False,False,0,0,True,3.63382692588e-06,1,0,36,0,True,7.7264555148e-06,1,0
22.5,-780.5569187915988,9174.842810144724,-89.0341052658128,754.946922840632,760.1788790850632,754.946922840632,14.410756671785283,0.0,762.0011127077362,-20.900455129665016,96.72606692820018,97.80223466610745,97.73643689233144,-0.06579777377600904,0.006872569771086814,0.006872569771086814,172.43963221298705,4.078449901359348,2335.4822178547074,33164.575106190096,2.514044887068042,132774.68615411193,0.3195092510342578,1940.0067718832809,0.31950321543748367,1939.970124748413,-0.0054391710778812444,-33.02573772234817,4.376108015508319,1.233560357020188,0.0,2092026.5433654126,2.7705732993900654,0.0,0.0,0.0,shutdown,False,False,2092026.5433654126,5600902.630078219,2513071.9934324254,2801287.5975467507,2500177.289855614,2803954.4670202713,False,False,0,0,True,3.63382692588e-06,1,0,36,0,True,7.7264555148e-06,1,0
22.6,-789.4519440747799,9250.233356862696,-88.86640039780644,752.8640115187833,758.0906653955171,752.8640115187833,14.642553622807348,0.0,759.9462634967002,-20.75777130807627,96.73191714775199,97.8283409783289,97.77688950996192,-0.0514514683669776,0.0072480576029544325,0.0072480576029544325,172.43963221298705,4.078449901359348,2335.4822178547074,33164.575106190096,2.5099492757569535,130862.27875562159,0.31990094926968676,1914.408141501638,0.31989722301421175,1914.3858421810673,-0.004293150431171555,-25.691834165822826,4.378487801377008,1.2434227103922921,0.0,2092026.5433654126,2.7705732993900654,0.0,0.0,0.0,shutdown,False,False,2092026.5433654126,5600902.630078219,2513071.9934324254,2801287.5975467507,2500177.289855614,2803954.4670202713,False,False,0,0,True,3.63382692588e-06,1,0,36,0,True,7.7264555148e-06,1,0
22.700000000000003,-798.3305606087566,9325.416308899301,-88.70593028172459,750.7950292132759,756.0171413126227,750.7950292132759,14.719184832515731,0.0,757.8851696185628,-20.621874803605028,96.7382203418645,97.84336634764692,97.81911391843671,-0.024252429210210726,0.0074910414488885855,0.0074910414488885855,172.43963221298705,4.078449901359348,2335.4822178547074,33164.575106190096,2.5058196548262135,128974.42651813292,0.3202947873593797,1889.1132818657877,0.3202939525686193,1889.1083582317628,-0.0020399608839316566,-12.031782446705842,4.3810787479901,1.2541601600942878,0.0,2092026.5433654126,2.7705732993900654,0.0,0.0,0.0,shutdown,False,False,2092026.5433654126,5600902.630078219,2513071.9934324254,2801287.5975467507,2500177.289855614,2803954.4670202713,False,False,0,0,True,3.63382692588e-06,1,0,36,0,True,7.7264555148e-06,1,0
22.8,-807.193661680617,9400.39302617817,-88.55609115548664,748.7393163641244,753.9580526462697,748.7393163641244,14.64076171831595,0.0,755.8175403577729,-20.49238218169341,96.74524207142336,97.84749073690631,97.86212256820669,0.014631831300371578,0.007521809457573246,0.007521809457573246,172.43963221298705,4.078449901359348,2335.4822178547074,33164.575106190096,2.5016550099881165,127110.73680541787,0.3206970191161756,1864.153559652922,0.32069671210040424,1864.1517750259723,0.001243170649529262,7.226325327135287,4.383446216408345,1.2639714672565137,0.0,2092026.5433654126,2.7705732993900654,0.0,0.0,0.0,shutdown,False,False,2092026.5433654126,5600902.630078219,2513071.9934324254,2801287.5975467507,2500177.289855614,2803954.4670202713,False,False,0,0,True,3.63382692588e-06,1,0,36,0,True,7.7264555148e-06,1,0
22.900000000000002,-816.0423798753409,9475.164814183157,-88.41827273898905,746.696443735619,751.9131399580451,746.696443735619,14.562552953215887,0.0,753.7643063635136,-20.36507039071834,96.75309684317874,97.85242572370778,97.90459958038315,0.05217385667536951,0.0073054649202093066,0.0073054649202093066,172.43963221298705,4.078449901359348,2335.4822178547074,33164.575106190096,2.4975246080531455,125276.8077802143,0.3211165510636297,1839.6613926212021,0.3211125879996028,1839.6386884165681,0.004498323255850746,25.770679206376204,4.385053178489814,1.2706310697491343,0.0,2092026.5433654126,2.7705732993900654,0.0,0.0,0.0,shutdown,False,False,2092026.5433654126,5600902.630078219,2513071.9934324254,2801287.5975467507,2500177.289855614,2803954.4670202713,False,False,0,0,True,3.63382692588e-06,1,0,36,0,True,7.7264555148e-06,1,0
23.0,-824.8778878961002,9549.732947614953,-88.29188767620242,744.6662249003222,749.8821533659301,744.6662249003222,14.484557203921668,0.0,751.7252051976802,-20.23930631745746,96.76174813835792,97.85813516137937,97.94516021975562,0.08702505837625614,0.006852869155061817,0.006852869155061817,172.43963221298705,4.078449901359348,2335.4822178547074,33164.575106190096,2.493427769823301,123473.09033436015,0.32154771893458,1815.6087881229992,0.32153653393076775,1815.5456323609742,0.007608200875680522,42.959460006311105,4.38662913324641,1.2771621711026173,0.0,2092026.5433654126,2.7705732993900654,0.0,0.0,0.0,shutdown,False,False,2092026.5433654126,5600902.630078219,2513071.9934324254,2801287.5975467507,2500177.289855614,2803954.4670202713,False,False,0,0,True,3.63382692588e-06,1,0,36,0,True,7.7264555148e-06,1,0
23.1,-833.7012825426975,9624.09868629548,-88.1760052557418,742.6485487101822,747.8648773703713,742.6485487101822,14.406773152702108,0.0,749.7000022191115,-20.114217487393315,96.77113216042076,97.86455564834783,97.98250755779753,0.11795190944970879,0.006183811158676428,0.006183811158676428,172.43963221298705,4.078449901359348,2335.4822178547074,33164.575106190096,2.4893638777052582,121699.0095129438,0.3219800257067084,1791.927768348879,0.3219591993011241,1791.811862356265,0.010447947210135948,58.14636074704722,4.388224205831966,1.2837725009225769,0.0,2092026.5433654126,2.7705732993900654,0.0,0.0,0.0,shutdown,False,False,2092026.5433654126,5600902.630078219,2513071.9934324254,2801287.5975467507,2500177.289855614,2803954.4670202713,False,False,0,0,True,3.63382692588e-06,1,0,36,0,True,7.7264555148e-06,1,0
23.200000000000003,-842.5135514392597,9698.263282512882,-88.069372675499,740.6433756378623,745.8611293529805,740.6433756378623,14.329199489706099,0.0,747.6884895848807,-19.98924396076783,96.78115913097133,97.87159782160658,98.01548170070998,0.1438838791034073,0.005326336078232948,0.005326336078232948,172.43963221298705,4.078449901359348,2335.4822178547074,33164.575106190096,2.4853323974726282,119953.9219329729,0.3224104363050857,1768.5936787111214,0.32237905245405535,1768.4215215031165,0.012902115467699777,70.77500381092617,4.389860810184472,1.2905549474725406,0.0,2092026.5433654126,2.7705732993900654,0.0,0.0,0.0,shutdown,False,False,2092026.5433654126,5600902.630078219,2513071.9934324254,2801287.5975467507,2500177.289855614,2803954.4670202713,False,False,0,0,True,3.63382692588e-06,1,0,36,0,True,7.7264555148e-06,1,0
23.3,-851.3155435197691,9772.227987367018,-87.97046893469434,738.6507214448836,743.8707493211688,738.6507214448836,14.251834906325442,0.0,745.6904771375405,-19.863839900187656,96.79171722411787,97.87915029466706,98.04310354760256,0.16395325293549126,0.004315507396906908,0.004315507396906908,172.43963221298705,4.078449901359348,2335.4822178547074,33164.575106190096,2.481332827625699,118236.34106123954,0.32283583103539054,1745.569870536836,0.32279460055695247,1745.3469377828153,0.014870435169136595,80.40428322273382,4.391559346045745,1.297594051746361,0.0,2092026.5433654126,2.7705732993900654,0.0,0.0,0.0,shutdown,False,False,2092026.5433654126,5600902.630078219,2513071.9934324254,2801287.5975467507,2500177.289855614,2803954.4670202713,False,False,0,0,True,3.63382692588e-06,1,0,36,0,True,7.7264555148e-06,1,0
23.400000000000002,-860.1079455631013,9845.994055557578,-87.87757193194814,736.6706423663098,741.8935927564318,736.6706423663098,14.174678090186633,0.0,743.7057866246382,-19.737741672223464,96.80267756970231,97.8870846573179,98.06461056549277,0.17752590817487005,0.003191858092483694,0.003191858092483694,172.43963221298705,4.078449901359348,2335.4822178547074,33164.575106190096,2.477364756442364,116546.74504838281,0.32325345931006816,1722.8515394979006,0.3232045911683467,1722.5910858174454,0.01627273409021501,86.72917233122304,4.3933372516929685,1.3049620817804413,0.0,2092026.5433654126,2.7705732993900654,0.0,0.0,0.0,shutdown,False,False,2092026.5433654126,5600902.630078219,2513071.9934324254,2801287.5975467507,2500177.289855614,2803954.4670202713,False,False,0,0,True,3.63382692588e-06,1,0,36,0,True,7.7264555148e-06,1,0
23.5,-868.8912658515399,9919.5627486014,-87.78883383682594,734.7032185101534,739.9295227490305,734.7032185101534,14.097727721785663,0.0,741.7342453435833,-19.61073542856416,96.81389999461365,97.89526121282948,98.0794830977828,0.18422188495331063,0.0019996350389173212,0.0019996350389173212,172.43963221298705,4.078449901359348,2335.4822178547074,33164.575106190096,2.473427761637942,114884.60820802393,0.32366133759735755,1700.4238875116137,0.323608181236719,1700.1446192305332,0.01705270251796045,89.59001072980217,4.395208286648041,1.3127160600443126,0.0,2092026.5433654126,2.7705732993900654,0.0,0.0,0.0,shutdown,False,False,2092026.5433654126,5600902.630078219,2513071.9934324254,2801287.5975467507,2500177.289855614,2803954.4670202713,False,False,0,0,True,3.63382692588e-06,1,0,36,0,True,7.7264555148e-06,1,0
23.6,-877.6658255954953,9992.935336793475,-87.70236104228205,732.7485453313017,737.9784108072062,732.7485453313017,14.020982472436874,0.0,739.7756885035843,-19.482728150206146,96.82523913846481,97.90353507610953,98.08746033451648,0.18392525840695118,0.0007849458853612388,0.0007849458853612388,172.43963221298705,4.078449901359348,2335.4822178547074,33164.575106190096,2.4695214375236842,113249.13409716367,0.3240585099536417,1678.2739208825737,0.3240050289605078,1677.9969469618693,0.017180293124738573,88.97540727596284,4.397181927756174,1.3208952606582092,0.0,2092026.5433654126,2.7705732993900654,0.0,0.0,0.0,shutdown,False,False,2092026.5433654126,5600902.630078219,2513071.9934324254,2801287.5975467507,2500177.289855614,2803954.4670202713,False,False,0,0,True,3.63382692588e-06,1,0,36,0,True,7.7264555148e-06,1,0
23.700000000000003,-886.431758302447,10066.113100127872,-87.61629309674728,730.8067213566285,736.0401339574086,730.8067213566285,13.944441003309691,0.0,737.8299578432468,-19.353751367963216,96.83655062413138,97.91176233217531,98.08854561460797,0.17678328243264876,-0.00040611166731008047,-0.00040611166731008047,172.43963221298705,4.078449901359348,2335.4822178547074,33164.575106190096,2.4656453921575676,111639.32397405586,0.32444515479560354,1656.3915870962808,0.3243953179773993,1656.1371549212859,0.016652681183385032,85.01702246758063,4.399262974219002,1.3295195725638362,0.0,2092026.5433654126,2.7705732993900654,0.0,0.0,0.0,shutdown,False,False,2092026.5433654126,5600902.630078219,2513071.9934324254,2801287.5975467507,2500177.289855614,2803954.4670202713,False,False,0,0,True,3.63382692588e-06,1,0,36,0,True,7.7264555148e-06,1,0
23.8,-895.1890167700536,10139.097327690779,-87.52887625538911,728.8778299015547,734.1145653782731,728.8778299015547,13.8681019660635,0.0,735.8968936708739,-19.224077732602762,96.84769696545874,97.91980594212288,98.08300119110768,0.1631952489848151,-0.0015292572367828494,-0.0015292572367828494,172.43963221298705,4.078449901359348,2335.4822178547074,33164.575106190096,2.4617992634783206,110055.4790814486,0.32482252408840845,1634.7913481985559,0.3247797106194701,1634.5758733363884,0.015493820014317906,77.97846833755465,4.401451341037534,1.3385886435067798,0.0,2092026.5433654126,2.7705732993900654,0.0,0.0,0.0,shutdown,False,False,2092026.5433654126,5600902.630078219,2513071.9934324254,2801287.5975467507,2500177.289855614,2803954.4670202713,False,False,0,0,True,3.63382692588e-06,1,0,36,0,True,7.7264555148e-06,1,0
23.900000000000002,-903.9373870353236,10211.889315432312,-87.43852905000723,726.9619249290877,732.2015683259859,726.9619249290877,13.791964005178246,0.0,733.9763300139865,-19.094021715480004,96.85855290888752,97.92754107991023,98.07133306200582,0.14379198209559985,-0.002543688170723777,-0.002543688170723777,172.43963221298705,4.078449901359348,2335.4822178547074,33164.575106190096,2.457982644635514,108497.11613668369,0.3251927407212815,1613.4799099465276,0.32515925026769926,1613.3137433405016,0.01375273655581213,68.23573026375959,4.403742091158859,1.3480820132594753,0.0,2092026.5433654126,2.7705732993900654,0.0,0.0,0.0,shutdown,False,False,2092026.5433654126,5600902.630078219,2513071.9934324254,2801287.5975467507,2500177.289855614,2803954.4670202713,False,False,0,0,True,3.63382692588e-06,1,0,36,0,True,7.7264555148e-06,1,0
24.0,-912.6765083858392,10284.490363047726,-87.34389796030732,725.0590273792255,730.300999379714,725.0590273792255,13.716025761216583,0.0,732.0680988587802,-18.963929280238602,96.86900998746299,97.93485967016865,98.05426688042343,0.1194072102547797,-0.0034135330163962674,-0.0034135330163962674,172.43963221298705,4.078449901359348,2335.4822178547074,33164.575106190096,2.454195102491768,106963.16231165126,0.32555847012436573,1592.4571615932591,0.3255352089117319,1592.343380235852,0.011500771873003933,56.25559834465116,4.406125603012552,1.3579598079287367,0.0,2092026.5433654126,2.7705732993900654,0.0,0.0,0.0,shutdown,False,False,2092026.5433654126,5600902.630078219,2513071.9934324254,2801287.5975467507,2500177.289855614,2803954.4670202713,False,False,0,0,True,3.63382692588e-06,1,0,36,0,True,7.7264555148e-06,1,0
24.1,-921.4058982865425,10356.901770304194,-87.24390005375861,723.1691177501211,728.4127064817574,723.1691177501211,13.640285874665945,0.0,730.1720289342296,-18.834263300140424,96.87898015939848,97.9416740206906,98.03271620654765,0.09104218585705384,-0.004109071286720362,-0.004109071286720362,172.43963221298705,4.078449901359348,2335.4822178547074,33164.575106190096,2.450436212204049,105453.29832951051,0.32592252332534816,1571.734069483995,0.3259089071824071,1571.6684067751492,0.008828013241460195,42.57235442304179,4.408587900070671,1.3681641057245053,0.0,2092026.5433654126,2.7705732993900654,0.0,0.0,0.0,shutdown,False,False,2092026.5433654126,5600902.630078219,2513071.9934324254,2801287.5975467507,2500177.289855614,2803954.4670202713,False,False,0,0,True,3.63382692588e-06,1,0,36,0,True,7.7264555148e-06,1,0
24.200000000000003,-930.124980886161,10429.124832579282,-87.13775193860886,721.2921277516293,726.536524456539,721.2921277516293,13.564742990605144,0.0,728.2879417108601,-18.70553666788455,96.88839843561888,97.94791945036776,98.00774453380572,0.059825083437950385,-0.0046076868948241225,-0.0046076868948241225,172.43963221298705,4.078449901359348,2335.4822178547074,33164.575106190096,2.446705531785149,103967.52865912157,0.3262874562808653,1551.32440289364,0.32628153720105985,1551.2962607975583,0.005839174676254229,27.76218942426741,4.41111116749764,1.378621078070003,0.0,2092026.5433654126,2.7705732993900654,0.0,0.0,0.0,shutdown,False,False,2092026.5433654126,5600902.630078219,2513071.9934324254,2801287.5975467507,2500177.289855614,2803954.4670202713,False,False,0,0,True,3.63382692588e-06,1,0,36,0,True,7.7264555148e-06,1,0
24.3,-938.8330765810442,10501.16084134393,-87.0241619590587,719.4280475413634,724.6722847976558,719.4280475413634,13.570487719332554,0.0,726.4268711529719,-18.57606753525634,96.89715876618585,97.9598248027155,97.98058150804385,0.02075670532835375,-0.0048739977921460325,-0.0048739977921460325,172.43963221298705,4.078449901359348,2335.4822178547074,33164.575106190096,2.443040312084285,102508.56878190224,0.3266504592455403,1531.2565811764875,0.32664974230661464,1531.2532203440835,0.002038170848802812,9.554440955019057,4.413778918115645,1.3896768203742087,0.0,2092026.5433654126,2.7705732993900654,0.0,0.0,0.0,shutdown,False,False,2092026.5433654126,5600902.630078219,2513071.9934324254,2801287.5975467507,2500177.289855614,2803954.4670202713,False,False,0,0,True,3.63382692588e-06,1,0,36,0,True,7.7264555148e-06,1,0
24.400000000000002,-947.5293069920284,10573.011095885302,-86.90044626062307,717.5770432860555,722.8198258289912,717.5770432860555,13.75070846045608,0.0,724.6015925995775,-18.44401756804862,96.90504284480092,97.98451786263662,97.95275955988518,-0.03175830275143074,-0.004837694201614443,-0.004837694201614443,172.43963221298705,4.078449901359348,2335.4822178547074,33164.575106190096,2.439483793880847,101078.48184357931,0.327013935068189,1511.574285605992,0.3270122416200421,1511.566457888582,-0.0031458126237545935,-14.541060668899693,4.415399897408568,1.3963945132582667,0.0,2092026.5433654126,2.7705732993900654,0.0,0.0,0.0,shutdown,False,False,2092026.5433654126,5600902.630078219,2513071.9934324254,2801287.5975467507,2500177.289855614,2803954.4670202713,False,False,0,0,True,3.63382692588e-06,1,0,36,0,True,7.7264555148e-06,1,0
24.5,-956.2125894559821,10644.676903266793,-86.76520301845439,715.7391043437906,720.9789635916468,715.7391043437906,13.930466555983369,0.0,722.7877166622962,-18.31476127456261,96.91193304021354,98.00825013084558,97.92611849354562,-0.08213163729996648,-0.004461792275741213,-0.004461792275741213,172.43963221298705,4.078449901359348,2335.4822178547074,33164.575106190096,2.435954206980647,99670.89773630373,0.3273907035277829,1492.241927982976,0.32737925242060556,1492.189734007803,-0.008223043375434136,-37.48050866509763,4.416189077696912,1.399665049057456,0.0,2092026.5433654126,2.7705732993900654,0.0,0.0,0.0,shutdown,False,False,2092026.5433654126,5600902.630078219,2513071.9934324254,2801287.5975467507,2500177.289855614,2803954.4670202713,False,False,0,0,True,3.63382692588e-06,1,0,36,0,True,7.7264555148e-06,1,0
24.6,-964.8818129697346,10716.159554751279,-86.61926725659355,713.9139253459072,719.1494909007937,713.9139253459072,14.10976524476659,0.0,720.9850420025797,-18.188818680676718,96.91789036061367,98.03108258738058,97.90254402100298,-0.12853856637759273,-0.00376725103005471,-0.00376725103005471,172.43963221298705,4.078449901359348,2335.4822178547074,33164.575106190096,2.432451010879137,98285.43613144707,0.3277773154063826,1473.236900651906,0.32774897485216303,1473.1095204205758,-0.013000389136018661,-58.431905131296624,4.417017324381718,1.4030974845518869,0.0,2092026.5433654126,2.7705732993900654,0.0,0.0,0.0,shutdown,False,False,2092026.5433654126,5600902.630078219,2513071.9934324254,2801287.5975467507,2500177.289855614,2803954.4670202713,False,False,0,0,True,3.63382692588e-06,1,0,36,0,True,7.7264555148e-06,1,0
24.700000000000003,-973.5359716766181,10787.460308788779,-86.46390688107451,712.1011554040911,717.3312085229393,712.1011554040911,14.288607683353991,0.0,719.1933847852723,-18.066580153556504,96.92301129671533,98.05311158244534,97.88376827640215,-0.1693433060431871,-0.0027867202259069085,-0.0027867202259069085,172.43963221298705,4.078449901359348,2335.4822178547074,33164.575106190096,2.428973704893638,96921.23548485698,0.32816866652622945,1454.5229534397222,0.3281189934006932,1454.3027901254536,-0.017291372579075183,-76.63954812923265,4.417923543695723,1.4068530556832786,0.0,2092026.5433654126,2.7705732993900654,0.0,0.0,0.0,shutdown,False,False,2092026.5433654126,5600902.630078219,2513071.9934324254,2801287.5975467507,2500177.289855614,2803954.4670202713,False,False,0,0,True,3.63382692588e-06,1,0,36,0,True,7.7264555148e-06,1,0
24.8,-982.1742053816654,10858.580386992298,-86.30076721987304,710.3004086663158,715.5239290018706,710.3004086663158,14.46699693589618,0.0,717.4125820227074,-17.94835460025813,96.92742374691883,98.07446475653308,97.87130760013085,-0.20315715640222692,-0.0015628763332848745,-0.0015628763332848745,172.43963221298705,4.078449901359348,2335.4822178547074,33164.575106190096,2.425521865015676,95577.77523962077,0.3285588200766382,1436.066570657922,0.3284866733816666,1435.751231514666,-0.02092971838756165,-91.47972013854587,4.418942932519504,1.4110776260263396,0.0,2092026.5433654126,2.7705732993900654,0.0,0.0,0.0,shutdown,False,False,2092026.5433654126,5600902.630078219,2513071.9934324254,2801287.5975467507,2500177.289855614,2803954.4670202713,False,False,0,0,True,3.63382692588e-06,1,0,36,0,True,7.7264555148e-06,1,0
24.900000000000002,-990.7958333487065,10929.520970959724,-86.13179212094852,708.5112706821614,713.7274734081751,708.5112706821614,14.64493596617454,0.0,715.6424872850946,-17.834405081575003,96.93128104572708,98.09529508144826,97.86641086932599,-0.2288842121222731,-0.00014640516928946944,-0.00014640516928946944,172.43963221298705,4.078449901359348,2335.4822178547074,33164.575106190096,2.4220951424037236,94255.25905515428,0.32894189978260263,1417.8468181400522,0.3288495413305124,1417.4487231040869,-0.023776670019159934,-102.48519861687397,4.420105654256319,1.4158961993243715,0.0,2092026.5433654126,2.7705732993900654,0.0,0.0,0.0,shutdown,False,False,2092026.5433654126,5600902.630078219,2513071.9934324254,2801287.5975467507,2500177.289855614,2803954.4670202713,False,False,0,0,True,3.63382692588e-06,1,0,36,0,True,7.7264555148e-06,1,0
25.0,-999.4003796891404,11000.2831999915,-85.95913468773324,706.7333099533946,711.9416719324307,706.7333099533946,14.822427631876517,0.0,713.8829698916079,-17.72480949295916,96.93475501775431,98.11577392579801,97.8700200631283,-0.24575386266971916,0.001406251473148944,0.001406251473148944,172.43963221298705,4.078449901359348,2335.4822178547074,33164.575106190096,2.418684937380822,92952.68227421184,0.3293137696492051,1399.833368986572,0.3292064489215938,1399.3771744707633,-0.025727166859542898,-109.35997816865218,4.42143993194291,1.4214257380172475,0.0,2092026.5433654126,2.7705732993900654,0.0,0.0,0.0,shutdown,False,False,2092026.5433654126,5600902.630078219,2513071.9934324254,2801287.5975467507,2500177.289855614,2803954.4670202713,False,False,0,0,True,3.63382692588e-06,1,0,36,0,True,7.7264555148e-06,1,0
25.1,-1007.9875887060193,11070.868191633233,-85.78504564984175,704.9665228812644,710.1667919865345,704.9665228812644,14.999474736122282,0.0,712.134339807265,-17.610931949242143,96.93802290770068,98.13607730193021,97.88275654452545,-0.2533207574047555,0.0030396192368371162,0.0030396192368371162,172.43963221298705,4.078449901359348,2335.4822178547074,33164.575106190096,2.41324578374294,91514.43140126689,0.329879207332371,1380.5401866634509,0.329763846822382,1380.0574044314887,-0.026821174808226957,-112.24626727981457,4.423981616741058,1.4319590359789047,0.0,2092026.5433654126,2.7705732993900654,0.0,0.0,0.0,shutdown,False,False,2092026.5433654126,5600902.630078219,2513071.9934324254,2801287.5975467507,2500177.289855614,2803954.4670202713,False,False,0,0,True,3.63382692588e-06,1,0,36,0,True,7.7264555148e-06,1,0
25.200000000000003,-1016.5574311145859,11141.277065074319,-85.61180252148901,703.210945940433,708.4031445592383,703.210945940433,15.176080086155082,0.0,710.3969536610998,-17.500606865450614,96.94126551465065,98.15638462083473,97.90492129643835,-0.25146332439638064,0.004697338738517266,0.004697338738517266,172.43963221298705,4.078449901359348,2335.4822178547074,33164.575106190096,2.407558115252127,90081.39523300502,0.33045538224343995,1361.2956574644882,0.3303403849903539,1360.8219316011548,-0.026927055193215213,-110.92475799297753,4.426855836286246,1.443870430695807,0.0,2092026.5433654126,2.7705732993900654,0.0,0.0,0.0,shutdown,False,False,2092026.5433654126,5600902.630078219,2513071.9934324254,2801287.5975467507,2500177.289855614,2803954.4670202713,False,False,0,0,True,3.63382692588e-06,1,0,36,0,True,7.7264555148e-06,1,0
25.3,-1025.1102158826486,11211.510908951328,-85.4438928397669,701.4659315997774,706.6506293910429,701.4659315997774,15.127572436733185,0.0,708.6388874617352,-17.399679948997015,96.94485002628134,98.15908079619557,97.93631610385933,-0.2227646923362471,0.00626151641199694,0.00626151641199694,172.43963221298705,4.078449901359348,2335.4822178547074,33164.575106190096,2.401599972380571,88652.27726924965,0.33101952249482275,1341.986135852108,0.3309282718496059,1341.6161966417387,-0.024113333704590345,-97.75785813732999,4.430496671337271,1.458958847815677,0.0,2092026.5433654126,2.7705732993900654,0.0,0.0,0.0,shutdown,False,False,2092026.5433654126,5600902.630078219,2513071.9934324254,2801287.5975467507,2500177.289855614,2803954.4670202713,False,False,0,0,True,3.63382692588e-06,1,0,36,0,True,7.7264555148e-06,1,0
25.400000000000002,-1033.6466934059756,11281.570743037097,-85.28565762676949,699.7307501155781,704.9090480722602,699.7307501155781,15.066765183628045,0.0,706.8901834240071,-17.30394973675006,96.9491362501258,98.16146661497919,97.97607111134812,-0.1853955036310741,0.007615599084692701,0.007615599084692701,172.43963221298705,4.078449901359348,2335.4822178547074,33164.575106190096,2.3956735581757953,87249.47979865184,0.3316015992153122,1323.0735512626452,0.33153773686104865,1322.818743710307,-0.020272842661464455,-80.88761332202304,4.4349121563368055,1.4772575838270097,0.0,2092026.5433654126,2.7705732993900654,0.0,0.0,0.0,shutdown,False,False,2092026.5433654126,5600902.630078219,2513071.9934324254,2801287.5975467507,2500177.289855614,2803954.4670202713,False,False,0,0,True,3.63382692588e-06,1,0,36,0,True,7.7264555148e-06,1,0
25.5,-1042.1679143642593,11351.457527750992,-85.13876153890722,698.0049441623605,703.178150109543,698.0049441623605,15.006108125810869,0.0,705.1523927458967,-17.21216932969011,96.95426835207287,98.16468017105291,98.02283659291713,-0.14184357813577425,0.008708633508509863,0.008708633508509863,172.43963221298705,4.078449901359348,2335.4822178547074,33164.575106190096,2.389784129697629,85872.84338321035,0.33218983798675455,1304.5078934248845,0.33215207852871126,1304.3596122150575,-0.0156635781236127,-61.51079583098158,4.439717657320087,1.4971726314162417,0.0,2092026.5433654126,2.7705732993900654,0.0,0.0,0.0,shutdown,False,False,2092026.5433654126,5600902.630078219,2513071.9934324254,2801287.5975467507,2500177.289855614,2803954.4670202713,False,False,0,0,True,3.63382692588e-06,1,0,36,0,True,7.7264555148e-06,1,0
25.6,-1050.6750684359408,11421.172182823982,-85.00431989471936,696.28815729741,701.457719604957,696.28815729741,14.94560046501665,0.0,703.4253226693935,-17.123567971666834,96.9603463165518,98.1688214342668,98.07500454341313,-0.0938168908536666,0.009501416494941167,0.009501416494941167,172.43963221298705,4.078449901359348,2335.4822178547074,33164.575106190096,2.3839310336829778,84521.77985745348,0.33277972665904076,1286.2637184738749,0.33276304316697075,1286.1992332639056,-0.010461369447535385,-40.43539581274635,4.444682079036587,1.5177462812981322,0.0,2092026.5433654126,2.7705732993900654,0.0,0.0,0.0,shutdown,False,False,2092026.5433654126,5600902.630078219,2513071.9934324254,2801287.5975467507,2500177.289855614,2803954.4670202713,False,False,0,0,True,3.63382692588e-06,1,0,36,0,True,7.7264555148e-06,1,0
25.700000000000003,-1059.1694344925338,11490.715595736458,-84.88300123713617,694.580100952069,699.7475548636165,694.580100952069,14.885241430971732,0.0,701.7087849554606,-17.03755893767918,96.96743405012295,98.17395438566473,98.13077316379649,-0.04318122186824856,0.009965504404744623,0.009965504404744623,172.43963221298705,4.078449901359348,2335.4822178547074,33164.575106190096,2.378113632183693,83195.72577687823,0.3333757715350586,1268.3513448705967,0.3333722018920487,1268.3377639151136,-0.004862069101061941,-18.498080573732302,4.449766099992762,1.538815576599312,0.0,2092026.5433654126,2.7705732993900654,0.0,0.0,0.0,shutdown,False,False,2092026.5433654126,5600902.630078219,2513071.9934324254,2801287.5975467507,2500177.289855614,2803954.4670202713,False,False,0,0,True,3.63382692588e-06,1,0,36,0,True,7.7264555148e-06,1,0
25.8,-1067.6523353081077,11560.088628034124,-84.7750150743438,692.8805450012776,698.0474574283061,692.8805450012776,14.82503027591203,0.0,700.0025847631139,-16.953560080823063,96.97555802480053,98.18010568239887,98.18821292109466,0.008107238695776793,0.010084753323247715,0.010084753323247715,172.43963221298705,4.078449901359348,2335.4822178547074,33164.575106190096,2.3723312648774155,81894.13128314033,0.3339833707405988,1250.7835160230093,0.33398324360642895,1250.7830398995316,0.0009221163290282339,3.453369255021899,4.454477926214934,1.5583424154810852,0.0,2092026.5433654126,2.7705732993900654,0.0,0.0,0.0,shutdown,False,False,2092026.5433654126,5600902.630078219,2513071.9934324254,2801287.5975467507,2500177.289855614,2803954.4670202713,False,False,0,0,True,3.63382692588e-06,1,0,36,0,True,7.7264555148e-06,1,0
25.900000000000002,-1076.1250923780542,11629.29212049469,-84.68012632458613,691.189304210052,696.3572201454679,691.189304210052,14.764966270098688,0.0,698.3065091315856,-16.871255746338697,96.98470813255315,98.18726552914727,98.24534285819563,0.05807732904836901,0.00985735675413989,0.00985735675413989,172.43963221298705,4.078449901359348,2335.4822178547074,33164.575106190096,2.3665832100332564,80616.44269005735,0.3346183547977113,1233.6100964556883,0.3346117520921652,1233.5857548016552,0.00668344176646466,24.63929764752055,4.456831241019964,1.5680950669731297,0.0,2092026.5433654126,2.7705732993900654,0.0,0.0,0.0,shutdown,False,False,2092026.5433654126,5600902.630078219,2513071.9934324254,2801287.5975467507,2500177.289855614,2803954.4670202713,False,False,0,0,True,3.63382692588e-06,1,0,36,0,True,7.7264555148e-06,1,0
26.0,-1084.588982472835,11698.326898609943,-84.59767557102975,689.5062580950148,694.6766489988061,689.5062580950148,14.705048697060015,0.0,696.6203492572216,-16.78966655691071,96.99483870137296,98.19538865268092,98.30021565498164,0.10482700230072063,0.009296862719733512,0.009296862719733512,172.43963221298705,4.078449901359348,2335.4822178547074,33164.575106190096,2.3608687600089198,79362.1303891734,0.3352660052800923,1216.7668312992414,0.33524424612037507,1216.687861694796,0.012199688761375903,44.27581801684608,4.459186575065552,1.5778560866398854,0.0,2092026.5433654126,2.7705732993900654,0.0,0.0,0.0,shutdown,False,False,2092026.5433654126,5600902.630078219,2513071.9934324254,2801287.5975467507,2500177.289855614,2803954.4670202713,False,False,0,0,True,3.63382692588e-06,1,0,36,0,True,7.7264555148e-06,1,0
26.1,-1093.0451958244844,11767.193780113199,-84.52659146195894,687.831371970096,693.0055850643929,687.831371970096,14.645276847058149,0.0,694.9439227233846,-16.70805594371367,97.00586887527746,98.20439464192924,98.35100075167429,0.14660610974504473,0.008430480244874623,0.008430480244874623,172.43963221298705,4.078449901359348,2335.4822178547074,33164.575106190096,2.3551872965885563,78130.693861655,0.3359209514406033,1200.2267395735623,0.3358779198531056,1200.0729901222717,0.017247098217859802,61.622915666178876,4.461602667439345,1.5878689021135381,0.0,2092026.5433654126,2.7705732993900654,0.0,0.0,0.0,shutdown,False,False,2092026.5433654126,5600902.630078219,2513071.9934324254,2801287.5975467507,2500177.289855614,2803954.4670202713,False,False,0,0,True,3.63382692588e-06,1,0,36,0,True,7.7264555148e-06,1,0
26.200000000000003,-1101.494796973583,11835.893582789626,-84.46543152001294,686.1646815584375,691.343893688267,686.1646815584375,14.585650010310225,0.0,693.2770636408784,-16.625752291354335,97.01768571006383,98.21417105216864,98.39605669450927,0.18188564234062474,0.00729701075633791,0.00729701075633791,172.43963221298705,4.078449901359348,2335.4822178547074,33164.575106190096,2.3495382575683466,76921.626304604,0.33657652579521635,1183.9593895441049,0.33650958664809355,1183.7239208596004,0.021620655861380737,76.05396263065036,4.464136142035044,1.598368175199735,0.0,2092026.5433654126,2.7705732993900654,0.0,0.0,0.0,shutdown,False,False,2092026.5433654126,5600902.630078219,2513071.9934324254,2801287.5975467507,2500177.289855614,2803954.4670202713,False,False,0,0,True,3.63382692588e-06,1,0,36,0,True,7.7264555148e-06,1,0
26.3,-1109.9386353391371,11904.427139203903,-84.41133579107002,684.5064467271411,689.6914884359885,684.5064467271411,14.641970305917367,0.0,691.6361999344452,-16.538944335527447,97.03005596503573,98.23397996884435,98.4340833832734,0.20010341442904886,0.005976807694966114,0.005976807694966114,172.43963221298705,4.078449901359348,2335.4822178547074,33164.575106190096,2.343977317713401,75738.07844093541,0.33720460295355736,1167.917865477407,0.3371227680829594,1167.6344280434182,0.024020590257144554,83.19600697887125,4.46708933406814,1.6106068491868706,0.0,2092026.5433654126,2.7705732993900654,0.0,0.0,0.0,shutdown,False,False,2092026.5433654126,5600902.630078219,2513071.9934324254,2801287.5975467507,2500177.289855614,2803954.4670202713,False,False,0,0,True,3.63382692588e-06,1,0,36,0,True,7.7264555148e-06,1,0
26.400000000000002,-1118.3771454714115,11972.795327658465,-84.35886685441456,682.8573223640818,688.0483566750264,682.8573223640818,14.951428480215547,0.0,690.0410549131806,-16.443542925046366,97.04252706715438,98.27470911012414,98.46445819868414,0.18974908856000144,0.004626003077090891,0.004626003077090891,172.43963221298705,4.078449901359348,2335.4822178547074,33164.575106190096,2.3385713199523495,74583.745347929,0.3377721688972927,1152.0533102050053,0.33769789433791486,1151.799978936551,0.022986837558858268,78.40214422426224,4.4708161354391756,1.6260515295475655,0.0,2092026.5433654126,2.7705732993900654,0.0,0.0,0.0,shutdown,False,False,2092026.5433654126,5600902.630078219,2513071.9934324254,2801287.5975467507,2500177.289855614,2803954.4670202713,False,False,0,0,True,3.63382692588e-06,1,0,36,0,True,7.7264555148e-06,1,0
26.5,-1126.8102806374086,12040.9990835569,-84.30383646553001,681.2177956046769,686.4144680084345,681.2177956046769,15.26014237563543,0.0,688.4552788171352,-16.346992262058542,97.05474729108225,98.31523922891691,98.48735875554229,0.17211952662537613,0.0033677992772034354,0.0033677992772034354,172.43963221298705,4.078449901359348,2335.4822178547074,33164.575106190096,2.3331970737800773,73450.13184566647,0.338325356558151,1136.4011199904642,0.3382636789623936,1136.1939510995182,0.021039576543677687,70.66983861805492,4.474770284360504,1.6424383879036732,0.0,2092026.5433654126,2.7705732993900654,0.0,0.0,0.0,shutdown,False,False,2092026.5433654126,5600902.630078219,2513071.9934324254,2801287.5975467507,2500177.289855614,2803954.4670202713,False,False,0,0,True,3.63382692588e-06,1,0,36,0,True,7.7264555148e-06,1,0
26.6,-1135.2377094987187,12109.039371629055,-84.24474076067027,679.5879658383901,684.7897339024538,679.5879658383901,15.568116358879475,0.0,686.878744582134,-16.24960306234724,97.06658845260408,98.35544235218242,98.50345381500354,0.1480114628211255,0.002250436340863331,0.002250436340863331,172.43963221298705,4.078449901359348,2335.4822178547074,33164.575106190096,2.3278541485720106,72336.79781028668,0.3388669705806514,1120.9675608297089,0.33882094491287906,1120.8153085153276,0.01825436060566094,60.38518905389606,4.4789409430808345,1.6597225102423807,0.0,2092026.5433654126,2.7705732993900654,0.0,0.0,0.0,shutdown,False,False,2092026.5433654126,5600902.630078219,2513071.9934324254,2801287.5975467507,2500177.289855614,2803954.4670202713,False,False,0,0,True,3.63382692588e-06,1,0,36,0,True,7.7264555148e-06,1,0
26.700000000000003,-1143.6589620408677,12176.917164764507,-84.18031008230497,677.9678968706256,683.1740581965421,677.9678968706256,15.875354833583934,0.0,685.3113199626429,-16.151776291333682,97.07794104150916,98.39520919002884,98.51367221276723,0.11846302273839254,0.0013164573642341821,0.0013164573642341821,172.43963221298705,4.078449901359348,2335.4822178547074,33164.575106190096,2.3225420961437817,71243.3219842642,0.33940060305778524,1105.7610720759085,0.33937085281404544,1105.6641463158603,0.014739838156755567,48.02212811526575,4.483306966119066,1.677816265063068,0.0,2092026.5433654126,2.7705732993900654,0.0,0.0,0.0,shutdown,False,False,2092026.5433654126,5600902.630078219,2513071.9934324254,2801287.5975467507,2500177.289855614,2803954.4670202713,False,False,0,0,True,3.63382692588e-06,1,0,36,0,True,7.7264555148e-06,1,0
26.8,-1152.0734551088067,12244.633440072463,-84.10955127647854,676.3576092885205,681.5673350876004,676.3576092885205,16.181862222484547,0.0,683.7528670975377,-16.05397534894965,97.08871806654413,98.43445296430701,98.51916578147802,0.08471281717100973,0.0006011598695202586,0.0006011598695202586,172.43963221298705,4.078449901359348,2335.4822178547074,33164.575106190096,2.3172604492796087,70169.27869611474,0.3399300834926406,1090.7899762134502,0.33991473288606566,1090.740718178949,0.010633719671512491,34.122178032532766,4.487837394037662,1.696591349682196,0.0,2092026.5433654126,2.7705732993900654,0.0,0.0,0.0,shutdown,False,False,2092026.5433654126,5600902.630078219,2513071.9934324254,2801287.5975467507,2500177.289855614,2803954.4670202713,False,False,0,0,True,3.63382692588e-06,1,0,36,0,True,7.7264555148e-06,1,0
26.900000000000002,-1160.480521607513,12312.189174311314,-84.03177869764836,674.7570754884852,679.9694483966642,674.7570754884852,16.487642946729153,0.0,682.2032432123827,-15.956700649797172,97.0988579787173,98.47311231427646,98.521264006494,0.048151692217525084,0.00013125883000761058,0.00013125883000761058,172.43963221298705,4.078449901359348,2335.4822178547074,33164.575106190096,2.31200872411234,69114.25311287599,0.3404589237897746,1076.0609378188508,0.3404539194261211,1076.0451209320845,0.006097761118121326,19.272699550130078,4.4924923960519765,1.7158826966126335,0.0,2092026.5433654126,2.7705732993900654,0.0,0.0,0.0,shutdown,False,False,2092026.5433654126,5600902.630078219,2513071.9934324254,2801287.5975467507,2500177.289855614,2803954.4670202713,False,False,0,0,True,3.63382692588e-06,1,0,36,0,True,7.7264555148e-06,1,0
27.0,-1168.8794422028552,12379.58533894754,-83.94663320919719,673.1662172360474,678.3802718645707,673.1662172360474,16.792701403512563,0.0,680.6623021485036,-15.860464396937914,97.10832659839754,98.51115320583303,98.52142175497677,0.0102685491437478,-7.619422171738165e-05,-7.619422171738165e-05,172.43963221298705,4.078449901359348,2335.4822178547074,33164.575106190096,2.3067864253055275,68077.84953869443,0.34098984016616735,1061.5777152450855,0.3409896105285747,1061.5770003318469,0.0013118729186907085,4.084154105696906,4.497224669590338,1.7354942736468708,0.0,2092026.5433654126,2.7705732993900654,0.0,0.0,0.0,shutdown,False,False,2092026.5433654126,5600902.630078219,2513071.9934324254,2801287.5975467507,2500177.289855614,2803954.4670202713,False,False,0,0,True,3.63382692588e-06,1,0,36,0,True,7.7264555148e-06,1,0
27.1,-1177.2694781130122,12446.822893649993,-83.85408499394065,671.5848768130049,676.7996412041824,671.5848768130049,17.097041936629417,0.0,679.1298673983431,-15.766344062065354,97.11711798111645,98.54856984098802,98.52116032806508,-0.027409512922946567,-1.5060985529176735e-05,-1.5060985529176735e-05,172.43963221298705,4.078449901359348,2335.4822178547074,33164.575106190096,2.301592954669386,67059.66603944275,0.3415572728711522,1047.4407088882729,0.3415556223314036,1047.4356472407496,-0.0035319219694973226,-10.83121088410821,4.499995878054032,1.746978767901717,0.0,2092026.5433654126,2.7705732993900654,0.0,0.0,0.0,shutdown,False,False,2092026.5433654126,5600902.630078219,2513071.9934324254,2801287.5975467507,2500177.289855614,2803954.4670202713,False,False,0,0,True,3.63382692588e-06,1,0,36,0,True,7.7264555148e-06,1,0
27.200000000000003,-1185.6499053809762,12513.902778260064,-83.75446036533768,670.0128153884197,675.2273560926019,670.0128153884197,17.40066880012839,0.0,677.6057356171054,-15.674884427988442,97.12525702627562,98.58538724567747,98.52199684360927,-0.06339040206819546,0.0003070599953379998,0.0003070599953379998,172.43963221298705,4.078449901359348,2335.4822178547074,33164.575106190096,2.2964276230618648,66059.30400082732,0.34216198757707755,1033.6423121658709,0.3421531243502807,1033.6155371102768,-0.00820035435930612,-24.772574243429794,4.501510655947921,1.7532563389497449,0.0,2092026.5433654126,2.7705732993900654,0.0,0.0,0.0,shutdown,False,False,2092026.5433654126,5600902.630078219,2513071.9934324254,2801287.5975467507,2500177.289855614,2803954.4670202713,False,False,0,0,True,3.63382692588e-06,1,0,36,0,True,7.7264555148e-06,1,0
27.3,-1194.0200507292864,12580.825907343378,-83.64844660086777,668.4497662778857,673.6632338607312,668.4497662778857,17.703586133651243,0.0,676.0897311573214,-15.586097781294745,97.1327996817618,98.62166134794832,98.52536578056704,-0.09629556738127443,0.0008689208487669179,0.0008689208487669179,172.43963221298705,4.078449901359348,2335.4822178547074,33164.575106190096,2.2912898352080435,65076.390235958665,0.3427780047169104,1020.0957223710916,0.34275751236214447,1020.0347378179687,-0.012480971154607971,-37.1429470696854,4.502864727606284,1.7588679081928567,0.0,2092026.5433654126,2.7705732993900654,0.0,0.0,0.0,shutdown,False,False,2092026.5433654126,5600902.630078219,2513071.9934324254,2801287.5975467507,2500177.289855614,2803954.4670202713,False,False,0,0,True,3.63382692588e-06,1,0,36,0,True,7.7264555148e-06,1,0
27.400000000000002,-1202.3793232720805,12647.593168537569,-83.53700425501118,666.8954576059045,672.1071212651228,666.8954576059045,18.0057979549543,0.0,674.5817163665504,-15.500075657202819,97.13982564023138,98.65747165815542,98.53255344608358,-0.12491821207184066,0.0016400477271467134,0.0016400477271467134,172.43963221298705,4.078449901359348,2335.4822178547074,33164.575106190096,2.2861791245993763,64110.5600002489,0.34339284370063805,1006.7585714553003,0.3433582925002897,1006.65727430324,-0.016221786143767073,-47.559005798005735,4.5043428542252135,1.7649935883376109,0.0,2092026.5433654126,2.7705732993900654,0.0,0.0,0.0,shutdown,False,False,2092026.5433654126,5600902.630078219,2513071.9934324254,2801287.5975467507,2500177.289855614,2803954.4670202713,False,False,0,0,True,3.63382692588e-06,1,0,36,0,True,7.7264555148e-06,1,0
27.5,-1210.7272376023138,12714.205421611558,-83.42128234966108,665.3496038738894,670.5588756582105,665.3496038738894,18.307308155650414,0.0,673.0815712091209,-15.416998982249632,97.14643150292345,98.69291448570304,98.54465350106334,-0.1482609846396994,0.0025836682542355292,0.0025836682542355292,172.43963221298705,4.078449901359348,2335.4822178547074,33164.575106190096,2.281095084431112,63161.45788553684,0.3440023358718182,993.6148246848805,0.34395357188205694,993.4739749926399,-0.019289985441564055,-55.71710858915645,4.505987059546003,1.7718075349633442,0.0,2092026.5433654126,2.7705732993900654,0.0,0.0,0.0,shutdown,False,False,2092026.5433654126,5600902.630078219,2513071.9934324254,2801287.5975467507,2500177.289855614,2803954.4670202713,False,False,0,0,True,3.63382692588e-06,1,0,36,0,True,7.7264555148e-06,1,0
27.6,-1219.0635414017024,12780.663482184718,-83.30479363810745,663.8116075892973,669.018339818405,663.8116075892973,18.355841249067915,0.0,671.5509921487353,-15.342926700671269,97.15291898827766,98.70701556469733,98.56233415804043,-0.14468140665689422,0.003588045309082759,0.003588045309082759,172.43963221298705,4.078449901359348,2335.4822178547074,33164.575106190096,2.2759079027872784,62221.671487330124,0.34458220515713767,980.4806895196398,0.3445356697761905,980.3482768711766,-0.018863660486951785,-53.675014450257244,4.508686684677685,1.7829953722268428,0.0,2092026.5433654126,2.7705732993900654,0.0,0.0,0.0,shutdown,False,False,2092026.5433654126,5600902.630078219,2513071.9934324254,2801287.5975467507,2500177.289855614,2803954.4670202713,False,False,0,0,True,3.63382692588e-06,1,0,36,0,True,7.7264555148e-06,1,0
27.700000000000003,-1227.3883610935275,12846.968102607962,-83.19160019839157,662.280800875548,667.4853568071185,662.280800875548,18.33088356047593,0.0,670.0169206198652,-15.273207574868259,97.15964016001274,98.71515455593334,98.58557001866863,-0.12958453726470465,0.004522800140851924,0.004522800140851924,172.43963221298705,4.078449901359348,2335.4822178547074,33164.575106190096,2.2707088850554675,61296.083814533216,0.3451451872737579,967.4734943827765,0.3451077756629183,967.3686262194525,-0.016931812307628812,-47.461416886285626,4.511835612129178,1.796045216617613,0.0,2092026.5433654126,2.7705732993900654,0.0,0.0,0.0,shutdown,False,False,2092026.5433654126,5600902.630078219,2513071.9934324254,2801287.5975467507,2500177.289855614,2803954.4670202713,False,False,0,0,True,3.63382692588e-06,1,0,36,0,True,7.7264555148e-06,1,0
27.8,-1235.7021048873119,12913.119985159656,-83.08327567730129,660.7568501583767,665.9597928767846,660.7568501583767,18.305983363868812,0.0,668.490386527837,-15.205806769244623,97.16673431447175,98.72365913628089,98.61380924312644,-0.10984989315444142,0.0053345487591165384,0.0053345487591165384,172.43963221298705,4.078449901359348,2335.4822178547074,33164.575106190096,2.265535411939443,60386.451663143846,0.34569928337201256,954.6463478819572,0.34567234014567133,954.5719443356845,-0.014384492298994992,-39.72268297876213,4.515162321150406,1.8098318267345956,0.0,2092026.5433654126,2.7705732993900654,0.0,0.0,0.0,shutdown,False,False,2092026.5433654126,5600902.630078219,2513071.9934324254,2801287.5975467507,2500177.289855614,2803954.4670202713,False,False,0,0,True,3.63382692588e-06,1,0,36,0,True,7.7264555148e-06,1,0
27.900000000000002,-1244.0052955348403,12979.119804538623,-82.98053727326747,659.2395374209511,664.4415228333866,659.2395374209511,18.281140405283526,0.0,666.9712850380175,-15.140447980042861,97.1742674919751,98.73259524596071,98.64627000417049,-0.08632524179022459,0.005996394399316249,0.005996394399316249,172.43963221298705,4.078449901359348,2335.4822178547074,33164.575106190096,2.2603871281512617,59492.46018922472,0.3462470400876717,942.0035150284604,0.3462303644254849,941.9581470380468,-0.011328798485819195,-30.82125407335938,4.518639162111705,1.8242406164623157,0.0,2092026.5433654126,2.7705732993900654,0.0,0.0,0.0,shutdown,False,False,2092026.5433654126,5600902.630078219,2513071.9934324254,2801287.5975467507,2500177.289855614,2803954.4670202713,False,False,0,0,True,3.63382692588e-06,1,0,36,0,True,7.7264555148e-06,1,0
28.0,-1252.2985172234637,13044.968215082119,-82.88389649920198,657.7286734490143,662.9304248379996,657.7286734490143,18.256354438421315,0.0,665.4595090888141,-15.076831459531046,97.18228836714495,98.74201152546185,98.68203441780791,-0.059977107653933465,0.006487741061046963,0.006487741061046963,172.43963221298705,4.078449901359348,2335.4822178547074,33164.575106190096,2.2552636708557454,58613.792876632004,0.34679104404912053,929.548862409144,0.346782976515582,929.5272379561718,-0.007888374806607258,-21.144230664446205,4.522232532798884,1.839132330872507,0.0,2092026.5433654126,2.7705732993900654,0.0,0.0,0.0,shutdown,False,False,2092026.5433654126,5600902.630078219,2513071.9934324254,2801287.5975467507,2500177.289855614,2803954.4670202713,False,False,0,0,True,3.63382692588e-06,1,0,36,0,True,7.7264555148e-06,1,0
28.1,-1260.5823945544857,13110.665853741779,-82.793650121238,656.2240997441662,661.4263810776218,656.2240997441662,18.23162522352754,0.0,663.9549497846425,-15.01464263828787,97.19082724543526,98.75193831507448,98.72008623199169,-0.03185208308279856,0.006794847816228776,0.006794847816228776,172.43963221298705,4.078449901359348,2335.4822178547074,33164.575106190096,2.250164671002257,57750.13858500326,0.3473336150014991,917.2851703515004,0.34733133460439075,917.2791479731308,-0.004198541471327682,-11.088071129360829,4.525904148650332,1.8543483103646239,0.0,2092026.5433654126,2.7705732993900654,0.0,0.0,0.0,shutdown,False,False,2092026.5433654126,5600902.630078219,2513071.9934324254,2801287.5975467507,2500177.289855614,2803954.4670202713,False,False,0,0,True,3.63382692588e-06,1,0,36,0,True,7.7264555148e-06,1,0
28.200000000000003,-1268.8575710293626,13176.213343204081,-82.70987937629668,654.7256895018484,659.9292785140786,654.7256895018484,18.206952526217094,0.0,662.4574970931426,-14.953562208916212,97.19989577217406,98.76238736383272,98.75935101562051,-0.003036348212209994,0.006911147271894114,0.006911147271894114,172.43963221298705,4.078449901359348,2335.4822178547074,33164.575106190096,2.2450897556875913,56901.20349363858,0.34787656413019385,905.2137648337977,0.34787654336179163,905.2137107920901,-0.0004011167215290798,-1.0437506146497366,4.529612488499235,1.8697164821379486,0.0,2092026.5433654126,2.7705732993900654,0.0,0.0,0.0,shutdown,False,False,2092026.5433654126,5600902.630078219,2513071.9934324254,2801287.5975467507,2500177.289855614,2803954.4670202713,False,False,0,0,True,3.63382692588e-06,1,0,36,0,True,7.7264555148e-06,1,0
28.3,-1277.1246875661554,13241.611293447831,-82.6324513595651,653.2333153731969,658.4389769228045,653.2333153731969,18.182336116888163,0.0,660.9670080173298,-14.893920364976713,97.20948719063078,98.77335216265502,98.79873861265492,0.025386449999899294,0.0068377177820890585,0.0068377177820890585,172.43963221298705,4.078449901359348,2335.4822178547074,33164.575106190096,2.2400384402903697,56066.68439482341,0.34846520802136616,893.4470565130637,0.3484637535144417,893.4433272313437,0.0033599380008654794,8.614710013619458,4.531252956298476,1.8765149396565612,0.0,2092026.5433654126,2.7705732993900654,0.0,0.0,0.0,shutdown,False,False,2092026.5433654126,5600902.630078219,2513071.9934324254,2801287.5975467507,2500177.289855614,2803954.4670202713,False,False,0,0,True,3.63382692588e-06,1,0,36,0,True,7.7264555148e-06,1,0
28.400000000000002,-1285.3843620067871,13306.860303136047,-82.5610374530674,651.7468783911104,656.9553397285722,651.7468783911104,18.15777577019831,0.0,659.4833377953229,-14.834819277523852,97.21957741348719,98.78480893991751,98.83718779891915,0.052378859001636274,0.006583580118377803,0.006583580118377803,172.43963221298705,4.078449901359348,2335.4822178547074,33164.575106190096,2.2350102342079223,55246.28549150739,0.349060906907251,881.8786350695242,0.34905470375297537,881.8629632222406,0.006945009215657301,17.54609332197865,4.532677125173757,1.882417007104887,0.0,2092026.5433654126,2.7705732993900654,0.0,0.0,0.0,shutdown,False,False,2092026.5433654126,5600902.630078219,2513071.9934324254,2801287.5975467507,2500177.289855614,2803954.4670202713,False,False,0,0,True,3.63382692588e-06,1,0,36,0,True,7.7264555148e-06,1,0
28.5,-1293.6371709954806,13371.960964212682,-82.49514232080568,650.2663431416177,655.4782723548524,650.2663431416177,18.133271263334205,0.0,658.006378877312,-14.775885712990496,97.2301269564967,98.79671849622704,98.87370851570859,0.076990019481535,0.00616455494490203,0.00616455494490203,172.43963221298705,4.078449901359348,2335.4822178547074,33164.575106190096,2.2300047729504864,54439.73436851784,0.34965637272819233,870.4863604609058,0.34964294644602406,870.4529350855638,0.010226721318492471,25.45991468859247,4.534170355884071,1.8886052819093375,0.0,2092026.5433654126,2.7705732993900654,0.0,0.0,0.0,shutdown,False,False,2092026.5433654126,5600902.630078219,2513071.9934324254,2801287.5975467507,2500177.289855614,2803954.4670202713,False,False,0,0,True,3.63382692588e-06,1,0,36,0,True,7.7264555148e-06,1,0
28.6,-1301.883634541477,13436.913866653698,-82.43412859911967,648.7917056786857,654.0076933151128,648.7917056786857,18.108822374223298,0.0,656.5360327871475,-14.716863546182191,97.24108326539631,98.80902858962725,98.90741629131773,0.09838770169049046,0.005601678413157282,0.005601678413157282,172.43963221298705,4.078449901359348,2335.4822178547074,33164.575106190096,2.225021722779225,53646.75282929591,0.3502490865235295,859.2607540992462,0.35022712026969627,859.2068646229857,0.013092690760169789,32.12009900564282,4.535769755159369,1.8952335424783298,0.0,2092026.5433654126,2.7705732993900654,0.0,0.0,0.0,shutdown,False,False,2092026.5433654126,5600902.630078219,2513071.9934324254,2801287.5975467507,2500177.289855614,2803954.4670202713,False,False,0,0,True,3.63382692588e-06,1,0,36,0,True,7.7264555148e-06,1,0
28.700000000000003,-1310.124203343555,13501.719601195415,-82.37724744244012,647.3229851556404,652.5435295878754,647.3229851556404,18.08442888050683,0.0,655.0722063409697,-14.65754691512942,97.25238332605426,98.821676545923,98.9375590592476,0.11588251332461215,0.004920132507660496,0.004920132507660496,172.43963221298705,4.078449901359348,2335.4822178547074,33164.575106190096,2.2200607678910407,52867.07347110677,0.3508364401769516,848.1926231213034,0.35080591193517097,848.1188171350663,0.015448843939124369,37.349585061085676,4.537507426261803,1.9024348317548916,0.0,2092026.5433654126,2.7705732993900654,0.0,0.0,0.0,shutdown,False,False,2092026.5433654126,5600902.630078219,2513071.9934324254,2801287.5975467507,2500177.289855614,2803954.4670202713,False,False,0,0,True,3.63382692588e-06,1,0,36,0,True,7.7264555148e-06,1,0
28.8,-1318.3592492845407,13566.37876137667,-82.32367137727479,645.8602184695166,651.0857153021599,645.8602184695166,18.060090558771147,0.0,653.6148112320623,-14.597786807623756,97.26395647983483,98.83459206548955,98.96353772135254,0.12894565586300114,0.004148131272221272,0.004148131272221272,172.43963221298705,4.078449901359348,2335.4822178547074,33164.575106190096,2.215121609011634,52100.4458867264,0.3514160237118093,837.2738466518394,0.351378155226761,837.1836222738832,0.017221909512265657,41.03243293154366,4.539409533990004,1.9103175823897895,0.0,2092026.5433654126,2.7705732993900654,0.0,0.0,0.0,shutdown,False,False,2092026.5433654126,5600902.630078219,2513071.9934324254,2801287.5975467507,2500177.289855614,2803954.4670202713,False,False,0,0,True,3.63382692588e-06,1,0,36,0,True,7.7264555148e-06,1,0
28.900000000000002,-1326.589059232986,13630.891945027137,-82.27252759162978,644.4034545397909,649.6341901556074,644.4034545397909,18.035807183987487,0.0,652.1637633664367,-14.537491777764124,97.27572732035715,98.8477001116839,98.98492031159272,0.1372201999088067,0.0033158007736932464,0.0033158007736932464,172.43963221298705,4.078449901359348,2335.4822178547074,33164.575106190096,2.2102039611437734,51346.608815998065,0.35198587647105517,826.497470506409,0.3519429121149332,826.3965859708909,0.018361064847083722,43.11358684065483,4.54149562333436,1.9189627930999271,0.0,2092026.5433654126,2.7705732993900654,0.0,0.0,0.0,shutdown,False,False,2092026.5433654126,5600902.630078219,2513071.9934324254,2801287.5975467507,2500177.289855614,2803954.4670202713,False,False,0,0,True,3.63382692588e-06,1,0,36,0,True,7.7264555148e-06,1,0
29.0,-1334.8138321354272,13695.259755174593,-82.22293045719873,642.9527484093448,648.1888976063225,642.9527484093448,18.011578529170464,0.0,650.7189819567805,-14.476630829019818,97.28761856483189,98.86092377439257,99.00144982457758,0.1405260501850028,0.0024540877330516764,0.0024540877330516764,172.43963221298705,4.078449901359348,2335.4822178547074,33164.575106190096,2.2053075504966597,50605.31603193981,0.35254467497186864,815.8584684980535,0.3524995305036961,815.753995223376,0.018838758947273035,43.59663360211756,4.543778184881977,1.928422227611392,0.0,2092026.5433654126,2.7705732993900654,0.0,0.0,0.0,shutdown,False,False,2092026.5433654126,5600902.630078219,2513071.9934324254,2801287.5975467507,2500177.289855614,2803954.4670202713,False,False,0,0,True,3.63382692588e-06,1,0,36,0,True,7.7264555148e-06,1,0
29.1,-1343.0337555007093,13759.482788272917,-82.17553684844177,641.5079135571223,646.7497367705238,641.5079135571223,17.784551712447616,0.0,649.2491220336867,-14.420066215727383,97.29969049777525,98.85663592820377,99.01289530852141,0.1562593803176317,0.0015411398530263709,0.0015411398530263709,172.43963221298705,4.078449901359348,2335.4822178547074,33164.575106190096,2.200326147961231,49871.52911867558,0.3531375772000256,805.3805602213915,0.3530816568558721,805.2530259089597,0.020985862221537283,47.861248884134355,4.545565256176759,1.9358282420945327,0.0,2092026.5433654126,2.7705732993900654,0.0,0.0,0.0,shutdown,False,False,2092026.5433654126,5600902.630078219,2513071.9934324254,2801287.5975467507,2500177.289855614,2803954.4670202713,False,False,0,0,True,3.63382692588e-06,1,0,36,0,True,7.7264555148e-06,1,0
29.200000000000003,-1351.2491080893242,13823.561617269348,-82.13151492385506,640.0686663714818,645.3165761192367,640.0686663714818,17.481093800940208,0.0,647.773547999242,-14.364877497378458,97.31205006325116,98.84586741358466,99.01885276319138,0.17298534960672188,0.0005384041275598764,0.0005384041275598764,172.43963221298705,4.078449901359348,2335.4822178547074,33164.575106190096,2.195325380118725,49148.13099721801,0.35376411862648255,795.1065182217698,0.3536954508166172,794.9521831144448,0.023277949321012913,52.31861644938418,4.546365658126512,1.939145282914066,0.0,2092026.5433654126,2.7705732993900654,0.0,0.0,0.0,shutdown,False,False,2092026.5433654126,5600902.630078219,2513071.9934324254,2801287.5975467507,2500177.289855614,2803954.4670202713,False,False,0,0,True,3.63382692588e-06,1,0,36,0,True,7.7264555148e-06,1,0
29.3,-1359.4602035245302,13887.496799846427,-82.09039378026772,638.6349851701419,643.8893360153334,638.6349851701419,17.17831615533489,0.0,646.3040469125551,-14.30874651914553,97.32465752201152,98.83528763941696,99.01885939166402,0.18357175224707084,-0.0005360903541146034,-0.0005360903541146034,172.43963221298705,4.078449901359348,2335.4822178547074,33164.575106190096,2.1903451936914156,48436.735578141095,0.35437886903707033,784.9594259382565,0.3543013830743915,784.7877922938806,0.02475227084108797,54.826994518277,4.547352954830872,1.943236856492019,0.0,2092026.5433654126,2.7705732993900654,0.0,0.0,0.0,shutdown,False,False,2092026.5433654126,5600902.630078219,2513071.9934324254,2801287.5975467507,2500177.289855614,2803954.4670202713,False,False,0,0,True,3.63382692588e-06,1,0,36,0,True,7.7264555148e-06,1,0
29.400000000000002,-1367.6672780461536,13951.288897418592,-82.05109665219514,637.2069662731317,642.4679761115225,637.2069662731317,16.876216116943052,0.0,644.8405470181996,-14.251631418376267,97.33741784070739,98.82480210730485,99.01261367715617,0.18781156985132788,-0.0016440752919183706,-0.0016440752919183706,172.43963221298705,4.078449901359348,2335.4822178547074,33164.575106190096,2.185385345497856,47737.11667393439,0.3549779452244194,774.9292974466679,0.35489667160577615,774.7518742882902,0.025375895993791708,55.396470454288874,4.548606858027983,1.948433305713366,0.0,2092026.5433654126,2.7705732993900654,0.0,0.0,0.0,shutdown,False,False,2092026.5433654126,5600902.630078219,2513071.9934324254,2801287.5975467507,2500177.289855614,2803954.4670202713,False,False,0,0,True,3.63382692588e-06,1,0,36,0,True,7.7264555148e-06,1,0
29.5,-1375.8704614302417,14014.93848100714,-82.01257102957132,635.7847054978577,641.0524577223599,635.7847054978577,16.574790981580904,0.0,643.3829805748016,-14.19358409130382,97.35023729207477,98.81431758470978,99.00003133272729,0.18571374801750207,-0.0027479914661633067,-0.0027479914661633067,172.43963221298705,4.078449901359348,2335.4822178547074,33164.575106190096,2.1804456059603523,47049.045200758555,0.3555605228743582,765.0131066089713,0.3554808877373725,764.8417660927403,0.025144920554593914,54.101039208177276,4.550132115701793,1.954754307262514,0.0,2092026.5433654126,2.7705732993900654,0.0,0.0,0.0,shutdown,False,False,2092026.5433654126,5600902.630078219,2513071.9934324254,2801287.5975467507,2500177.289855614,2803954.4670202713,False,False,0,0,True,3.63382692588e-06,1,0,36,0,True,7.7264555148e-06,1,0
29.6,-1384.069781035034,14078.446130797227,-81.97382106627445,634.3682903038433,639.6427401942641,634.3682903038433,16.274038001667417,0.0,641.9312810219295,-14.134719799208503,97.36302644710689,98.80374509444098,98.98123834382895,0.1774932493879663,-0.003811999185172209,-0.003811999185172209,172.43963221298705,4.078449901359348,2335.4822178547074,33164.575106190096,2.1755257495034614,46372.307476326154,0.3561269558388327,755.2106041640662,0.3560540586790739,755.05601685423,0.024083134491347934,51.07122123495293,4.551924562394874,1.9621825985724255,0.0,2092026.5433654126,2.7705732993900654,0.0,0.0,0.0,shutdown,False,False,2092026.5433654126,5600902.630078219,2513071.9934324254,2801287.5975467507,2500177.289855614,2803954.4670202713,False,False,0,0,True,3.63382692588e-06,1,0,36,0,True,7.7264555148e-06,1,0
29.700000000000003,-1392.2651688896785,14141.812435012025,-81.93393602661052,632.9577939920979,638.2387788658377,632.9577939920979,15.97395439155593,0.0,640.4853815517406,-14.075206435465548,97.37570283044265,98.79300256591193,98.95655838444394,0.16355581853200746,-0.004802931825366833,-0.004802931825366833,172.43963221298705,4.078449901359348,2335.4822178547074,33164.575106190096,2.170625549713257,45706.68768273348,0.35667867157284355,745.5236332044083,0.3566166379075964,745.3939715027649,0.022240244924305215,46.486177954539414,4.553971505835991,1.970665580093836,0.0,2092026.5433654126,2.7705732993900654,0.0,0.0,0.0,shutdown,False,False,2092026.5433654126,5600902.630078219,2513071.9934324254,2801287.5975467507,2500177.289855614,2803954.4670202713,False,False,0,0,True,3.63382692588e-06,1,0,36,0,True,7.7264555148e-06,1,0
29.8,-1400.4564714034768,14205.037988259708,-81.89211424936072,631.5532709615892,636.8405235524141,631.5532709615892,15.674537335362364,0.0,639.0452140214628,-14.015254174414265,97.38819319811549,98.78201710991183,98.92649512075411,0.14447801084226994,-0.005691126880288535,-0.005691126880288535,172.43963221298705,4.078449901359348,2335.4822178547074,33164.575106190096,2.165744775651693,45051.97243739203,0.3572179642651666,735.9556200388339,0.35716945055710364,735.8556700372395,0.019689469359001437,40.56508093076478,4.556252302258232,1.9801176995395127,0.0,2092026.5433654126,2.7705732993900654,0.0,0.0,0.0,shutdown,False,False,2092026.5433654126,5600902.630078219,2513071.9934324254,2801287.5975467507,2500177.289855614,2803954.4670202713,False,False,0,0,True,3.63382692588e-06,1,0,36,0,True,7.7264555148e-06,1,0
29.900000000000002,-1408.6434612323617,14268.123389458398,-81.84768232833481,630.1547530121952,635.4479174931497,630.1547530121952,15.375783996792029,0.0,637.6107081504622,-13.955104813125791,97.40043540449463,98.77072688388142,98.89171010752084,0.12098322363941652,-0.006451133345119619,-0.006451133345119619,172.43963221298705,4.078449901359348,2335.4822178547074,33164.575106190096,2.1608831891354425,44407.96283866805,0.35774771534325955,726.5110848922681,0.35771362025613557,726.4418448729093,0.01652458303551279,33.557985791757375,4.558739110283589,1.9904235761468734,0.0,2092026.5433654126,2.7705732993900654,0.0,0.0,0.0,shutdown,False,False,2092026.5433654126,5600902.630078219,2513071.9934324254,2801287.5975467507,2500177.289855614,2803954.4670202713,False,False,0,0,True,3.63382692588e-06,1,0,36,0,True,7.7264555148e-06,1,0
30.0,-1416.8258508132215,14331.069239454055,-81.80010928886345,628.7622469009731,634.0608969236553,628.7622469009731,15.07769153042058,0.0,636.1817911725713,-13.895017410950643,97.41237982945988,98.75908251836495,98.85299700262036,0.09391448425541679,-0.007062289538547841,-0.007062289538547841,172.43963221298705,4.078449901359348,2335.4822178547074,33164.575106190096,2.1560405435576238,43774.45088195179,0.35827107634253225,717.1945497650545,0.35825048429488704,717.1533281724817,0.012856503835559615,25.736418842478148,4.561397815782571,2.0014418334986437,0.0,2092026.5433654126,2.7705732993900654,0.0,0.0,0.0,shutdown,False,False,2092026.5433654126,5600902.630078219,2513071.9934324254,2801287.5975467507,2500177.289855614,2803954.4670202713,False,False,0,0,True,3.63382692588e-06,1,0,36,0,True,7.7264555148e-06,1,0
30.1,-1425.0033070625107,14393.876138454958,-81.74901569691636,627.3757331170808,632.6793912177077,627.3757331170808,14.780257093843527,0.0,634.7583879002368,-13.835258266514268,97.42399035338434,98.74704809226695,98.81125285825472,0.06420476598777083,-0.007509165713619403,-0.007509165713619403,172.43963221298705,4.078449901359348,2335.4822178547074,33164.575106190096,2.151216584105202,43151.23869222759,0.3587911509296711,708.0102016646917,0.358781504405314,707.99116597321,0.008809499481984668,17.383972510591704,4.564189118992115,2.0130096047773174,0.0,2092026.5433654126,2.7705732993900654,0.0,0.0,0.0,shutdown,False,False,2092026.5433654126,5600902.630078219,2513071.9934324254,2801287.5975467507,2500177.289855614,2803954.4670202713,False,False,0,0,True,3.63382692588e-06,1,0,36,0,True,7.7264555148e-06,1,0
30.200000000000003,-1433.175466733314,14456.54468339645,-81.69417771914733,625.9951657127701,631.3033234262007,625.9951657127701,14.483477860156023,0.0,633.3404210442357,-13.776089819320012,97.43524487626945,98.73460165349842,98.76744728690494,0.0328456334065242,-0.007781863301796168,-0.007781863301796168,172.43963221298705,4.078449901359348,2335.4822178547074,33164.575106190096,2.1464110488425145,42538.137281281866,0.35931071094646294,698.9613431619854,0.35930818048984065,698.9564207054439,0.004517107031584289,8.78705560901867,4.567069769510152,2.024947650852895,0.0,2092026.5433654126,2.7705732993900654,0.0,0.0,0.0,shutdown,False,False,2092026.5433654126,5600902.630078219,2513071.9934324254,2801287.5975467507,2500177.289855614,2803954.4670202713,False,False,0,0,True,3.63382692588e-06,1,0,36,0,True,7.7264555148e-06,1,0
30.3,-1441.3419519339338,14519.075465344711,-81.63552629325315,624.620473252457,629.9326112841752,624.620473252457,14.1873510302478,0.0,631.927811877811,-13.717759386576196,97.44613538754653,98.72173529119738,98.72259035026553,0.0008550590681639961,-0.007876161432528601,-0.007876161432528601,172.43963221298705,4.078449901359348,2335.4822178547074,33164.575106190096,2.1416236709620518,41934.94965700485,0.35983197577292436,690.0497527965395,0.359831974054049,690.0497495002522,0.00011786335592913819,0.22602654877452436,4.569993925501459,2.037065993129344,0.0,2092026.5433654126,2.7705732993900654,0.0,0.0,0.0,shutdown,False,False,2092026.5433654126,5600902.630078219,2513071.9934324254,2801287.5975467507,2500177.289855614,2803954.4670202713,False,False,0,0,True,3.63382692588e-06,1,0,36,0,True,7.7264555148e-06,1,0
30.400000000000002,-1449.5023850581424,14581.469064832243,-81.57313619091383,623.2515164981637,628.5671239933586,623.2515164981637,13.891873854892886,0.0,630.5204365921114,-13.661375698998157,97.45666763304486,98.70845489538408,98.67769851388142,-0.03075638150265907,-0.0077940456108605855,-0.0077940456108605855,172.43963221298705,4.078449901359348,2335.4822178547074,33164.575106190096,2.136854030871636,41341.48742494603,0.3604375928917315,681.4291439552841,0.36043536517193825,681.4249323158169,-0.00424673973804057,-8.028719205111134,4.570023078298471,2.037186808699224,0.0,2092026.5433654126,2.7705732993900654,0.0,0.0,0.0,shutdown,False,False,2092026.5433654126,5600902.630078219,2513071.9934324254,2801287.5975467507,2500177.289855614,2803954.4670202713,False,False,0,0,True,3.63382692588e-06,1,0,36,0,True,7.7264555148e-06,1,0
30.5,-1457.6564030595991,14643.72604742504,-81.50722383822459,621.8881353577888,627.2067286282903,621.8881353577888,13.59704365574216,0.0,629.1181722016552,-13.606247108244647,97.46686051355258,98.69477946528258,98.63375823317566,-0.06102123210691952,-0.007544005840462487,-0.007544005840462487,172.43963221298705,4.078449901359348,2335.4822178547074,33164.575106190096,2.1321017117695154,40757.56274793675,0.36104843347963367,672.9428700103203,0.3610396497352597,672.9264983615321,-0.008439740524379605,-15.730474595560846,4.5700158650288465,2.037156915331531,0.0,2092026.5433654126,2.7705732993900654,0.0,0.0,0.0,shutdown,False,False,2092026.5433654126,5600902.630078219,2513071.9934324254,2801287.5975467507,2500177.289855614,2803954.4670202713,False,False,0,0,True,3.63382692588e-06,1,0,36,0,True,7.7264555148e-06,1,0
30.6,-1465.8036711395387,14705.846964138786,-81.43813776056469,620.5301989171026,625.851338618052,620.5301989171026,13.302857823352358,0.0,627.7209443792127,-13.552481705261384,97.47674476289312,98.68073970242362,98.5916920886892,-0.08904761373441573,-0.007139848657703859,-0.007139848657703859,172.43963221298705,4.078449901359348,2335.4822178547074,33164.575106190096,2.127366461758319,40182.994242458924,0.3616597365292065,664.5795631249811,0.3616409999021201,664.5451330289936,-0.012336712768559757,-22.66972613763909,4.5700955628830755,2.0374872006785227,0.0,2092026.5433654126,2.7705732993900654,0.0,0.0,0.0,shutdown,False,False,2092026.5433654126,5600902.630078219,2513071.9934324254,2801287.5975467507,2500177.289855614,2803954.4670202713,False,False,0,0,True,3.63382692588e-06,1,0,36,0,True,7.7264555148e-06,1,0
30.700000000000003,-1473.9438946152966,14767.832352378413,-81.36633175459293,619.1775658754372,624.5008711175908,619.1775658754372,13.00931381273661,0.0,626.3286841265387,-13.500179127869854,97.48636110264462,98.66637626279731,98.55233230317981,-0.11404395961750631,-0.0065993083426518495,-0.0065993083426518495,172.43963221298705,4.078449901359348,2335.4822178547074,33164.575106190096,2.122648047000776,39617.615155327956,0.36226858097566395,656.3319167634027,0.3622377969011003,656.2761444118238,-0.015826461588872034,-28.673234212669804,4.570301409291507,2.038340273237294,0.0,2092026.5433654126,2.7705732993900654,0.0,0.0,0.0,shutdown,False,False,2092026.5433654126,5600902.630078219,2513071.9934324254,2801287.5975467507,2500177.289855614,2803954.4670202713,False,False,0,0,True,3.63382692588e-06,1,0,36,0,True,7.7264555148e-06,1,0
30.8,-1482.07682841025,14829.682735005259,-81.29234414447858,617.8300866615161,623.1552464680699,617.8300866615161,12.716409147782102,0.0,624.9413265897381,-13.449405160449874,97.49575843049784,98.65173795614416,98.51640054770085,-0.13533740844329642,-0.005943240439933893,-0.005943240439933893,172.43963221298705,4.078449901359348,2335.4822178547074,33164.575106190096,2.11794624770495,39061.251290819084,0.36287193081388674,648.1925753579588,0.36282850366621877,648.1150021088397,-0.01881363650288315,-33.60651089573238,4.57066757541284,2.0398577457666485,0.0,2092026.5433654126,2.7705732993900654,0.0,0.0,0.0,shutdown,False,False,2092026.5433654126,5600902.630078219,2513071.9934324254,2801287.5975467507,2500177.289855614,2803954.4670202713,False,False,0,0,True,3.63382692588e-06,1,0,36,0,True,7.7264555148e-06,1,0
30.900000000000002,-1490.2022663019823,14891.398621990593,-81.21641369016275,616.4876530451423,621.8143872650419,616.4876530451423,12.481537865401798,0.0,623.5674241674405,-13.399267176727076,97.50495821943943,98.64206025835935,98.48452986436678,-0.15753039399256677,-0.005181726740868382,-0.005181726740868382,172.43963221298705,4.078449901359348,2335.4822178547074,33164.575106190096,2.1132900482247576,38514.80222630057,0.3634755109410204,640.1877401802944,0.3634165747862386,640.0839362028354,-0.021935438930185038,-38.63478736771535,4.570967409878642,2.041100325401134,0.0,2092026.5433654126,2.7705732993900654,0.0,0.0,0.0,shutdown,False,False,2092026.5433654126,5600902.630078219,2513071.9934324254,2801287.5975467507,2500177.289855614,2803954.4670202713,False,False,0,0,True,3.63382692588e-06,1,0,36,0,True,7.7264555148e-06,1,0
31.0,-1498.319942850778,14952.980523169039,-81.13711728575512,615.1503705238207,620.478210864037,615.1503705238207,12.52315535450532,0.0,622.2396845481987,-13.346383249464333,97.51382742014526,98.65713286399846,98.45746644905839,-0.1996664149400773,-0.004265187338455066,-0.004265187338455066,172.43963221298705,4.078449901359348,2335.4822178547074,33164.575106190096,2.1087902959682574,37982.0729907981,0.36411551958378213,632.4444406161297,0.36402070746697923,632.2797582750869,-0.027841382030143625,-48.35862888833157,4.570252936560557,2.0381393916336887,0.0,2092026.5433654126,2.7705732993900654,0.0,0.0,0.0,shutdown,False,False,2092026.5433654126,5600902.630078219,2513071.9934324254,2801287.5975467507,2500177.289855614,2803954.4670202713,False,False,0,0,True,3.63382692588e-06,1,0,36,0,True,7.7264555148e-06,1,0
31.1,-1506.4294762627005,15014.428955599511,-81.05355095269145,613.8182780855939,619.1466358093243,613.8182780855939,12.564682644474711,0.0,620.9164615097727,-13.29546551488503,97.5222802848129,98.67179998148762,98.4361858086959,-0.2356141727917203,-0.003163157486707525,-0.003163157486707525,172.43963221298705,4.078449901359348,2335.4822178547074,33164.575106190096,2.1043058505493506,37457.70509731652,0.3647478383828174,624.796255570185,0.36461562427141575,624.5697788839803,-0.03290112230404346,-56.35810786642193,4.56981668335325,2.0363314628839695,0.0,2092026.5433654126,2.7705732993900654,0.0,0.0,0.0,shutdown,False,False,2092026.5433654126,5600902.630078219,2513071.9934324254,2801287.5975467507,2500177.289855614,2803954.4670202713,False,False,0,0,True,3.63382692588e-06,1,0,36,0,True,7.7264555148e-06,1,0
31.200000000000003,-1514.5304885222747,15075.74442830477,-80.96669423878899,612.4911760195646,617.819590396571,612.4911760195646,12.606120079311193,0.0,619.5977019657504,-13.246575805565376,97.53040641855232,98.68615105610064,98.42164346798235,-0.2645075881182806,-0.0019130770412561621,-0.0019130770412561621,172.43963221298705,4.078449901359348,2335.4822178547074,33164.575106190096,2.0998365320564787,36941.55257156183,0.3653665615024586,617.2320475207157,0.36519968419402504,616.9501333183167,-0.036990899962707754,-62.49058159489626,4.569696905752198,2.0358350782961048,0.0,2092026.5433654126,2.7705732993900654,0.0,0.0,0.0,shutdown,False,False,2092026.5433654126,5600902.630078219,2513071.9934324254,2801287.5975467507,2500177.289855614,2803954.4670202713,False,False,0,0,True,3.63382692588e-06,1,0,36,0,True,7.7264555148e-06,1,0
31.3,-1522.6227026070908,15136.927429531186,-80.87758745753808,611.1688485087863,616.4969955648668,611.1688485087863,12.647467988975151,0.0,618.2833471668383,-13.199974416841078,97.53830201251351,98.70028210682348,98.41457411936226,-0.2857079874612312,-0.000554591146587116,-0.000554591146587116,172.43963221298705,4.078449901359348,2335.4822178547074,33164.575106190096,2.095382141386399,36433.465535921,0.36599122862987654,609.7835235602729,0.36579623851816734,609.4586475849044,-0.04001544221620478,-66.67033372019989,4.569764039487038,2.036113295183132,0.0,2092026.5433654126,2.7705732993900654,0.0,0.0,0.0,shutdown,False,False,2092026.5433654126,5600902.630078219,2513071.9934324254,2801287.5975467507,2500177.289855614,2803954.4670202713,False,False,0,0,True,3.63382692588e-06,1,0,36,0,True,7.7264555148e-06,1,0
31.400000000000002,-1530.7059469613444,15197.97842600292,-80.78729962752904,609.8510809258461,615.1787778260325,609.8510809258461,12.688726688882113,0.0,616.973344969075,-13.155377245536856,97.54606673636081,98.71429260382843,98.41548296085463,-0.2988096429737893,0.0008718366750043033,0.0008718366750043033,172.43963221298705,4.078449901359348,2335.4822178547074,33164.575106190096,2.0909425018215484,35933.29756734347,0.36659067615169233,602.3972963057145,0.3663770579935768,602.0462699178056,-0.0419161435839913,-68.87837910015519,4.570213163131795,2.0379745618418856,0.0,2092026.5433654126,2.7705732993900654,0.0,0.0,0.0,shutdown,False,False,2092026.5433654126,5600902.630078219,2513071.9934324254,2801287.5975467507,2500177.289855614,2803954.4670202713,False,False,0,0,True,3.63382692588e-06,1,0,36,0,True,7.7264555148e-06,1,0
31.5,-1538.780156838358,15258.897863805596,-80.69689791274602,608.5376751277017,613.8648803951635,608.5376751277017,12.72989648049993,0.0,615.6676603171765,-13.112738717942651,97.55380075278822,98.72828247041753,98.42464472458275,-0.30363774583477904,0.002326222171902321,0.002326222171902321,172.43963221298705,4.078449901359348,2335.4822178547074,33164.575106190096,2.0865174945584424,35440.91556832739,0.36716208286950264,595.0689403728196,0.3669411409058042,594.7108541042312,-0.04266376177359515,-69.14624547425034,4.571057595793981,2.041474075568309,0.0,2092026.5433654126,2.7705732993900654,0.0,0.0,0.0,shutdown,False,False,2092026.5433654126,5600902.630078219,2513071.9934324254,2801287.5975467507,2500177.289855614,2803954.4670202713,False,False,0,0,True,3.63382692588e-06,1,0,36,0,True,7.7264555148e-06,1,0
31.6,-1546.8453726476969,15319.686169498802,-80.60741827402967,607.2284387364009,612.5552486845993,607.2284387364009,12.770977652100623,0.0,614.3662601705795,-13.071989105973573,97.5616021252613,98.74234952563053,98.44210822670541,-0.30024129892511153,0.0037696900474893723,0.0037696900474893723,172.43963221298705,4.078449901359348,2335.4822178547074,33164.575106190096,2.082107007621551,34956.17673120196,0.36770450482684336,587.7970499630544,0.36748810194276177,587.4511173590289,-0.04225973691946376,-67.55464882099585,4.572300443115988,2.0466247068240353,0.0,2092026.5433654126,2.7705732993900654,0.0,0.0,0.0,shutdown,False,False,2092026.5433654126,5600902.630078219,2513071.9934324254,2801287.5975467507,2500177.289855614,2803954.4670202713,False,False,0,0,True,3.63382692588e-06,1,0,36,0,True,7.7264555148e-06,1,0
31.700000000000003,-1554.9017355554006,15380.343750800306,-80.51983988004255,605.9231872936567,611.2498290506194,605.9231872936567,12.811970479222774,0.0,613.0691117036004,-13.033039744410864,97.56956438415996,98.75658706060017,98.46770493418886,-0.28888212641131267,0.005165246417628869,0.005165246417628869,172.43963221298705,4.078449901359348,2335.4822178547074,33164.575106190096,2.077710929763576,34478.950947223275,0.36821885679626537,580.5833728720003,0.36801815247726033,580.2669154491193,-0.04073486352085608,-64.22806442393771,4.573934936319924,2.0533984043123756,0.0,2092026.5433654126,2.7705732993900654,0.0,0.0,0.0,shutdown,False,False,2092026.5433654126,5600902.630078219,2513071.9934324254,2801287.5975467507,2500177.289855614,2803954.4670202713,False,False,0,0,True,3.63382692588e-06,1,0,36,0,True,7.7264555148e-06,1,0
31.8,-1562.9494806820749,15440.870997470513,-80.43506265344432,604.6217461105126,609.9485676463129,604.6217461105126,12.852875225269251,0.0,611.7761806603686,-12.995783911869268,97.57777435796707,98.77108167930851,98.50106170108225,-0.2700199782262521,0.006478461784572374,0.006478461784572374,172.43963221298705,4.078449901359348,2335.4822178547074,33164.575106190096,2.073329144890271,34009.10714313102,0.3687077428818978,573.4321170280563,0.3685320570029054,573.1588818506904,-0.03814748008819074,-59.328806320359,4.575944864519424,2.0617279865730453,0.0,2092026.5433654126,2.7705732993900654,0.0,0.0,0.0,shutdown,False,False,2092026.5433654126,5600902.630078219,2513071.9934324254,2801287.5975467507,2500177.289855614,2803954.4670202713,False,False,0,0,True,3.63382692588e-06,1,0,36,0,True,7.7264555148e-06,1,0
31.900000000000002,-1570.9889282237639,15501.268282376066,-80.35388818033456,603.3239520005371,608.6514095960381,603.3239520005371,12.893692142225998,0.0,610.4874300864506,-12.960098279228546,97.58631029272676,98.78591142643029,98.54161719258474,-0.24429423384555513,0.007678075345084847,0.007678075345084847,172.43963221298705,4.078449901359348,2335.4822178547074,33164.575106190096,2.0689615277618727,33546.51325847671,0.36917516060161215,566.3493221154553,0.36903107009234565,566.1282737596738,-0.03458123368122774,-53.050855917184236,4.578305096669614,2.071509305057049,0.0,2092026.5433654126,2.7705732993900654,0.0,0.0,0.0,shutdown,False,False,2092026.5433654126,5600902.630078219,2513071.9934324254,2801287.5975467507,2500177.289855614,2803954.4670202713,False,False,0,0,True,3.63382692588e-06,1,0,36,0,True,7.7264555148e-06,1,0
32.0,-1579.0204728365356,15561.535962717559,-80.27700407510315,602.029654829354,607.3582984344786,602.029654829354,12.93442147149173,0.0,609.202819384792,-12.925845144555948,97.5952402737908,98.80114421628646,98.58864157191887,-0.2125026443675873,0.008736529616666223,0.008736529616666223,172.43963221298705,4.078449901359348,2335.4822178547074,33164.575106190096,2.0646079407936586,33091.04903078241,0.3696261103301002,559.3423496102265,0.36951685757652997,559.1770212143813,-0.030142460683630717,-45.613538412529465,4.580982205740307,2.0826038308369625,0.0,2092026.5433654126,2.7705732993900654,0.0,0.0,0.0,shutdown,False,False,2092026.5433654126,5600902.630078219,2513071.9934324254,2801287.5975467507,2500177.289855614,2803954.4670202713,False,False,0,0,True,3.63382692588e-06,1,0,36,0,True,7.7264555148e-06,1,0
32.1,-1587.044571636259,15621.674381409617,-80.20497191936029,600.7387190118143,606.0691759531588,600.7387190118143,12.975063444810603,0.0,607.9223038435288,-12.892871206370803,97.60462096405584,98.81683657672109,98.64125905923821,-0.17557751748286823,0.009630438340307364,0.009630438340307364,172.43963221298705,4.078449901359348,2335.4822178547074,33164.575106190096,2.0602682324556842,32642.583763611598,0.37006614703563917,552.4187500509116,0.3699914053366596,552.3071788730081,-0.02495721534477289,-37.25505241684031,4.583935216514382,2.094841753647053,0.0,2092026.5433654126,2.7705732993900654,0.0,0.0,0.0,shutdown,False,False,2092026.5433654126,5600902.630078219,2513071.9934324254,2801287.5975467507,2500177.289855614,2803954.4670202713,False,False,0,0,True,3.63382692588e-06,1,0,36,0,True,7.7264555148e-06,1,0
32.2,-1595.0617311702174,15681.68386860605,-80.13821875980744,599.4510249168204,604.7839824101009,599.4510249168204,13.01561828530292,0.0,606.6458345938373,-12.861010693651863,97.61449666263451,98.83303271184484,98.69847298162136,-0.13455973022347653,0.010340988131023321,0.010340988131023321,172.43963221298705,4.078449901359348,2335.4822178547074,33164.575106190096,2.055942237129935,32200.997680520457,0.370500914088608,545.5858982468657,0.37045691957680366,545.5211135612468,-0.019167972053906503,-28.226044398099226,4.587116500682352,2.108025691351034,0.0,2092026.5433654126,2.7705732993900654,0.0,0.0,0.0,shutdown,False,False,2092026.5433654126,5600902.630078219,2513071.9934324254,2801287.5975467507,2500177.289855614,2803954.4670202713,False,False,0,0,True,3.63382692588e-06,1,0,36,0,True,7.7264555148e-06,1,0
32.300000000000004,-1603.0724937171017,15741.564743356299,-80.07703217787424,598.1664700881663,603.5026570116767,598.1664700881663,13.056086208584578,0.0,605.373358910122,-12.830085879581999,97.6248986911828,98.84976389095331,98.75919291408388,-0.09057097686942911,0.010854266730164923,0.010854266730164923,172.43963221298705,4.078449901359348,2335.4822178547074,33164.575106190096,2.051629776127672,31766.17073980079,0.3709356992244165,538.8501688958827,0.3709157233592672,538.8211503939374,-0.01293003013344612,-18.783171681248835,4.590472837154668,2.1219350841082485,0.0,2092026.5433654126,2.7705732993900654,0.0,0.0,0.0,shutdown,False,False,2092026.5433654126,5600902.630078219,2513071.9934324254,2801287.5975467507,2500177.289855614,2803954.4670202713,False,False,0,0,True,3.63382692588e-06,1,0,36,0,True,7.7264555148e-06,1,0
32.4,-1611.0774232706,15801.317315377355,-80.02155889210174,596.8849703330192,602.2251387122355,596.8849703330192,13.09646742396453,0.0,604.1048208998574,-12.799909223516456,97.63584510846681,98.86704816403773,98.82226346190865,-0.04478470212906923,0.0111615076814126,0.0111615076814126,172.43963221298705,4.078449901359348,2335.4822178547074,33164.575106190096,2.04733066002733,31337.98102705424,0.3713750501660944,532.2164109599166,0.3713701551279101,532.2093958961616,-0.006407658188304683,-9.182794703392782,4.593946643969137,2.1363312996675896,0.0,2092026.5433654126,2.7705732993900654,0.0,0.0,0.0,shutdown,False,False,2092026.5433654126,5600902.630078219,2513071.9934324254,2801287.5975467507,2500177.289855614,2803954.4670202713,False,False,0,0,True,3.63382692588e-06,1,0,36,0,True,7.7264555148e-06,1,0
32.5,-1619.077091536463,15860.941886805904,-79.97180642515451,595.6064582379254,600.9513648521217,595.6064582379254,13.136762135628912,0.0,602.8401601039564,-12.770332678537502,97.64734074474961,98.88489040050007,98.88649417054508,0.0016037700450125313,0.011259239250484223,0.011259239250484223,172.43963221298705,4.078449901359348,2335.4822178547074,33164.575106190096,2.043044683931119,30916.317910018322,0.3718280217656422,525.6956770362174,0.3718280154744024,525.6956681415743,0.00022996276790039887,0.3251245895628549,4.597309523732353,2.15026780925406,0.0,2092026.5433654126,2.7705732993900654,0.0,0.0,0.0,shutdown,False,False,2092026.5433654126,5600902.630078219,2513071.9934324254,2801287.5975467507,2500177.289855614,2803954.4670202713,False,False,0,0,True,3.63382692588e-06,1,0,36,0,True,7.7264555148e-06,1,0
32.6,-1627.0720636625558,15920.438750953612,-79.92763609669991,594.3308247162266,599.6812121618257,594.3308247162266,13.176970541799841,0.0,601.5792524557174,-12.742337755601984,97.65937714216078,98.90328235331732,98.95069318656604,0.0474108332487228,0.011150444871642394,0.011150444871642394,172.43963221298705,4.078449901359348,2335.4822178547074,33164.575106190096,2.0387714273729984,30501.05476813192,0.37244578603325973,519.4962873765089,0.3724402821064631,519.4886103678165,0.006805564173607406,9.492563627437328,4.596018495388726,2.144917505302024,0.0,2092026.5433654126,2.7705732993900654,0.0,0.0,0.0,shutdown,False,False,2092026.5433654126,5600902.630078219,2513071.9934324254,2801287.5975467507,2500177.289855614,2803954.4670202713,False,False,0,0,True,3.63382692588e-06,1,0,36,0,True,7.7264555148e-06,1,0
32.7,-1635.0628844865291,15979.808191487818,-79.88878038276431,593.0579859678743,598.4145652900812,593.0579859678743,13.217092834181736,0.0,600.3219788977923,-12.714437211591138,97.67193321205681,98.92220317756109,99.01370616853809,0.09150299097701682,0.010845235266600499,0.010845235266600499,172.43963221298705,4.078449901359348,2335.4822178547074,33164.575106190096,2.0345104868637875,30092.076708132263,0.3730721524554933,513.3924980285615,0.37305162879787285,513.3642549882137,0.013149045832979591,18.09468072718393,4.594799402834985,2.139865319003883,0.0,2092026.5433654126,2.7705732993900654,0.0,0.0,0.0,shutdown,False,False,2092026.5433654126,5600902.630078219,2513071.9934324254,2801287.5975467507,2500177.289855614,2803954.4670202713,False,False,0,0,True,3.63382692588e-06,1,0,36,0,True,7.7264555148e-06,1,0
32.800000000000004,-1643.05006698376,16039.050487928484,-79.8548695618481,591.7879428454112,597.151379040477,591.7879428454112,13.257129201676186,0.0,599.0682879363105,-12.68642523779806,97.68497687415446,98.9416209347693,99.07445186908257,0.13283093431326654,0.010359014352032571,0.010359014352032571,172.43963221298705,4.078449901359348,2335.4822178547074,33164.575106190096,2.030261687889104,29689.27511620878,0.3737028824567482,507.3767555286373,0.37365958554450174,507.3179712700958,0.019108999363713006,25.944306436227816,4.5937084889952695,2.1353443333440594,0.0,2092026.5433654126,2.7705732993900654,0.0,0.0,0.0,shutdown,False,False,2092026.5433654126,5600902.630078219,2513071.9934324254,2801287.5975467507,2500177.289855614,2803954.4670202713,False,False,0,0,True,3.63382692588e-06,1,0,36,0,True,7.7264555148e-06,1,0
32.9,-1651.0340825109386,16098.165920855548,-79.82544098173238,590.5207156959395,595.891614888121,590.5207156959395,13.297079833901117,0.0,597.8181325027728,-12.65811774210058,97.69846665684292,98.96149431838424,99.13194737811364,0.1704530597293915,0.009710704402011076,0.009710704402011076,172.43963221298705,4.078449901359348,2335.4822178547074,33164.575106190096,2.02602487093229,29292.541131678143,0.37433309363699985,501.44094939292245,0.3742617170329369,501.3453362806592,0.02454914499830967,32.88500745454842,4.592796618612351,2.13156534294655,0.0,2092026.5433654126,2.7705732993900654,0.0,0.0,0.0,shutdown,False,False,2092026.5433654126,5600902.630078219,2513071.9934324254,2801287.5975467507,2500177.289855614,2803954.4670202713,False,False,0,0,True,3.63382692588e-06,1,0,36,0,True,7.7264555148e-06,1,0
33.0,-1659.0153523764775,16157.154773736076,-79.79995632904462,589.2563419145976,594.6352407288779,589.2563419145976,13.3369449224256,0.0,596.5714700363228,-12.629357876905667,97.71235327998527,98.98177423248309,99.18532612849266,0.2035518960095633,0.008921994492273579,0.008921994492273579,172.43963221298705,4.078449901359348,2335.4822178547074,33164.575106190096,2.021799891753236,28901.77642541839,0.3749576377466598,495.577142012672,0.3748557309052195,495.4424529274303,0.029350660429002213,38.792425989778145,4.592108413169656,2.128713269002521,0.0,2092026.5433654126,2.7705732993900654,0.0,0.0,0.0,shutdown,False,False,2092026.5433654126,5600902.630078219,2513071.9934324254,2801287.5975467507,2500177.289855614,2803954.4670202713,False,False,0,0,True,3.63382692588e-06,1,0,36,0,True,7.7264555148e-06,1,0
33.1,-1666.9942411581637,16216.01733448887,-79.77781930467971,587.9948731412616,593.382230348549,587.9948731412616,13.37672466182722,0.0,595.3282623074568,-12.600017583694976,97.72658130194637,99.00240543490007,99.23385167175996,0.23144623685989282,0.0080166155343937,0.0080166155343937,172.43963221298705,4.078449901359348,2335.4822178547074,33164.575106190096,2.017586620790923,28516.87399400869,0.3755714816756345,489.7777472335429,0.3754395698279459,489.60572275685456,0.03341388176752833,43.57459641347869,4.591681649161832,2.1269446655718367,0.0,2092026.5433654126,2.7705732993900654,0.0,0.0,0.0,shutdown,False,False,2092026.5433654126,5600902.630078219,2513071.9934324254,2801287.5975467507,2500177.289855614,2803954.4670202713,False,False,0,0,True,3.63382692588e-06,1,0,36,0,True,7.7264555148e-06,1,0
33.2,-1674.971051782091,16274.753896754257,-79.7583931738647,586.7363721664634,592.1325626113966,586.7363721664634,13.416419250550208,0.0,594.088474971016,-12.570001907827612,97.74109077986942,99.02332819394664,99.27692743010567,0.25359923615902635,0.00701966068412553,0.00701966068412553,172.43963221298705,4.078449901359348,2335.4822178547074,33164.575106190096,2.0133849416485057,28137.73826610328,0.37617005969012496,484.0363047383369,0.37601148356409214,483.83225712719036,0.03665942762410811,47.17146786113988,4.5915468882432435,2.1263861868375282,0.0,2092026.5433654126,2.7705732993900654,0.0,0.0,0.0,shutdown,False,False,2092026.5433654126,5600902.630078219,2513071.9934324254,2801287.5975467507,2500177.289855614,2803954.4670202713,False,False,0,0,True,3.63382692588e-06,1,0,36,0,True,7.7264555148e-06,1,0
33.300000000000004,-1682.9460384373683,16333.364758122741,-79.74133993167857,585.4808552031974,590.8862099453388,585.4808552031974,13.390825253054679,0.0,592.8418271355893,-12.540337353269333,97.7558505668628,99.0382881743826,99.31406824348606,0.27578006910346725,0.005944928923008002,0.005944928923008002,172.43963221298705,4.078449901359348,2335.4822178547074,33164.575106190096,2.0091600120544593,27763.310884144837,0.376775175477607,478.36353014507563,0.37658740542714586,478.1251324213395,0.0399173706889365,50.680128627540405,4.591408312305989,2.125811897831084,0.0,2092026.5433654126,2.7705732993900654,0.0,0.0,0.0,shutdown,False,False,2092026.5433654126,5600902.630078219,2513071.9934324254,2801287.5975467507,2500177.289855614,2803954.4670202713,False,False,0,0,True,3.63382692588e-06,1,0,36,0,True,7.7264555148e-06,1,0
33.4,-1690.9194282364801,16391.850216816678,-79.72645605056599,584.2283186756025,589.6431430423864,584.2283186756025,13.332799994703535,0.0,591.5934021591353,-12.510393195371941,97.77084245393374,99.05037143100219,99.34485346096126,0.2944820299590639,0.0048011391946874,0.0048011391946874,172.43963221298705,4.078449901359348,2335.4822178547074,33164.575106190096,2.0049290596723366,27394.00147002509,0.3773720415487766,472.7480229197073,0.377157656123127,472.4794543058198,0.04268123622357306,53.46837555228678,4.591448684566065,2.1259792093108865,0.0,2092026.5433654126,2.7705732993900654,0.0,0.0,0.0,shutdown,False,False,2092026.5433654126,5600902.630078219,2513071.9934324254,2801287.5975467507,2500177.289855614,2803954.4670202713,False,False,0,0,True,3.63382692588e-06,1,0,36,0,True,7.7264555148e-06,1,0
33.5,-1698.8914106792565,16450.210573741213,-79.71319280496012,582.9788198150918,588.403345894768,582.9788198150918,13.274898853742455,0.0,590.3482781742694,-12.479584013164995,97.78601396736477,99.06262657732947,99.36894920624404,0.30632262891457995,0.003609862623442599,0.003609862623442599,172.43963221298705,4.078449901359348,2335.4822178547074,33164.575106190096,2.0007092944568323,27030.203344227422,0.37794475815491524,467.1777646938948,0.37771245797449815,466.89061828775056,0.04446023069221727,54.957320466530284,4.591846339245323,2.1276271773144417,0.0,2092026.5433654126,2.7705732993900654,0.0,0.0,0.0,shutdown,False,False,2092026.5433654126,5600902.630078219,2513071.9934324254,2801287.5975467507,2500177.289855614,2803954.4670202713,False,False,0,0,True,3.63382692588e-06,1,0,36,0,True,7.7264555148e-06,1,0
33.6,-1706.8621122345653,16508.446135826238,-79.70083830121374,581.7324218854104,587.1667857590221,581.7324218854104,13.217121525656664,0.0,589.1064062892654,-12.448374580264273,97.80129633090608,99.07498512681536,99.38616272754108,0.31117760072570433,0.0023987898264654813,0.0023987898264654813,172.43963221298705,4.078449901359348,2335.4822178547074,33164.575106190096,1.996500550712316,26671.818050117858,0.37855810976948684,461.73170801688786,0.37831804558054444,461.4388989470688,0.04522953241792246,55.166984188634224,4.592414682923383,2.1299825178783065,0.0,2092026.5433654126,2.7705732993900654,0.0,0.0,0.0,shutdown,False,False,2092026.5433654126,5600902.630078219,2513071.9934324254,2801287.5975467507,2500177.289855614,2803954.4670202713,False,False,0,0,True,3.63382692588e-06,1,0,36,0,True,7.7264555148e-06,1,0
33.7,-1714.831589180032,16566.55721603981,-79.68870060811828,580.4891823860736,585.9334261431605,580.4891823860736,13.15946769994073,0.0,587.867734465342,-12.41641540759817,97.81662219732053,99.08738002348957,99.39645783499267,0.3090778115031028,0.0011948806110757843,0.0011948806110757843,172.43963221298705,4.078449901359348,2335.4822178547074,33164.575106190096,1.9923026520776836,26318.757479849926,0.3791577364432622,456.3413567383733,0.37892054521449314,456.0558814421067,0.04499193759881123,54.150765954902624,4.593313991710501,2.133709450274151,0.0,2092026.5433654126,2.7705732993900654,0.0,0.0,0.0,shutdown,False,False,2092026.5433654126,5600902.630078219,2513071.9934324254,2801287.5975467507,2500177.289855614,2803954.4670202713,False,False,0,0,True,3.63382692588e-06,1,0,36,0,True,7.7264555148e-06,1,0
33.800000000000004,-1722.7998305678516,16624.54413404899,-79.6761271482692,579.2491777974468,584.7032539813382,579.2491777974468,13.101937059442943,0.0,586.632235030729,-12.383676367236031,97.83192721972584,99.0997471489566,99.39994851165766,0.3002013627010669,2.359540745727859e-05,2.359540745727859e-05,172.43963221298705,4.078449901359348,2335.4822178547074,33164.575106190096,1.9881155047724168,25970.929711474797,0.3797306415270474,450.9907817842369,0.3795065218666565,450.72460389444,0.04376940181055031,51.98315485257586,4.594579244366777,2.1389529341377083,0.0,2092026.5433654126,2.7705732993900654,0.0,0.0,0.0,shutdown,False,False,2092026.5433654126,5600902.630078219,2513071.9934324254,2801287.5975467507,2500177.289855614,2803954.4670202713,False,False,0,0,True,3.63382692588e-06,1,0,36,0,True,7.7264555148e-06,1,0
33.9,-1730.7667625417093,16682.407217014956,-79.66251232889417,578.0124815219885,583.4762588707088,578.0124815219885,13.044529279576423,0.0,585.3998841467273,-12.350249145250574,97.84715112176877,99.11202643364136,99.39688988214515,0.28486344850379414,-0.001091258519297282,-0.001091258519297282,172.43963221298705,4.078449901359348,2335.4822178547074,33164.575106190096,1.9839390280063975,25628.249204205153,0.38027864905410225,445.68231973890954,0.38007650634475465,445.44541074639983,0.0416028130950487,48.758031233112085,4.596198461910864,2.1456633259490907,0.0,2092026.5433654126,2.7705732993900654,0.0,0.0,0.0,shutdown,False,False,2092026.5433654126,5600902.630078219,2513071.9934324254,2801287.5975467507,2500177.289855614,2803954.4670202713,False,False,0,0,True,3.63382692588e-06,1,0,36,0,True,7.7264555148e-06,1,0
34.0,-1738.7322534843818,16740.14679892611,-79.64730652455408,576.7791567010989,582.2524272525166,576.7791567010989,12.987244028980808,0.0,584.1706561965316,-12.316247276724352,97.8622387158284,99.12416288406216,99.38766798360633,0.26350509954417434,-0.0021277913364462888,-0.0021277913364462888,172.43963221298705,4.078449901359348,2335.4822178547074,33164.575106190096,1.979773134963449,25290.631484380207,0.38080466367062416,440.4194164095766,0.38063139143182934,440.2190185007002,0.038551211968853284,44.58638219801301,4.598152996385474,2.153763344492857,0.0,2092026.5433654126,2.7705732993900654,0.0,0.0,0.0,shutdown,False,False,2092026.5433654126,5600902.630078219,2513071.9934324254,2801287.5975467507,2500177.289855614,2803954.4670202713,False,False,0,0,True,3.63382692588e-06,1,0,36,0,True,7.7264555148e-06,1,0
34.1,-1746.696120032427,16797.76321947481,-79.63002443634934,575.5492542728703,581.0317417196677,575.5492542728703,12.930080970636647,0.0,582.9445232670167,-12.28180129273927,97.87714080287738,99.13610748114858,99.37278796672952,0.23668048558093172,-0.003066314408607435,-0.003066314408607435,172.43963221298705,4.078449901359348,2335.4822178547074,33164.575106190096,1.9756177310450933,24957.989749817094,0.38131243807226683,435.2062253102865,0.3811723904823454,435.04638372924177,0.034690200956357664,39.59323092054614,4.600417925860759,2.1631497078384205,0.0,2092026.5433654126,2.7705732993900654,0.0,0.0,0.0,shutdown,False,False,2092026.5433654126,5600902.630078219,2513071.9934324254,2801287.5975467507,2500177.289855614,2803954.4670202713,False,False,0,0,True,3.63382692588e-06,1,0,36,0,True,7.7264555148e-06,1,0
34.2,-1754.658133844688,16855.256822760977,-79.61025180887106,574.3228114504197,579.8141805314754,574.3228114504197,12.873039763151619,0.0,581.7214547980074,-12.247055161711565,97.89181491688578,99.14781792323312,99.35286076149826,0.20504283826514777,-0.003889592431513612,-0.003889592431513612,172.43963221298705,4.078449901359348,2335.4822178547074,33164.575106190096,1.9714727126819132,24630.245943482463,0.38180630001409666,430.0474371743595,0.3817009900054652,429.9288212706432,0.030110169270173907,33.91458215080883,4.602962507421361,2.173695010617541,0.0,2092026.5433654126,2.7705732993900654,0.0,0.0,0.0,shutdown,False,False,2092026.5433654126,5600902.630078219,2513071.9934324254,2801287.5975467507,2500177.289855614,2803954.4670202713,False,False,0,0,True,3.63382692588e-06,1,0,36,0,True,7.7264555148e-06,1,0
34.300000000000004,-1762.6180289608242,16912.627955868462,-79.58765051384886,573.0998506992566,578.5997174090434,573.0998506992566,12.81612006217294,0.0,580.5014174730121,-12.212159867388536,97.90622591114615,99.15925921094406,99.3285883852961,0.16932917435204886,-0.00458306520869263,-0.00458306520869263,172.43963221298705,4.078449901359348,2335.4822178547074,33164.575106190096,1.9673379669632483,24307.313675413672,0.3822908584717599,424.94762238400364,0.3822188971075721,424.86763142963616,0.024914341660911787,27.694332776856818,4.605750704146057,2.18524990794326,0.0,2092026.5433654126,2.7705732993900654,0.0,0.0,0.0,shutdown,False,False,2092026.5433654126,5600902.630078219,2513071.9934324254,2801287.5975467507,2500177.289855614,2803954.4670202713,False,False,0,0,True,3.63382692588e-06,1,0,36,0,True,7.7264555148e-06,1,0
34.4,-1770.5755095868963,16969.876967362015,-79.56196200760114,571.8803791718963,577.3883215655568,571.8803791718963,12.759321521878592,0.0,579.2843753065695,-12.177270685908805,97.92034638533015,99.17040407291113,99.300748069621,0.13034399670987237,-0.0051350382578117465,-0.0051350382578117465,172.43963221298705,4.078449901359348,2335.4822178547074,33164.575106190096,1.9632133719332128,23989.11636921695,0.3827707091641127,419.9112142216381,0.3827279829789784,419.86434228538684,0.019216659332965094,21.081264999117902,4.608741801288634,2.1976456689982835,0.0,2092026.5433654126,2.7705732993900654,0.0,0.0,0.0,shutdown,False,False,2092026.5433654126,5600902.630078219,2513071.9934324254,2801287.5975467507,2500177.289855614,2803954.4670202713,False,False,0,0,True,3.63382692588e-06,1,0,36,0,True,7.7264555148e-06,1,0
34.5,-1778.5302581462252,17027.00420574888,-79.53300917897351,570.6643885653933,576.1799579348252,570.6643885653933,12.702643796503605,0.0,578.0702898926106,-12.142541450346386,97.93415695294854,99.18123323203272,99.27017539293261,0.08894216089988156,-0.005536839129389193,-0.005536839129389193,172.43963221298705,4.078449901359348,2335.4822178547074,33164.575106190096,1.9590987974324043,23675.572996222858,0.3832501592100387,414.9419730859393,0.383230224069375,414.92038946385344,0.013139502936199022,14.22603785723908,4.6118911227408725,2.2106971462143576,0.0,2092026.5433654126,2.7705732993900654,0.0,0.0,0.0,shutdown,False,False,2092026.5433654126,5600902.630078219,2513071.9934324254,2801287.5975467507,2500177.289855614,2803954.4670202713,False,False,0,0,True,3.63382692588e-06,1,0,36,0,True,7.7264555148e-06,1,0
34.6,-1786.4819434359642,17084.01001794812,-79.50069661580402,569.4518554194082,574.9745876149699,569.4518554194082,12.64608654185869,0.0,576.8591208318646,-12.1081214755261,97.9476463493235,99.1917355123734,99.23774663136616,0.04601111899276911,-0.005782934104182438,-0.005782934104182438,172.43963221298705,4.078449901359348,2335.4822178547074,33164.575106190096,1.9549941065463954,23366.606313063425,0.38373298912906756,410.0429065806537,0.3837276430969377,410.0371940080699,0.006811272994189441,7.278274881684361,4.6151508520550815,2.2242061777693056,0.0,2092026.5433654126,2.7705732993900654,0.0,0.0,0.0,shutdown,False,False,2092026.5433654126,5600902.630078219,2513071.9934324254,2801287.5975467507,2500177.289855614,2803954.4670202713,False,False,0,0,True,3.63382692588e-06,1,0,36,0,True,7.7264555148e-06,1,0
34.7,-1794.4302287327632,17140.89474780647,-79.46500932017526,568.242741747568,573.7721684214465,568.242741747568,12.589649416802715,0.0,575.6508262340762,-12.074151967295576,97.96081138215976,99.20190778899332,99.20436057247879,0.0024527834854623986,-0.005870998932804954,-0.005870998932804954,172.43963221298705,4.078449901359348,2335.4822178547074,33164.575106190096,1.9508991573077639,23062.141256159564,0.38422226773478185,405.21609219112696,0.38422225251071,405.216076135215,0.0003638507195280496,0.3837314468453936,4.6184709540811175,2.237965407052505,0.0,2092026.5433654126,2.7705732993900654,0.0,0.0,0.0,shutdown,False,False,2092026.5433654126,5600902.630078219,2513071.9934324254,2801287.5975467507,2500177.289855614,2803954.4670202713,False,False,0,0,True,3.63382692588e-06,1,0,36,0,True,7.7264555148e-06,1,0
34.800000000000004,-1802.3747793758826,17197.658732068863,-79.42600354221008,567.03694350028,572.5726026739552,567.03694350028,12.533332087240467,0.0,574.4453104548331,-12.041812983070782,97.97365682385559,99.21175499370857,99.17091801780104,-0.040836975907513805,-0.005802654855290477,-0.005802654855290477,172.43963221298705,4.078449901359348,2335.4822178547074,33164.575106190096,1.9468136255745212,22762.095854518884,0.38489544595858066,400.6448325640667,0.38489122222928684,400.64043600564156,-0.006063211714274816,-6.311309909152658,4.617093641473474,2.2322575222301118,0.0,2092026.5433654126,2.7705732993900654,0.0,0.0,0.0,shutdown,False,False,2092026.5433654126,5600902.630078219,2513071.9934324254,2801287.5975467507,2500177.289855614,2803954.4670202713,False,False,0,0,True,3.63382692588e-06,1,0,36,0,True,7.7264555148e-06,1,0
34.9,-1810.3152701921686,17254.302296371032,-79.38381278351693,565.8343425431387,571.375789593219,565.8343425431387,12.477134230098523,0.0,573.2424764333714,-12.010206163893262,97.98619537293216,99.22128996414936,99.13829707940687,-0.08299288474249737,-0.0055842007460826714,-0.0055842007460826714,172.43963221298705,4.078449901359348,2335.4822178547074,33164.575106190096,1.9427371824046185,22466.396772982236,0.3855871378007908,396.1507552909012,0.3855696789187943,396.13281810210157,-0.012332337437695278,-12.670196465342839,4.615486833721987,2.2255985593147085,0.0,2092026.5433654126,2.7705732993900654,0.0,0.0,0.0,shutdown,False,False,2092026.5433654126,5600902.630078219,2513071.9934324254,2801287.5975467507,2500177.289855614,2803954.4670202713,False,False,0,0,True,3.63382692588e-06,1,0,36,0,True,7.7264555148e-06,1,0
35.0,-1818.2513932124077,17310.82575675236,-79.33864762126427,564.6348650834537,570.1816832152548,564.6348650834537,12.421055531824292,0.0,572.0422833939401,-11.979343033443348,97.99844690214904,99.23053256980066,99.10732956382039,-0.12320300598026834,-0.00522550141685426,-0.00522550141685426,172.43963221298705,4.078449901359348,2335.4822178547074,33164.575106190096,1.9386696896077245,22174.967696495398,0.3862835722564255,391.71820886983596,0.3862450661601884,391.6791610300315,-0.01832261428513833,-18.58039576382184,4.613979519621838,2.2193519198611256,0.0,2092026.5433654126,2.7705732993900654,0.0,0.0,0.0,shutdown,False,False,2092026.5433654126,5600902.630078219,2513071.9934324254,2801287.5975467507,2500177.289855614,2803954.4670202713,False,False,0,0,True,3.63382692588e-06,1,0,36,0,True,7.7264555148e-06,1,0
35.1,-1826.1828644147483,17367.229421695756,-79.29077642554607,563.4384337844543,568.9902423518745,563.4384337844543,12.365095686362208,0.0,570.8446965314414,-11.94928294967459,98.01043727592301,99.2395086414622,99.07878441022643,-0.16072423123575547,-0.00473863689718799,-0.00473863689718799,172.43963221298705,4.078449901359348,2335.4822178547074,33164.575106190096,1.9346110292282437,21887.742268566184,0.3869808992202752,387.3423836510299,0.3869153128663388,387.2767360319358,-0.0239232642325442,-23.945611298175397,4.612615184519803,2.213697816661645,0.0,2092026.5433654126,2.7705732993900654,0.0,0.0,0.0,shutdown,False,False,2092026.5433654126,5600902.630078219,2513071.9934324254,2801287.5975467507,2500177.289855614,2803954.4670202713,False,False,0,0,True,3.63382692588e-06,1,0,36,0,True,7.7264555148e-06,1,0
35.2,-1834.1094290254923,17423.513591693136,-79.2405157893293,562.244966163118,567.8014277177582,562.244966163118,12.309254395584809,0.0,569.6496839257231,-11.92006947968109,98.02219747772575,99.24824910810331,99.05335623573328,-0.19489287237003755,-0.004137470456360371,-0.004137470456360371,172.43963221298705,4.078449901359348,2335.4822178547074,33164.575106190096,1.9305610930877546,21604.649648361166,0.3876749838729845,383.01830554723654,0.38757846255494477,382.92294362494937,-0.02903515170616361,-28.68638697472766,4.611432834393335,2.208797899021909,0.0,2092026.5433654126,2.7705732993900654,0.0,0.0,0.0,shutdown,False,False,2092026.5433654126,5600902.630078219,2513071.9934324254,2801287.5975467507,2500177.289855614,2803954.4670202713,False,False,0,0,True,3.63382692588e-06,1,0,36,0,True,7.7264555148e-06,1,0
35.300000000000004,-1842.0308658771326,17479.678558804502,-79.18822124347145,561.05437606419,566.6152021297015,561.05437606419,12.253531369730208,0.0,568.4572165271117,-11.891732501017918,98.03376271159411,99.25678910128032,99.03165630266325,-0.2251327986170639,-0.0034372351343215854,-0.0034372351343215854,172.43963221298705,4.078449901359348,2335.4822178547074,33164.575106190096,1.9265197827359786,21325.623871068932,0.3883616453980366,378.7412452253209,0.38823272827968114,378.6155216104496,-0.03357193865690211,-32.740302762162194,4.610466568871649,2.2047934832668923,0.0,2092026.5433654126,2.7705732993900654,0.0,0.0,0.0,shutdown,False,False,2092026.5433654126,5600902.630078219,2513071.9934324254,2801287.5975467507,2500177.289855614,2803954.4670202713,False,False,0,0,True,3.63382692588e-06,1,0,36,0,True,7.7264555148e-06,1,0
35.4,-1849.9469908372532,17535.724606356784,-79.13427795895147,559.866574981498,565.4315305406994,559.866574981498,12.197926327700866,0.0,567.2672679798934,-11.864289154501723,98.04517149291529,99.26516704918517,99.01420578291129,-0.25096126627386817,-0.0026541453827990604,-0.0026541453827990604,172.43963221298705,4.078449901359348,2335.4822178547074,33164.575106190096,1.9224870088525556,21050.599697076894,0.3890368877546749,374.50686248337405,0.3888765361586663,374.3524998123637,-0.037460891885577614,-36.06177595874512,4.609745307638106,2.201804418892492,0.0,2092026.5433654126,2.7705732993900654,0.0,0.0,0.0,shutdown,False,False,2092026.5433654126,5600902.630078219,2513071.9934324254,2801287.5975467507,2500177.289855614,2803954.4670202713,False,False,0,0,True,3.63382692588e-06,1,0,36,0,True,7.7264555148e-06,1,0
35.5,-1857.8576593172832,17591.65200876914,-79.07909164164404,558.6814732655952,564.2503799777927,558.6814732655952,12.142438997236933,0.0,566.0798143568769,-11.837745164798601,98.05646474853356,99.27342378015015,99.00143115865153,-0.271992621498613,-0.001805039697959737,-0.001805039697959737,172.43963221298705,4.078449901359348,2335.4822178547074,33164.575106190096,1.9184626903474642,20779.511344301194,0.38969710833384474,370.31136316652515,0.38950855705532494,370.1321914983699,-0.040643378818104064,-38.621546560032435,4.609292647205701,2.199928495011825,0.0,2092026.5433654126,2.7705732993900654,0.0,0.0,0.0,shutdown,False,False,2092026.5433654126,5600902.630078219,2513071.9934324254,2801287.5975467507,2500177.289855614,2803954.4670202713,False,False,0,0,True,3.63382692588e-06,1,0,36,0,True,7.7264555148e-06,1,0
35.6,-1865.7627678876192,17647.461031490566,-79.02307976507558,557.4989811629357,563.0717193513352,557.4989811629357,12.087069114978124,0.0,564.8948337758603,-11.812096889227965,98.06768494185137,99.28160165129515,98.99366157441,-0.2879400768851557,-0.0009070568325574497,-0.0009070568325574497,172.43963221298705,4.078449901359348,2335.4822178547074,33164.575106190096,1.9144467530612188,20512.2987195083,0.39033927365030974,366.1517442326791,0.39012772705169296,365.95330620376734,-0.043075090218440894,-40.40592500203222,4.609126823079204,2.1992412835468533,0.0,2092026.5433654126,2.7705732993900654,0.0,0.0,0.0,shutdown,False,False,2092026.5433654126,5600902.630078219,2513071.9934324254,2801287.5975467507,2500177.289855614,2803954.4670202713,False,False,0,0,True,3.63382692588e-06,1,0,36,0,True,7.7264555148e-06,1,0
35.7,-1873.6622550397838,17703.151931035765,-78.96666327821335,556.319009741011,561.8955192102121,556.319009741011,12.031816426428163,0.0,563.7123059751092,-11.787331549730734,98.0788752364491,99.28974371563342,98.9911279465653,-0.2986157690681227,2.265387435489857e-05,2.265387435489857e-05,172.43963221298705,4.078449901359348,2335.4822178547074,33164.575106190096,1.9104391283261501,20248.89652850522,0.39096105456352237,362.02568487535893,0.3907332579996729,361.81474773449224,-0.044726027925669,-41.415815469450855,4.60926075264335,2.199796316966441,0.0,2092026.5433654126,2.7705732993900654,0.0,0.0,0.0,shutdown,False,False,2092026.5433654126,5600902.630078219,2513071.9934324254,2801287.5975467507,2500177.289855614,2803954.4670202713,False,False,0,0,True,3.63382692588e-06,1,0,36,0,True,7.7264555148e-06,1,0
35.800000000000004,-1881.556101147273,17758.72495510642,-78.91025887157149,555.141471672048,560.7217514288043,555.141471672048,11.976680685834435,0.0,562.5322118353037,-11.763429829650521,98.090078707693,99.29789293710398,98.99396363943143,-0.30392929767254817,0.0009671896674288066,0.0009671896674288066,172.43963221298705,4.078449901359348,2335.4822178547074,33164.575106190096,1.9064397513462685,19989.24841284169,0.39156091678813965,357.9318350701833,0.3913246398254805,357.715850677453,-0.045580292804574346,-41.66564421291532,4.609702136779896,2.2016255094096486,0.0,2092026.5433654126,2.7705732993900654,0.0,0.0,0.0,shutdown,False,False,2092026.5433654126,5600902.630078219,2513071.9934324254,2801287.5975467507,2500177.289855614,2803954.4670202713,False,False,0,0,True,3.63382692588e-06,1,0,36,0,True,7.7264555148e-06,1,0
35.9,-1889.4443276847076,17814.1803427858,-78.8542718771306,553.9662819155908,559.5503888772273,553.9662819155908,11.921661655994932,0.0,561.3545329007278,-11.740365299312776,98.10133761018947,99.30609146125273,99.00220652883351,-0.30388493241923026,0.0019101215314500028,0.0019101215314500028,172.43963221298705,4.078449901359348,2335.4822178547074,33164.575106190096,1.9024485595745593,19733.291224838158,0.3921381653262638,353.8695249575002,0.3919016362774883,353.656078704292,-0.04563570390825245,-41.182129899746414,4.610453602223924,2.2047397466414247,0.0,2092026.5433654126,2.7705732993900654,0.0,0.0,0.0,shutdown,False,False,2092026.5433654126,5600902.630078219,2513071.9934324254,2801287.5975467507,2500177.289855614,2803954.4670202713,False,False,0,0,True,3.63382692588e-06,1,0,36,0,True,7.7264555148e-06,1,0
36.0,-1897.3269957773005,17869.51832469828,-78.79908997472656,552.7933563340566,558.3814031537192,552.7933563340566,11.866759108099968,0.0,560.1792489881977,-11.71814633090595,98.11269274798096,99.31437999242972,99.01580195749025,-0.2985780349394565,0.002835578334154873,0.002835578334154873,172.43963221298705,4.078449901359348,2335.4822178547074,33164.575106190096,1.898465484609563,19480.96919780707,0.3927004406841794,349.8456461671561,0.3924717809577192,349.6419397246155,-0.04490159062288231,-40.00154916563664,4.6113970836829115,2.2086497402551326,0.0,2092026.5433654126,2.7705732993900654,0.0,0.0,0.0,shutdown,False,False,2092026.5433654126,5600902.630078219,2513071.9934324254,2801287.5975467507,2500177.289855614,2803954.4670202713,False,False,0,0,True,3.63382692588e-06,1,0,36,0,True,7.7264555148e-06,1,0
36.1,-1905.2042041479606,17924.739123071715,-78.74507743847153,551.6226111345943,557.2147632069153,551.6226111345943,11.811972821670329,0.0,559.0063366964329,-11.696757657625904,98.12418288016633,99.3227972043508,99.03460630228705,-0.2881909020637541,0.0037283762735293986,0.0037283762735293986,172.43963221298705,4.078449901359348,2335.4822178547074,33164.575106190096,1.894490447143588,19232.223123093692,0.3932531197250195,345.86466158965214,0.39303979101420716,345.67703977898714,-0.04340093780256198,-38.170963974177525,4.612456896969026,2.2130418384155743,0.0,2092026.5433654126,2.7705732993900654,0.0,0.0,0.0,shutdown,False,False,2092026.5433654126,5600902.630078219,2513071.9934324254,2801287.5975467507,2500177.289855614,2803954.4670202713,False,False,0,0,True,3.63382692588e-06,1,0,36,0,True,7.7264555148e-06,1,0
36.2,-1913.0760865018062,17979.842952055853,-78.69256963843976,550.4539685481183,556.0504401640857,550.4539685481183,11.757302584241323,0.0,557.8357741087175,-11.676094070966451,98.13584405445054,99.33137906547465,99.05839229461954,-0.2729867708551063,0.0045745013675927435,0.0045745013675927435,172.43963221298705,4.078449901359348,2335.4822178547074,33164.575106190096,1.8905233729001796,18986.99706317105,0.39378591728525675,341.9172320743612,0.39359421811255113,341.7507831292737,-0.041172543894447494,-35.749379619515125,4.613805794466194,2.218631964802513,0.0,2092026.5433654126,2.7705732993900654,0.0,0.0,0.0,shutdown,False,False,2092026.5433654126,5600902.630078219,2513071.9934324254,2801287.5975467507,2500177.289855614,2803954.4670202713,False,False,0,0,True,3.63382692588e-06,1,0,36,0,True,7.7264555148e-06,1,0
36.300000000000004,-1920.9428084179729,18034.830018398807,-78.64186868489276,549.2873583109152,554.8884081600874,549.2873583109152,11.702748190691665,0.0,556.6675415349631,-11.656110671982109,98.14770911009217,99.34015834173265,99.08685630485934,-0.253302036873303,0.00536131257252602,0.00536131257252602,172.43963221298705,4.078449901359348,2335.4822178547074,33164.575106190096,1.886564195148995,18745.23607781853,0.39430110958625275,338.0052443722595,0.39413580148484967,337.86353793559715,-0.03826329921191784,-32.80030282994691,4.615427603661654,2.2253530969842785,0.0,2092026.5433654126,2.7705732993900654,0.0,0.0,0.0,shutdown,False,False,2092026.5433654126,5600902.630078219,2513071.9934324254,2801287.5975467507,2500177.289855614,2803954.4670202713,False,False,0,0,True,3.63382692588e-06,1,0,36,0,True,7.7264555148e-06,1,0
36.4,-1928.804563861935,18089.70052205599,-78.59324019435925,548.1227148328163,553.7286410507814,548.1227148328163,11.648309442639311,0.0,555.5016181763864,-11.636758888729933,98.15980735294548,99.34916427957039,99.11962600288514,-0.2295382766852464,0.006077469936168629,0.006077469936168629,172.43963221298705,4.078449901359348,2335.4822178547074,33164.575106190096,1.882612843402289,18506.88435551478,0.3948014420346114,334.1308431883023,0.39466547435088406,334.01577016178027,-0.034729972108389406,-29.392888751062472,4.617302189537325,2.2331217910401033,0.0,2092026.5433654126,2.7705732993900654,0.0,0.0,0.0,shutdown,False,False,2092026.5433654126,5600902.630078219,2513071.9934324254,2801287.5975467507,2500177.289855614,2803954.4670202713,False,False,0,0,True,3.63382692588e-06,1,0,36,0,True,7.7264555148e-06,1,0
36.5,-1936.6615713998194,18144.45465667371,-78.54691056332452,546.9599775215783,552.5711123189922,546.9599775215783,11.593986147961692,0.0,554.3379819842045,-11.617987334633938,98.172164232648,99.35842228427559,99.15626811376067,-0.20215417051492401,0.0067130396570036464,0.0067130396570036464,172.43963221298705,4.078449901359348,2335.4822178547074,33164.575106190096,1.8786692429360277,18271.890532766152,0.39528997993558246,330.29638128105205,0.3951843406370863,330.2081112014005,-0.03063815889758699,-25.60063124958538,4.619405749834391,2.241839405201171,0.0,2092026.5433654126,2.7705732993900654,0.0,0.0,0.0,shutdown,False,False,2092026.5433654126,5600902.630078219,2513071.9934324254,2801287.5975467507,2500177.289855614,2803954.4670202713,False,False,0,0,True,3.63382692588e-06,1,0,36,0,True,7.7264555148e-06,1,0
36.6,-1944.5140701764803,18199.09261010447,-78.50306496989202,545.7990910935895,551.4157950659878,545.7990910935895,11.539778120284442,0.0,553.1766096197041,-11.599741223645058,98.18480109108059,99.36795366913874,99.19629673590164,-0.1716569332371059,0.007259585370926526,0.007259585370926526,172.43963221298705,4.078449901359348,2335.4822178547074,33164.575106190096,1.874733314654561,18040.198784943856,0.3957699525156936,326.50411766938845,0.3956936498116747,326.44116911330656,-0.0260611570049223,-21.500053299266433,4.621711146447154,2.251393473219255,0.0,2092026.5433654126,2.7705732993900654,0.0,0.0,0.0,shutdown,False,False,2092026.5433654126,5600902.630078219,2513071.9934324254,2801287.5975467507,2500177.289855614,2803954.4670202713,False,False,0,0,True,3.63382692588e-06,1,0,36,0,True,7.7264555148e-06,1,0
36.7,-1952.3623157290147,18253.614564950803,-78.46184608078977,544.6400058330237,550.2626620480455,544.6400058330237,11.48568517844186,0.0,552.0174764746371,-11.581963986102723,98.19773498138399,99.37777547482452,99.23918214243672,-0.13859333238779847,0.007710245530943299,0.007710245530943299,172.43963221298705,4.078449901359348,2335.4822178547074,33164.575106190096,1.870804975159745,17811.761075168637,0.3962445985307414,322.7563096950683,0.39619477003894704,322.71572249163677,-0.021078764486466072,-17.169456098101076,4.624188279589762,2.2616592549955,0.0,2092026.5433654126,2.7705732993900654,0.0,0.0,0.0,shutdown,False,False,2092026.5433654126,5600902.630078219,2513071.9934324254,2801287.5975467507,2500177.289855614,2803954.4670202713,False,False,0,0,True,3.63382692588e-06,1,0,36,0,True,7.7264555148e-06,1,0
36.800000000000004,-1960.2065757056998,18308.020699133653,-78.42335345291305,543.4826778239748,549.1116857812433,543.4826778239748,11.431707145912998,0.0,550.8605567745226,-11.564596193261654,98.21097855709183,99.38790035847059,99.28435998300642,-0.1035403754641586,0.008059795806707168,0.008059795806707168,172.43963221298705,4.078449901359348,2335.4822178547074,33164.575106190096,1.8668841371010356,17586.522376408244,0.39671702138012954,319.0548337624759,0.3966891599756805,319.0324265672062,-0.015776010068994737,-12.687663999108587,4.626804509548994,2.2725014844162703,0.0,2092026.5433654126,2.7705732993900654,0.0,0.0,0.0,shutdown,False,False,2092026.5433654126,5600902.630078219,2513071.9934324254,2801287.5975467507,2500177.289855614,2803954.4670202713,False,False,0,0,True,3.63382692588e-06,1,0,36,0,True,7.7264555148e-06,1,0
36.9,-1968.047125558699,18362.31118648148,-78.38764360707972,542.3270691325971,547.9628386891061,542.3270691325971,11.377843850237184,0.0,549.7058237388453,-11.547577632662591,98.22454003043806,99.39833655163372,99.3312407953382,-0.06709575629552036,0.008304694817272461,0.008304694817272461,172.43963221298705,4.078449901359348,2335.4822178547074,33164.575106190096,1.8629707097184054,17364.435697505945,0.3971900610060477,315.4013675257692,0.3971783397419436,315.39205988418774,-0.010241819947353258,-8.132842018166043,4.629525128175487,2.283776323315952,0.0,2092026.5433654126,2.7705732993900654,0.0,0.0,0.0,shutdown,False,False,2092026.5433654126,5600902.630078219,2513071.9934324254,2801287.5975467507,2500177.289855614,2803954.4670202713,False,False,0,0,True,3.63382692588e-06,1,0,36,0,True,7.7264555148e-06,1,0
37.0,-1975.8842442763869,18416.486197334132,-78.35473074667351,541.1731479204427,546.8160932713165,541.1731479204427,11.32409512241491,0.0,548.5532497756071,-11.530846608802522,98.238423198295,99.4090878855954,99.37921972516122,-0.02986816043417317,0.008443111122627424,0.008443111122627424,172.43963221298705,4.078449901359348,2335.4822178547074,33164.575106190096,1.8590645995016852,17145.44903267967,0.3976661888322743,311.7970887708044,0.3976638617697737,311.79526419699494,-0.004567630477072279,-3.581330083691421,4.632313879025148,2.2953335170567746,0.0,2092026.5433654126,2.7705732993900654,0.0,0.0,0.0,shutdown,False,False,2092026.5433654126,5600902.630078219,2513071.9934324254,2801287.5975467507,2500177.289855614,2803954.4670202713,False,False,0,0,True,3.63382692588e-06,1,0,36,0,True,7.7264555148e-06,1,0
37.1,-1983.7182101451872,18470.54589873155,-78.32458662933077,540.0208800279431,545.6714137068293,540.0208800279431,11.270460796720615,0.0,547.4027981198402,-11.514511239236883,98.2526275092237,99.42015387595771,99.42768639861544,0.007532522657712588,0.008474949462669863,0.008474949462669863,172.43963221298705,4.078449901359348,2335.4822178547074,33164.575106190096,1.8551656818532176,16929.515037798832,0.39818575590068667,308.2724846829487,0.39818560765922356,308.27236991549785,0.0011537659215090268,0.8932370937317256,4.634193870470538,2.3031246129763367,0.0,2092026.5433654126,2.7705732993900654,0.0,0.0,0.0,shutdown,False,False,2092026.5433654126,5600902.630078219,2513071.9934324254,2801287.5975467507,2500177.289855614,2803954.4670202713,False,False,0,0,True,3.63382692588e-06,1,0,36,0,True,7.7264555148e-06,1,0
37.2,-1991.549296300639,18524.490452977792,-78.29713647970358,538.8702048969067,544.5287313875692,538.8702048969067,11.21694071212735,0.0,546.254398372351,-11.498991379673752,98.26714795767677,99.43152966933363,99.4760366757181,0.044507006384474454,0.008402481131196309,0.008402481131196309,172.43963221298705,4.078449901359348,2335.4822178547074,33164.575106190096,1.8512737181878722,16716.58226795565,0.3988632501763493,304.9130688246609,0.3988580716614283,304.9091100822202,0.006821440431460809,5.214685320950797,4.63237745692971,2.2955969978050645,0.0,2092026.5433654126,2.7705732993900654,0.0,0.0,0.0,shutdown,False,False,2092026.5433654126,5600902.630078219,2513071.9934324254,2801287.5975467507,2500177.289855614,2803954.4670202713,False,False,0,0,True,3.63382692588e-06,1,0,36,0,True,7.7264555148e-06,1,0
37.300000000000004,-1999.3777699879624,18578.320016544305,-78.27233726676207,537.7210664333128,543.387986679298,537.7210664333128,11.143205307084365,0.0,545.1046546672983,-11.483777890444665,98.28198274082474,99.44110572441113,99.52367855117117,0.08257282676005001,0.008227670638428643,0.008227670638428643,172.43963221298705,4.078449901359348,2335.4822178547074,33164.575106190096,1.8473771998071358,16506.400338934545,0.3995536920732818,301.60049319857296,0.3995358571635778,301.5870306335421,0.012663222203590573,9.55875052053218,4.6304861868066185,2.2877591605771674,0.0,2092026.5433654126,2.7705732993900654,0.0,0.0,0.0,shutdown,False,False,2092026.5433654126,5600902.630078219,2513071.9934324254,2801287.5975467507,2500177.289855614,2803954.4670202713,False,False,0,0,True,3.63382692588e-06,1,0,36,0,True,7.7264555148e-06,1,0
37.4,-2007.2038943669,18632.03474204888,-78.25015031199658,536.5734436582447,542.2491553364723,536.5734436582447,11.059296109744464,0.0,543.9551798258983,-11.46867760929197,98.29712996014305,99.44991038642003,99.57003240271617,0.12012201629613589,0.00795287597038423,0.00795287597038423,172.43963221298705,4.078449901359348,2335.4822178547074,33164.575106190096,1.8434815926139623,16299.028177197268,0.4002516758267655,298.3316943670151,0.4002139108175214,298.3035458297921,0.01843269040001639,13.738994964657113,4.628619929312078,2.28002498115512,0.0,2092026.5433654126,2.7705732993900654,0.0,0.0,0.0,shutdown,False,False,2092026.5433654126,5600902.630078219,2513071.9934324254,2801287.5975467507,2500177.289855614,2803954.4670202713,False,False,0,0,True,3.63382692588e-06,1,0,36,0,True,7.7264555148e-06,1,0
37.5,-2015.0279236173033,18685.63478096673,-78.2304346960657,535.4273346988012,541.1122172483241,535.4273346988012,10.975566067363417,0.0,542.8076466989637,-11.453501578143781,98.31257669275328,99.45900204695259,99.61454417870893,0.15554213175633122,0.007584664969293828,0.007584664969293828,172.43963221298705,4.078449901359348,2335.4822178547074,33164.575106190096,1.8395925659535382,16094.523743822918,0.4009503036294021,295.10271274886435,0.40088694593811114,295.0560809683065,0.023882730531880038,17.57788559831658,4.626878828177057,2.2728094770729763,0.0,2092026.5433654126,2.7705732993900654,0.0,0.0,0.0,shutdown,False,False,2092026.5433654126,5600902.630078219,2513071.9934324254,2801287.5975467507,2500177.289855614,2803954.4670202713,False,False,0,0,True,3.63382692588e-06,1,0,36,0,True,7.7264555148e-06,1,0
37.6,-2022.8500947489072,18739.120285199457,-78.21298793601115,534.2827499556834,539.9771554261216,534.2827499556834,10.89201494265171,0.0,541.6620334103303,-11.438193282973346,98.32830325082475,99.46836110035252,99.65670447003401,0.1883433696814949,0.007132052975164517,0.007132052975164517,172.43963221298705,4.078449901359348,2335.4822178547074,33164.575106190096,1.8357100456868398,15892.844250266531,0.40164635711535046,291.91068015045323,0.4015534009877639,291.843121000601,0.02893815318368749,21.0318252076719,4.625293725227143,2.266240463604622,0.0,2092026.5433654126,2.7705732993900654,0.0,0.0,0.0,shutdown,False,False,2092026.5433654126,5600902.630078219,2513071.9934324254,2801287.5975467507,2500177.289855614,2803954.4670202713,False,False,0,0,True,3.63382692588e-06,1,0,36,0,True,7.7264555148e-06,1,0
37.7,-2030.6706234706855,18792.491407951813,-78.19758649955448,533.1397050914169,538.8439548508625,533.1397050914169,10.808642496284127,0.0,540.5183197126834,-11.422704001309155,98.3442874810511,99.47796547758604,99.69605766606647,0.21809218848043285,0.006604803863817104,0.006604803863817104,172.43963221298705,4.078449901359348,2335.4822178547074,33164.575106190096,1.8318339631950664,15693.944404924185,0.4023365751577519,288.7527637562358,0.40221185097798473,288.663250513248,0.033532310752949906,24.065789696725453,4.623891975124042,2.2604313044537685,0.0,2092026.5433654126,2.7705732993900654,0.0,0.0,0.0,shutdown,False,False,2092026.5433654126,5600902.630078219,2513071.9934324254,2801287.5975467507,2500177.289855614,2803954.4670202713,False,False,0,0,True,3.63382692588e-06,1,0,36,0,True,7.7264555148e-06,1,0
37.800000000000004,-2038.4897023178353,18845.74830421584,-78.18399044343886,531.9982201890559,537.7126022755864,531.9982201890559,10.725448486143497,0.0,539.3764868949113,-11.406994045051254,98.36050524119442,99.4877911214393,99.73220565724435,0.24441453580504136,0.006013225416899515,0.006013225416899515,172.43963221298705,4.078449901359348,2335.4822178547074,33164.575106190096,1.8279642550656594,15497.784106703932,0.40301779058593373,285.6264023002536,0.40286102889176706,285.51530229482154,0.037607538674209635,26.653180633205174,4.62269729920438,2.255480306029971,0.0,2092026.5433654126,2.7705732993900654,0.0,0.0,0.0,shutdown,False,False,2092026.5433654126,5600902.630078219,2513071.9934324254,2801287.5975467507,2500177.289855614,2803954.4670202713,False,False,0,0,True,3.63382692588e-06,1,0,36,0,True,7.7264555148e-06,1,0
37.9,-2046.307499235923,18898.891131169745,-78.17194791832345,530.8583188890982,536.5830859942424,530.8583188890982,10.642432666697566,0.0,538.2365176504288,-11.391031953428307,98.37693086902357,99.49781245425159,99.76481041488618,0.26699796063460135,0.005367982036399082,0.005367982036399082,172.43963221298705,4.078449901359348,2335.4822178547074,33164.575106190096,1.8241008626460449,15304.318666582945,0.4036870564047225,282.52920656683943,0.4034998405787971,282.3981794805946,0.04111542632498414,28.7755294428093,4.621729715701359,2.2514704282719054,0.0,2092026.5433654126,2.7705732993900654,0.0,0.0,0.0,shutdown,False,False,2092026.5433654126,5600902.630078219,2513071.9934324254,2801287.5975467507,2500177.289855614,2803954.4670202713,False,False,0,0,True,3.63382692588e-06,1,0,36,0,True,7.7264555148e-06,1,0
38.0,-2054.124156605853,18951.9200484893,-78.16119948027671,529.7200275020173,535.4553955661793,529.7200275020173,10.55959478851258,0.0,537.0983958944793,-11.374795787684207,98.39353763720476,99.50800283178256,99.79359555023002,0.28559271844746414,0.0046799257112451085,0.0046799257112451085,172.43963221298705,4.078449901359348,2335.4822178547074,33164.575106190096,1.820243731424465,15113.510445409793,0.4043417563111405,279.4592369277605,0.4041273736989982,279.3110672167061,0.04401693936494097,30.422136954255965,4.621005532252399,2.2484692535973925,0.0,2092026.5433654126,2.7705732993900654,0.0,0.0,0.0,shutdown,False,False,2092026.5433654126,5600902.630078219,2513071.9934324254,2801287.5975467507,2500177.289855614,2803954.4670202713,False,False,0,0,True,3.63382692588e-06,1,0,36,0,True,7.7264555148e-06,1,0
38.1,-2061.939790688081,19004.835218571025,-78.15148216428231,528.5833741324399,534.3295215255367,528.5833741324399,10.47693459790463,0.0,535.9621065588562,-11.358271603520068,98.4102981886229,99.5183349776457,99.8183469576222,0.3000119799765033,0.003959945358670339,0.003959945358670339,172.43963221298705,4.078449901359348,2335.4822178547074,33164.575106190096,1.8163928103342843,14925.315722102141,0.40497969571619047,276.41480573875947,0.40474290154708004,276.25318426749294,0.046282414951723326,31.589595412622092,4.620537386686185,2.2465291559338456,0.0,2092026.5433654126,2.7705732993900654,0.0,0.0,0.0,shutdown,False,False,2092026.5433654126,5600902.630078219,2513071.9934324254,2801287.5975467507,2500177.289855614,2803954.4670202713,False,False,0,0,True,3.63382692588e-06,1,0,36,0,True,7.7264555148e-06,1,0
38.2,-2069.754491460661,19057.63680666874,-78.1425332873175,527.4483878218256,533.2054550774986,527.4483878218256,10.39445183672634,0.0,534.8276353655428,-11.341454608572121,98.42718494826323,99.52878139444206,99.83891264477364,0.31013125033157635,0.003218833715890233,0.003218833715890233,172.43963221298705,4.078449901359348,2335.4822178547074,33164.575106190096,1.8125480509868444,14739.698030731834,0.4055991708588648,273.3947496626482,0.40534588274171535,273.2240204147704,0.047891449853802545,32.2813059899416,4.620334323156304,2.2456876162327233,0.0,2092026.5433654126,2.7705732993900654,0.0,0.0,0.0,shutdown,False,False,2092026.5433654126,5600902.630078219,2513071.9934324254,2801287.5975467507,2500177.289855614,2803954.4670202713,False,False,0,0,True,3.63382692588e-06,1,0,36,0,True,7.7264555148e-06,1,0
38.300000000000004,-2077.5683228229236,19110.324980945876,-78.13409395792841,526.3150977208546,532.0831877888448,526.3150977208546,10.31214624228515,0.0,533.6949685864264,-11.324347410793004,98.44417050864828,99.53931474858061,99.85520184700457,0.3158870984239584,0.002467170513166926,0.002467170513166926,172.43963221298705,4.078449901359348,2335.4822178547074,33164.575106190096,1.8087094068571297,14556.615714416066,0.40619901483648946,270.3982073187029,0.40593595777551833,270.2230957228814,0.048832699425246345,32.50690893092118,4.620401892416547,2.245967638032321,0.0,2092026.5433654126,2.7705732993900654,0.0,0.0,0.0,shutdown,False,False,2092026.5433654126,5600902.630078219,2513071.9934324254,2801287.5975467507,2500177.289855614,2803954.4670202713,False,False,0,0,True,3.63382692588e-06,1,0,36,0,True,7.7264555148e-06,1,0
38.400000000000006,-2085.3813231348395,19162.899912447767,-78.12591228038745,525.1835323169713,530.9627112957877,525.1835323169713,10.23001754738661,0.0,532.5640928119936,-11.306960666943574,98.46122798673883,99.54990822664908,99.86718351420201,0.31727528755292483,0.001715220336304512,0.001715220336304512,172.43963221298705,4.078449901359348,2335.4822178547074,33164.575106190096,1.8048768324998692,14376.032824521524,0.40677862044641505,267.4248125222145,0.40651294333113086,267.25015080408303,0.04910360292778264,32.281740354781874,4.620742267221145,2.2473782257016026,0.0,2092026.5433654126,2.7705732993900654,0.0,0.0,0.0,shutdown,False,False,2092026.5433654126,5600902.630078219,2513071.9934324254,2801287.5975467507,2500177.289855614,2803954.4670202713,False,False,0,0,True,3.63382692588e-06,1,0,36,0,True,7.7264555148e-06,1,0
38.5,-2093.1935060611418,19215.361774999164,-78.11774624567109,524.0537187110178,529.8440170213773,524.0537187110178,10.148065480494468,0.0,531.4349947213916,-11.289311452310553,98.47833135111524,99.56053586216957,99.87488424938562,0.31434838721604214,0.0009728433392605678,0.0009728433392605678,172.43963221298705,4.078449901359348,2335.4822178547074,33164.575106190096,1.8010502827702635,14197.909809204419,0.4073379406545016,264.47449811352556,0.40707682513100213,264.30496223155933,0.048710047923929675,31.62623510362835,4.621354366316742,2.2499148982900685,0.0,2092026.5433654126,2.7705732993900654,0.0,0.0,0.0,shutdown,False,False,2092026.5433654126,5600902.630078219,2513071.9934324254,2801287.5975467507,2500177.289855614,2803954.4670202713,False,False,0,0,True,3.63382692588e-06,1,0,36,0,True,7.7264555148e-06,1,0
38.6,-2101.00486163053,19267.710744900585,-78.10936514208457,522.925679317383,528.7270931325971,522.925679317383,10.06628976620501,0.0,530.3076580703435,-11.271476420674263,98.49545563591354,99.57117275511307,99.87838631604363,0.30721356093055335,0.0002496085368720978,0.0002496085368720978,172.43963221298705,4.078449901359348,2335.4822178547074,33164.575106190096,1.797229702615936,14022.211017625501,0.40789257864426964,261.5572889828404,0.4076428800357895,261.3971720929624,0.04766225008424871,30.562970673046802,4.621983986246855,2.2525241810505885,0.0,2092026.5433654126,2.7705732993900654,0.0,0.0,0.0,shutdown,False,False,2092026.5433654126,5600902.630078219,2513071.9934324254,2801287.5975467507,2500177.289855614,2803954.4670202713,False,False,0,0,True,3.63382692588e-06,1,0,36,0,True,7.7264555148e-06,1,0
38.7,-2108.815357522776,19319.947000515895,-78.10055270284016,521.799432988784,527.6119261350199,521.799432988784,9.984690125891309,0.0,529.1820653344301,-11.25345015168289,98.5125772734368,99.58179540023858,99.87782536353708,0.2960299632985195,-0.00044541790059892967,-0.00044541790059892967,172.43963221298705,4.078449901359348,2335.4822178547074,33164.575106190096,1.7934150326460678,13848.898622447738,0.40843413170799225,258.66745434625386,0.4082019916557481,258.5204365734867,0.045984794537706625,29.122859277118867,4.622779063767707,2.255819156271691,0.0,2092026.5433654126,2.7705732993900654,0.0,0.0,0.0,shutdown,False,False,2092026.5433654126,5600902.630078219,2513071.9934324254,2801287.5975467507,2500177.289855614,2803954.4670202713,False,False,0,0,True,3.63382692588e-06,1,0,36,0,True,7.7264555148e-06,1,0
38.800000000000004,-2116.6249406974503,19372.07072207357,-78.0911107906386,520.6749981647471,526.4985045547378,520.6749981647471,9.903266278013678,0.0,528.0582014414316,-11.23524632950849,98.52967445574158,99.59238204018514,99.87338657447307,0.2810045342879293,-0.0011040117787736593,-0.0011040117787736593,172.43963221298705,4.078449901359348,2335.4822178547074,33164.575106190096,1.78960622178042,13677.937555950451,0.4089583259718385,255.80215349181006,0.4087488764610181,255.67114347804315,0.04370849464956139,27.339526663685003,4.623823807388024,2.260148802439601,0.0,2092026.5433654126,2.7705732993900654,0.0,0.0,0.0,shutdown,False,False,2092026.5433654126,5600902.630078219,2513071.9934324254,2801287.5975467507,2500177.289855614,2803954.4670202713,False,False,0,0,True,3.63382692588e-06,1,0,36,0,True,7.7264555148e-06,1,0
38.900000000000006,-2124.4335392499565,19424.082091517863,-78.08086025948364,519.5523907210821,525.3868169671305,519.5523907210821,9.822017938352184,0.0,526.9360518122247,-11.21690254430524,98.54672728148257,99.60291281602368,99.86530006581455,0.2623872497908871,-0.0017187122428688577,-0.0017187122428688577,172.43963221298705,4.078449901359348,2335.4822178547074,33164.575106190096,1.7858032206098757,13509.291960210392,0.40946698789545377,252.96241957339177,0.4092841185409274,252.84944569331276,0.04086928316821785,25.248415774856333,4.625105025825835,2.2654584519953884,0.0,2092026.5433654126,2.7705732993900654,0.0,0.0,0.0,shutdown,False,False,2092026.5433654126,5600902.630078219,2513071.9934324254,2801287.5975467507,2500177.289855614,2803954.4670202713,False,False,0,0,True,3.63382692588e-06,1,0,36,0,True,7.7264555148e-06,1,0
39.0,-2132.2410643543462,19475.98129218521,-78.06964182832229,518.4316226259377,524.276850827657,518.4316226259377,9.740944820512112,0.0,525.8156012008156,-11.198459359152325,98.56371789306577,99.61336990649578,99.85383660147262,0.24046669497684153,-0.002282791686163399,-0.002282791686163399,172.43963221298705,4.078449901359348,2335.4822178547074,33164.575106190096,1.782005977465272,13342.927326691995,0.40996223841484913,250.14942073298147,0.4098084247845513,250.05556723401384,0.037509111664143724,22.88718734504406,4.626607016734603,2.271683030979092,0.0,2092026.5433654126,2.7705732993900654,0.0,0.0,0.0,shutdown,False,False,2092026.5433654126,5600902.630078219,2513071.9934324254,2801287.5975467507,2500177.289855614,2803954.4670202713,False,False,0,0,True,3.63382692588e-06,1,0,36,0,True,7.7264555148e-06,1,0
39.1,-2140.047412301859,19527.768508400983,-78.05731712193311,517.3127016895324,523.1685924112774,517.3127016895324,9.66004663655391,0.0,524.6968336421156,-11.179959369561779,98.5806306159123,99.62373766712435,99.83930327730886,0.21556561018452455,-0.0027902954721805585,-0.0027902954721805585,172.43963221298705,4.078449901359348,2335.4822178547074,33164.575106190096,1.7782144382404093,13178.80941091958,0.4104464077982232,247.3643796726167,0.4103226143603837,247.28977288747515,0.03367536310494984,20.295183844808157,4.628311737797723,2.2787477680827823,0.0,2092026.5433654126,2.7705732993900654,0.0,0.0,0.0,shutdown,False,False,2092026.5433654126,5600902.630078219,2513071.9934324254,2801287.5975467507,2500177.289855614,2803954.4670202713,False,False,0,0,True,3.63382692588e-06,1,0,36,0,True,7.7264555148e-06,1,0
39.2,-2147.8524666296066,19579.443925055497,-78.04376943301774,516.1956314007144,522.062026798058,516.1956314007144,9.579323097655513,0.0,523.5797324398847,-11.161446407437776,98.59745206771849,99.63400273933631,99.82203899290086,0.18803625356455256,-0.0032360766462299047,-0.0032360766462299047,172.43963221298705,4.078449901359348,2335.4822178547074,33164.575106190096,1.7744285463511935,13016.904253360968,0.41092194781123315,244.60851643137383,0.4108276075539975,244.55235873406642,0.029420234702573766,17.51291212842505,4.630198992965225,2.286568966456182,0.0,2092026.5433654126,2.7705732993900654,0.0,0.0,0.0,shutdown,False,False,2092026.5433654126,5600902.630078219,2513071.9934324254,2801287.5975467507,2500177.289855614,2803954.4670202713,False,False,0,0,True,3.63382692588e-06,1,0,36,0,True,7.7264555148e-06,1,0
39.300000000000004,-2155.656100311919,19631.007727167354,-78.02890421322708,515.08041083642,520.9571378915276,515.08041083642,9.498773914794455,0.0,522.4642801818109,-11.142964879110203,98.61417123831765,99.64415413022682,99.80240973854116,0.15825560831432448,-0.0036158257195372983,-0.0036158257195372983,172.43963221298705,4.078449901359348,2335.4822178547074,33164.575106190096,1.77064824278674,12857.179107257634,0.4113913446057833,241.8830127470113,0.41132441383736096,241.8436599115087,0.0248000910381536,14.581543378014032,4.632246637555581,2.2950548536934647,0.0,2092026.5433654126,2.7705732993900654,0.0,0.0,0.0,shutdown,False,False,2092026.5433654126,5600902.630078219,2513071.9934324254,2801287.5975467507,2500177.289855614,2803954.4670202713,False,False,0,0,True,3.63382692588e-06,1,0,36,0,True,7.7264555148e-06,1,0
39.400000000000006,-2163.4581779877017,19682.460099441676,-78.01264930242247,513.9670346499836,519.8539084762951,513.9670346499836,9.418398799437972,0.0,521.3504587886034,-11.124558850288581,98.63077954060859,99.6541832634133,99.78080372651266,0.12662046309935765,-0.003926095242921669,-0.003926095242921669,172.43963221298705,4.078449901359348,2335.4822178547074,33164.575106190096,1.7668734662757513,12699.600618654013,0.41185703560331993,239.18893097440744,0.4118141190906192,239.16400690147276,0.019874787821865077,11.542425748515631,4.634430805218743,2.3041065224177175,0.0,2092026.5433654126,2.7705732993900654,0.0,0.0,0.0,shutdown,False,False,2092026.5433654126,5600902.630078219,2513071.9934324254,2801287.5975467507,2500177.289855614,2803954.4670202713,False,False,0,0,True,3.63382692588e-06,1,0,36,0,True,7.7264555148e-06,1,0
39.5,-2171.2585581979924,19733.80122583038,-77.99495490339963,512.8554931241482,518.7523203013135,512.8554931241482,9.338197464229891,0.0,520.2382495838622,-11.106271667091553,98.64727083313235,99.66408400158392,99.75762639788296,0.0935423962990394,-0.0041643186851800604,-0.0041643186851800604,172.43963221298705,4.078449901359348,2335.4822178547074,33164.575106190096,1.763104153523306,12544.137440776138,0.4123213334240042,236.5272239444076,0.4122978719853862,236.51376534186582,0.014706967372311391,8.436619411192654,4.636726158716363,2.3136189695690637,0.0,2092026.5433654126,2.7705732993900654,0.0,0.0,0.0,shutdown,False,False,2092026.5433654126,5600902.630078219,2513071.9934324254,2801287.5975467507,2500177.289855614,2803954.4670202713,False,False,0,0,True,3.63382692588e-06,1,0,36,0,True,7.7264555148e-06,1,0
39.6,-2179.057095608754,19785.03128910115,-77.97579331182648,511.7457722912488,517.6523541920536,511.7457722912488,9.258169623663964,0.0,519.1276333883577,-11.088144991560831,98.66364141489497,99.67385264132808,99.73329533949871,0.059442698170622546,-0.004328822900822006,-0.004328822900822006,172.43963221298705,4.078449901359348,2335.4822178547074,33164.575106190096,1.7593402395303799,12390.75688666586,0.4127863595737157,233.89864120342548,0.41277686961629,233.89326387422003,0.009361328000866745,5.3044434450874585,4.639106165181017,2.3234822371391184,0.0,2092026.5433654126,2.7705732993900654,0.0,0.0,0.0,shutdown,False,False,2092026.5433654126,5600902.630078219,2513071.9934324254,2801287.5975467507,2500177.289855614,2803954.4670202713,False,False,0,0,True,3.63382692588e-06,1,0,36,0,True,7.7264555148e-06,1,0
39.7,-2186.853643194811,19836.150470421042,-77.95515840931095,510.63785410662774,516.5539901784153,510.63785410662774,9.178314994734325,0.0,518.0185906259302,-11.070218701509324,98.67988999311883,99.68348788095251,99.70823515032433,0.024747269371814887,-0.004418833344490419,-0.004418833344490419,172.43963221298705,4.078449901359348,2335.4822178547074,33164.575106190096,1.7555816579527372,12239.428924694594,0.41325399017663367,231.30378284082428,0.41325234255894666,231.30286064717887,0.0039038708573865106,2.185048707332744,4.641543395085437,2.3335826511648934,0.0,2092026.5433654126,2.7705732993900654,0.0,0.0,0.0,shutdown,False,False,2092026.5433654126,5600902.630078219,2513071.9934324254,2801287.5975467507,2500177.289855614,2803954.4670202713,False,False,0,0,True,3.63382692588e-06,1,0,36,0,True,7.7264555148e-06,1,0
39.800000000000004,-2194.6480542847726,19887.158948480897,-77.93306338991682,509.5317070904743,515.4571979319619,509.5317070904743,9.098633298303282,0.0,516.911091735284,-11.052721622051706,98.69601761652325,99.69299077270385,99.6828722165042,-0.010118556199660537,-0.00443450071804344,-0.00443450071804344,172.43963221298705,4.078449901359348,2335.4822178547074,33164.575106190096,1.7518283086061972,12090.12114329509,0.41378638233285125,228.77647900817612,0.41378610652353015,228.77632651720964,-0.001598293186220385,-0.8836730815180069,4.642650558636648,2.3381709791848313,0.0,2092026.5433654126,2.7705732993900654,0.0,0.0,0.0,shutdown,False,False,2092026.5433654126,5600902.630078219,2513071.9934324254,2801287.5975467507,2500177.289855614,2803954.4670202713,False,False,0,0,True,3.63382692588e-06,1,0,36,0,True,7.7264555148e-06,1,0
39.900000000000006,-2202.440184406871,19938.05689748705,-77.90953905205335,508.42727303255145,514.3619233950158,508.42727303255145,9.01912426223849,0.0,515.8050837951542,-11.035959536859009,98.71202773810559,99.70236481111344,99.6576280574422,-0.04473675367124383,-0.004377373132532535,-0.004377373132532535,172.43963221298705,4.078449901359348,2335.4822178547074,33164.575106190096,1.7480800121388915,11942.80324340058,0.41447232921841387,226.36347080457531,0.41446693580532246,226.36052519971634,-0.007069324587451154,-3.8609015296080025,4.640453347477196,2.3290652553578464,0.0,2092026.5433654126,2.7705732993900654,0.0,0.0,0.0,shutdown,False,False,2092026.5433654126,5600902.630078219,2513071.9934324254,2801287.5975467507,2500177.289855614,2803954.4670202713,False,False,0,0,True,3.63382692588e-06,1,0,36,0,True,7.7264555148e-06,1,0
40.0,-2210.229893286362,19988.84448617807,-77.88463853777189,507.324500787846,513.268122933615,507.324500787846,8.939787622948963,0.0,514.7005246527107,-11.019485357663957,98.72792619478861,99.71161584675204,99.63291111967094,-0.0787047270811081,-0.0042504657698514275,-0.0042504657698514275,172.43963221298705,4.078449901359348,2335.4822178547074,33164.575106190096,1.744336625693523,11797.443108110261,0.4151629318668264,223.9809008941565,0.41514623247298527,223.97189155110146,-0.012442029044200354,-6.712489628445881,4.638295464599217,2.320122516534891,0.0,2092026.5433654126,2.7705732993900654,0.0,0.0,0.0,shutdown,False,False,2092026.5433654126,5600902.630078219,2513071.9934324254,2801287.5975467507,2500177.289855614,2803954.4670202713,False,False,0,0,True,3.63382692588e-06,1,0,36,0,True,7.7264555148e-06,1,0
40.1,-2218.0170470575717,20039.521879389613,-77.8584368864228,506.22336344297963,512.1757802648619,506.22336344297963,8.860623122940545,0.0,513.5973997835567,-11.003261540032577,98.74372088974239,99.72075173765106,99.60911010074474,-0.11164163690631003,-0.004057657141977584,-0.004057657141977584,172.43963221298705,4.078449901359348,2335.4822178547074,33164.575106190096,1.7405399254250573,11653.236751693308,0.41586532415563937,221.6173739385455,0.415831709598365,221.5994605192808,-0.01765651766997954,-9.40927471379157,4.636204331220926,2.3114564022444157,0.0,2092026.5433654126,2.7705732993900654,0.0,0.0,0.0,shutdown,False,False,2092026.5433654126,5600902.630078219,2513071.9934324254,2801287.5975467507,2500177.289855614,2803954.4670202713,False,False,0,0,True,3.63382692588e-06,1,0,36,0,True,7.7264555148e-06,1,0
40.2,-2225.801520107716,20090.089239216104,-77.83102411645632,505.123833086798,511.08488049179834,505.123833086798,8.781630509001236,0.0,512.4956962683376,-10.987345583927214,98.75942147417797,99.72978208235907,99.58658982158902,-0.14319226077004454,-0.0038034032527387894,-0.0038034032527387894,172.43963221298705,4.078449901359348,2335.4822178547074,33164.575106190096,1.736732076606861,11510.735440485778,0.41657099798606684,219.27879109993665,0.41651567574750953,219.2496700289777,-0.022656684237027384,-11.926251116489212,4.634202401145483,2.303159965959947,0.0,2092026.5433654126,2.7705732993900654,0.0,0.0,0.0,shutdown,False,False,2092026.5433654126,5600902.630078219,2513071.9934324254,2801287.5975467507,2500177.289855614,2803954.4670202713,False,False,0,0,True,3.63382692588e-06,1,0,36,0,True,7.7264555148e-06,1,0
40.300000000000004,-2233.5831964932004,20140.54672498316,-77.8025035932269,504.02588225429685,509.9954113005296,504.02588225429685,8.702809532244265,0.0,511.395403949975,-10.97167106638251,98.77503915958583,99.73871803068435,99.56568819379795,-0.17302983688639662,-0.0034926412268707257,-0.0034926412268707257,172.43963221298705,4.078449901359348,2335.4822178547074,33164.575106190096,1.7328278175063578,11368.827119977655,0.4172909987908825,216.94977519634278,0.4172101802425995,216.9077575972752,-0.027391653307221528,-14.240932693196907,4.632313880386263,2.2953335226975358,0.0,2092026.5433654126,2.7705732993900654,0.0,0.0,0.0,shutdown,False,False,2092026.5433654126,5600902.630078219,2513071.9934324254,2801287.5975467507,2500177.289855614,2803954.4670202713,False,False,0,0,True,3.63382692588e-06,1,0,36,0,True,7.7264555148e-06,1,0
40.400000000000006,-2241.361971152995,20190.89449322904,-77.77298960266786,502.9294826633092,508.9073613573697,502.9294826633092,8.624159948137066,0.0,510.29651378633577,-10.956320753617119,98.79058648550595,99.74757205539464,99.54671376127602,-0.2008582941186096,-0.0031306851972299444,-0.0031306851972299444,172.43963221298705,4.078449901359348,2335.4822178547074,33164.575106190096,1.7289047624495362,11228.509602264714,0.41801118161376366,214.64191729196065,0.4179022200572342,214.58596731159335,-0.0318143714435992,-16.33616033363039,4.630556236202258,2.288049460600539,0.0,2092026.5433654126,2.7705732993900654,0.0,0.0,0.0,shutdown,False,False,2092026.5433654126,5600902.630078219,2513071.9934324254,2801287.5975467507,2500177.289855614,2803954.4670202713,False,False,0,0,True,3.63382692588e-06,1,0,36,0,True,7.7264555148e-06,1,0
40.5,-2249.1377508346627,20241.13269737443,-77.74260403069805,501.8346002445683,507.8207149025132,501.8346002445683,8.545681517017119,0.0,509.199012396322,-10.941327621411775,98.80607704887196,99.75635769264436,99.52994385252404,-0.22641384012031446,-0.002723117262394247,-0.002723117262394247,172.43963221298705,4.078449901359348,2335.4822178547074,33164.575106190096,1.7249877785622245,11090.113458475844,0.41872554414009644,212.35865697656695,0.41858701524457637,212.2884013864393,-0.035882962735434065,-18.198215708300502,4.628946483138796,2.281378291667831,0.0,2092026.5433654126,2.7705732993900654,0.0,0.0,0.0,shutdown,False,False,2092026.5433654126,5600902.630078219,2513071.9934324254,2801287.5975467507,2500177.289855614,2803954.4670202713,False,False,0,0,True,3.63382692588e-06,1,0,36,0,True,7.7264555148e-06,1,0
40.6,-2256.9104547977013,20291.26148735084,-77.71147523007274,500.74119928362796,506.73545567923327,500.74119928362796,8.467374004672429,0.0,508.1028859546371,-10.926691597568892,98.82152531722639,99.76508934838412,99.51562327189191,-0.24946607649221048,-0.0022757083941672214,-0.0022757083941672214,172.43963221298705,4.078449901359348,2335.4822178547074,33164.575106190096,1.7210768090530773,10953.581607589322,0.41943201276296765,210.09815950478568,0.4192637389994127,210.01386930532536,-0.039560907856153175,-19.816498683931762,4.627500146514353,2.275384356216349,0.0,2092026.5433654126,2.7705732993900654,0.0,0.0,0.0,shutdown,False,False,2092026.5433654126,5600902.630078219,2513071.9934324254,2801287.5975467507,2500177.289855614,2803954.4670202713,False,False,0,0,True,3.63382692588e-06,1,0,36,0,True,7.7264555148e-06,1,0
40.7,-2264.6800153813497,20341.281009509497,-77.67973644289155,499.6492438895017,505.6515681506267,499.6492438895017,8.389237182483868,0.0,507.00812137506864,-10.912416285097141,98.83694643555712,99.77378210356778,99.5039634291135,-0.2698186744542928,-0.001794344540795819,-0.001794344540795819,172.43963221298705,4.078449901359348,2335.4822178547074,33164.575106190096,1.717171807661706,10818.91374581294,0.4201286496550498,207.8597888443651,0.4199316720691143,207.7623336495022,-0.04281696531705861,-21.18380971416176,4.626230541426183,2.2701228349226463,0.0,2092026.5433654126,2.7705732993900654,0.0,0.0,0.0,shutdown,False,False,2092026.5433654126,5600902.630078219,2513071.9934324254,2801287.5975467507,2500177.289855614,2803954.4670202713,False,False,0,0,True,3.63382692588e-06,1,0,36,0,True,7.7264555148e-06,1,0
40.800000000000004,-2272.4463784053028,20391.191406614937,-77.64752403617244,498.55869821926285,504.5690374557618,498.55869821926285,8.311270827435166,0.0,505.9147062346476,-10.898497119788587,98.85235603116318,99.78245151974505,99.49514187736561,-0.28730964237944356,-0.0012849579219186879,-0.0012849579219186879,172.43963221298705,4.078449901359348,2335.4822178547074,33164.575106190096,1.713272722412166,10686.054082065219,0.4208137048826977,205.6419759865549,0.4205902062815896,205.53275736218782,-0.045625186327020145,-22.295978867082145,4.625148791071518,2.2656398247499787,0.0,2092026.5433654126,2.7705732993900654,0.0,0.0,0.0,shutdown,False,False,2092026.5433654126,5600902.630078219,2513071.9934324254,2801287.5975467507,2500177.289855614,2803954.4670202713,False,False,0,0,True,3.63382692588e-06,1,0,36,0,True,7.7264555148e-06,1,0
40.900000000000006,-2280.20950339893,20440.992817859977,-77.61497583636604,497.4695266815496,503.48784935770266,497.4695266815496,8.233474722089534,0.0,504.8226286925464,-10.884933634556486,98.86777002749182,99.79111345358893,99.48930222335073,-0.3018112302381955,-0.0007534658728194554,-0.0007534658728194554,172.43963221298705,4.078449901359348,2335.4822178547074,33164.575106190096,1.7093795113579018,10555.002663457752,0.4214856555964206,203.44436782588286,0.421238841167796,203.3252344586256,-0.0479648764830232,-23.151876806167827,4.624263865079835,2.2619724978055835,0.0,2092026.5433654126,2.7705732993900654,0.0,0.0,0.0,shutdown,False,False,2092026.5433654126,5600902.630078219,2513071.9934324254,2801287.5975467507,2500177.289855614,2803954.4670202713,False,False,0,0,True,3.63382692588e-06,1,0,36,0,True,7.7264555148e-06,1,0
41.0,-2287.9693636696147,20490.685378899405,-77.58222957734114,496.3816941070933,502.4079901741405,496.3816941070933,8.155848654537028,0.0,503.73187739463503,-10.871717854625086,98.88320446894056,99.79978388236415,99.48655436633989,-0.3132295160242731,-0.00020571717144644256,-0.00020571717144644256,172.43963221298705,4.078449901359348,2335.4822178547074,33164.575106190096,1.7054921263102367,10425.70566794523,0.4221432414900602,201.26572676137042,0.4218771840336828,201.13887823685283,-0.049820513598132644,-23.75298451198585,4.623582633986064,2.259149327089583,0.0,2092026.5433654126,2.7705732993900654,0.0,0.0,0.0,shutdown,False,False,2092026.5433654126,5600902.630078219,2513071.9934324254,2801287.5975467507,2500177.289855614,2803954.4670202713,False,False,0,0,True,3.63382692588e-06,1,0,36,0,True,7.7264555148e-06,1,0
41.1,-2295.7259462217557,20540.26922190022,-77.54942146547607,495.29516590919303,501.3294467140795,495.29516590919303,8.078392418316072,0.0,502.6424413870484,-10.858846103411945,98.89867535680823,99.80847874047747,99.48697502545403,-0.32150371502343117,0.0003525549028566843,0.0003525549028566843,172.43963221298705,4.078449901359348,2335.4822178547074,33164.575106190096,1.701610528309571,10298.162734887359,0.42278548629938334,199.10599914372978,0.42250494403656114,198.97388096713345,-0.05118162849357243,-24.103403757336576,4.6231099336932875,2.2571903536425175,0.0,2092026.5433654126,2.7705732993900654,0.0,0.0,0.0,shutdown,False,False,2092026.5433654126,5600902.630078219,2513071.9934324254,2801287.5975467507,2500177.289855614,2803954.4670202713,False,False,0,0,True,3.63382692588e-06,1,0,36,0,True,7.7264555148e-06,1,0
41.2,-2303.4792515390104,20589.744475477775,-77.51668487961608,494.2099056419124,500.25220366262624,494.2099056419124,8.001105812513217,0.0,501.5543074876845,-10.846359240084949,98.91419854458593,99.81721381979966,99.4906081722699,-0.326605647529754,0.0009156525800481384,0.0009156525800481384,172.43963221298705,4.078449901359348,2335.4822178547074,33164.575106190096,1.6977346632493688,10172.322532284526,0.4234304455486437,196.97301316582852,0.42314067935538546,196.83821860677006,-0.05203940953791999,-24.20789390043304,4.6226497735303385,2.2552833492374242,0.0,2092026.5433654126,2.7705732993900654,0.0,0.0,0.0,shutdown,False,False,2092026.5433654126,5600902.630078219,2513071.9934324254,2801287.5975467507,2500177.289855614,2803954.4670202713,False,False,0,0,True,3.63382692588e-06,1,0,36,0,True,7.7264555148e-06,1,0
41.300000000000004,-2311.229293240403,20639.111264558032,-77.48414914823341,493.12587596324994,499.17624434036145,493.12587596324994,7.9239886419782986,0.0,500.467461025504,-10.834234335279856,98.9297895804821,99.82600461117103,99.49746544500421,-0.32853916616681106,0.0014779871583701473,0.0014779871583701473,172.43963221298705,4.078449901359348,2335.4822178547074,33164.575106190096,1.6938644794680928,10048.183425621233,0.4240722972710379,194.86416569451853,0.4237788329903618,194.7293168194963,-0.05239415120867874,-24.075476347435792,4.622261107479879,2.253672632078455,0.0,2092026.5433654126,2.7705732993900654,0.0,0.0,0.0,shutdown,False,False,2092026.5433654126,5600902.630078219,2513071.9934324254,2801287.5975467507,2500177.289855614,2803954.4670202713,False,False,0,0,True,3.63382692588e-06,1,0,36,0,True,7.7264555148e-06,1,0
41.400000000000006,-2318.976090493008,20688.36971147983,-77.4517959038713,492.04306247272416,498.1015519111259,492.04306247272416,7.908143768120741,0.0,499.392325359875,-10.82203547249682,98.94544695526865,99.84175698521466,99.5075433103918,-0.3342136748228638,0.002039851493350997,0.002039851493350997,172.43963221298705,4.078449901359348,2335.4822178547074,33164.575106190096,1.6900352424074023,9926.112121137381,0.4247262510403213,192.7936856812965,0.4244223223183767,192.6557249634351,-0.053342045540218846,-24.213265688873197,4.621622028999235,2.2510241510148665,0.0,2092026.5433654126,2.7705732993900654,0.0,0.0,0.0,shutdown,False,False,2092026.5433654126,5600902.630078219,2513071.9934324254,2801287.5975467507,2500177.289855614,2803954.4670202713,False,False,0,0,True,3.63382692588e-06,1,0,36,0,True,7.7264555148e-06,1,0
41.5,-2326.7196548013917,20737.519938036447,-77.41949026380873,490.96146865964755,497.0281090452994,490.96146865964755,7.9421703460414514,0.0,498.3269778072519,-10.809840789061083,98.96115555899233,99.86320809364499,99.52085311914402,-0.34235497450096214,0.002606148217392861,0.002606148217392861,172.43963221298705,4.078449901359348,2335.4822178547074,33164.575106190096,1.68624043192775,9806.017690662993,0.4253873887797817,190.75758168572625,0.42506824051587466,190.61446519325867,-0.05468221525893753,-24.521289109991173,4.620817289285229,2.2476891335511033,0.0,2092026.5433654126,2.7705732993900654,0.0,0.0,0.0,shutdown,False,False,2092026.5433654126,5600902.630078219,2513071.9934324254,2801287.5975467507,2500177.289855614,2803954.4670202713,False,False,0,0,True,3.63382692588e-06,1,0,36,0,True,7.7264555148e-06,1,0
41.6,-2334.459991440243,20786.562065396185,-77.38724251321749,489.88107853507387,495.9559016792589,489.88107853507387,7.976122087160717,0.0,497.26288331483613,-10.79796170068613,98.97691706860789,99.88472538146677,99.53741818895277,-0.3473071925139918,0.0031761519623156307,0.0031761519623156307,172.43963221298705,4.078449901359348,2335.4822178547074,33164.575106190096,1.682451151983669,9687.513717888676,0.4260318718169852,188.73782499073258,0.42570316400520963,188.59220302778556,-0.05551798094182238,-24.59520910054773,4.620227187309014,2.2452436218386507,0.0,2092026.5433654126,2.7705732993900654,0.0,0.0,0.0,shutdown,False,False,2092026.5433654126,5600902.630078219,2513071.9934324254,2801287.5975467507,2500177.289855614,2803954.4670202713,False,False,0,0,True,3.63382692588e-06,1,0,36,0,True,7.7264555148e-06,1,0
41.7,-2342.1971124115908,20835.496212364465,-77.355176913736,488.80186083054514,494.8849184878834,488.80186083054514,8.009999073727233,0.0,496.2000326710733,-10.786392391803187,98.99274648666743,99.90632387941757,99.55724510599232,-0.3490787734252492,0.003744747694886043,0.003744747694886043,172.43963221298705,4.078449901359348,2335.4822178547074,33164.575106190096,1.678667368859488,9570.59495539511,0.4266593757716457,186.73458263279787,0.42632702226727237,186.58912258562685,-0.05584964612645061,-24.443527909706585,4.619852004424153,2.243688781868236,0.0,2092026.5433654126,2.7705732993900654,0.0,0.0,0.0,shutdown,False,False,2092026.5433654126,5600902.630078219,2513071.9934324254,2801287.5975467507,2500177.289855614,2803954.4670202713,False,False,0,0,True,3.63382692588e-06,1,0,36,0,True,7.7264555148e-06,1,0
41.800000000000004,-2349.931041888322,20884.322494660537,-77.32341262088372,487.72378509089043,493.8151482920755,487.72378509089043,8.04380138585314,0.0,495.1384167792448,-10.775122401265813,99.0086583464841,99.92801814929135,99.58031180102698,-0.3477063482643679,0.004307047823274473,0.004307047823274473,172.43963221298705,4.078449901359348,2335.4822178547074,33164.575106190096,1.6748890437196158,9455.221513566326,0.4272698778736674,184.747474170557,0.4269398298444237,184.6047645087826,-0.05568181048610491,-24.076290834602524,4.619690315324717,2.2430187068602105,0.0,2092026.5433654126,2.7705732993900654,0.0,0.0,0.0,shutdown,False,False,2092026.5433654126,5600902.630078219,2513071.9934324254,2801287.5975467507,2500177.289855614,2803954.4670202713,False,False,0,0,True,3.63382692588e-06,1,0,36,0,True,7.7264555148e-06,1,0
41.900000000000006,-2357.6618156615323,20933.041025003735,-77.29206284332432,486.64682177305497,492.74658001897075,486.64682177305497,8.077529101573754,0.0,494.07802660172405,-10.764143955405984,99.0246666083266,99.94982218053886,99.60656891357561,-0.3432532669632458,0.0048584134975294966,0.0048584134975294966,172.43963221298705,4.078449901359348,2335.4822178547074,33164.575106190096,1.6711161429955768,9341.385277913758,0.42786364376724234,182.77685285009085,0.4275416799249775,182.6393147846863,-0.05502315716709623,-23.50505738774279,4.6197390695313585,2.2432207549606735,0.0,2092026.5433654126,2.7705732993900654,0.0,0.0,0.0,shutdown,False,False,2092026.5433654126,5600902.630078219,2513071.9934324254,2801287.5975467507,2500177.289855614,2803954.4670202713,False,False,0,0,True,3.63382692588e-06,1,0,36,0,True,7.7264555148e-06,1,0
42.0,-2365.389480509042,20981.651913207083,-77.26123410688118,485.57094229392357,491.6792026270047,485.57094229392357,8.11118229691235,0.0,493.0188530703786,-10.75344562717422,99.04078456728162,99.97174929858902,99.63594126836169,-0.3358080302273363,0.005394472504088196,0.005394472504088196,172.43963221298705,4.078449901359348,2335.4822178547074,33164.575106190096,1.6673486286079646,9229.050979908981,0.4284412112628632,180.82264124036317,0.4281327415804057,180.6924523106845,-0.05388623169143224,-22.742561837630408,4.619993668902788,2.244275870465977,0.0,2092026.5433654126,2.7705732993900654,0.0,0.0,0.0,shutdown,False,False,2092026.5433654126,5600902.630078219,2513071.9934324254,2801287.5975467507,2500177.289855614,2803954.4670202713,False,False,0,0,True,3.63382692588e-06,1,0,36,0,True,7.7264555148e-06,1,0
42.1,-2373.114093495891,21030.15526627749,-77.23102563009974,484.49611911416093,490.6130050829883,484.49611911416093,8.144761045949545,0.0,491.96088705021816,-10.743017968018332,99.05702477215851,99.99381208410333,99.66832944640159,-0.325482637701738,0.0059111344062830265,0.0059111344062830265,172.43963221298705,4.078449901359348,2335.4822178547074,33164.575106190096,1.6635864661171522,9118.207142786556,0.42900336567448255,178.88531029133117,0.42871325446484637,178.76434006613684,-0.0522872136700056,-21.802659815786225,4.62044804384525,2.2461588996514785,0.0,2092026.5433654126,2.7705732993900654,0.0,0.0,0.0,shutdown,False,False,2092026.5433654126,5600902.630078219,2513071.9934324254,2801287.5975467507,2500177.289855614,2803954.4670202713,False,False,0,0,True,3.63382692588e-06,1,0,36,0,True,7.7264555148e-06,1,0
42.2,-2380.8357212166275,21078.551188521706,-77.20152878462216,483.4223257701628,489.5479763002971,483.4223257701628,8.178265420896638,0.0,490.9041192652697,-10.732848911875163,99.07339895412947,100.01602230202737,99.70361143714737,-0.31241086487999686,0.0064046036971563206,0.0064046036971563206,172.43963221298705,4.078449901359348,2335.4822178547074,33164.575106190096,1.6598296174949856,9008.823519818643,0.4295511130921943,176.9650296692937,0.42928352639199785,176.85479019628085,-0.05024568261102392,-20.700048126997487,4.62109472669523,2.248838894885543,0.0,2092026.5433654126,2.7705732993900654,0.0,0.0,0.0,shutdown,False,False,2092026.5433654126,5600902.630078219,2513071.9934324254,2801287.5975467507,2500177.289855614,2803954.4670202713,False,False,0,0,True,3.63382692588e-06,1,0,36,0,True,7.7264555148e-06,1,0
42.300000000000004,-2388.5544389890815,21126.839781657647,-77.17282666446064,482.3495369486487,488.4841051354268,482.3495369486487,8.211695492172685,0.0,489.84854028412946,-10.72292751832987,99.08991796630399,100.03839084145028,99.74164435994196,-0.2967464815083233,0.006871390841290246,0.006871390841290246,172.43963221298705,4.078449901359348,2335.4822178547074,33164.575106190096,1.6560780466593426,8900.884822729067,0.4300856479438917,175.06231079360037,0.42984392913352826,174.96392142928002,-0.04778437819800063,-19.450180928308132,4.62192492508429,2.2522794186694655,0.0,2092026.5433654126,2.7705732993900654,0.0,0.0,0.0,shutdown,False,False,2092026.5433654126,5600902.630078219,2513071.9934324254,2801287.5975467507,2500177.289855614,2803954.4670202713,False,False,0,0,True,3.63382692588e-06,1,0,36,0,True,7.7264555148e-06,1,0
42.400000000000006,-2396.270330008771,21175.021144930404,-77.14499372932295,481.2777285064741,487.4213803413312,481.2777285064741,8.245051328484815,0.0,488.79414046337115,-10.713241325078098,99.10659173216195,100.06092766439212,99.78226624513842,-0.2786614192537015,0.007308322059619452,0.007308322059619452,172.43963221298705,4.078449901359348,2335.4822178547074,33164.575106190096,1.6523317151872385,8794.36619216262,0.43060831948726297,173.17750838477937,0.43039489602792697,173.09167599082406,-0.044928955163087286,-18.06905291272495,4.622928595165397,2.256438847103394,0.0,2092026.5433654126,2.7705732993900654,0.0,0.0,0.0,shutdown,False,False,2092026.5433654126,5600902.630078219,2513071.9934324254,2801287.5975467507,2500177.289855614,2803954.4670202713,False,False,0,0,True,3.63382692588e-06,1,0,36,0,True,7.7264555148e-06,1,0
42.5,-2403.983484472697,21223.095375232668,-77.11809554920299,480.2068775388557,486.35979058383674,480.2068775388557,8.278332996911589,0.0,487.7409099553258,-10.703778027202414,99.12342920423106,100.08364176469571,99.82529786673065,-0.25834389796505847,0.007712547525515728,0.007712547525515728,172.43963221298705,4.078449901359348,2335.4822178547074,33164.575106190096,1.6485905848528442,8689.248122396999,0.4311205954795315,171.31109630491832,0.43093691857358835,171.238110016504,-0.041707732574966176,-16.57308295341932,4.624094517139088,2.2612706828833002,0.0,2092026.5433654126,2.7705732993900654,0.0,0.0,0.0,shutdown,False,False,2092026.5433654126,5600902.630078219,2513071.9934324254,2801287.5975467507,2500177.289855614,2803954.4670202713,False,False,0,0,True,3.63382692588e-06,1,0,36,0,True,7.7264555148e-06,1,0
42.6,-2411.6939986808766,21271.062567229063,-77.09218861438488,479.1369623890019,485.29932440991064,479.1369623890019,8.311540562989089,0.0,486.6888386687762,-10.694524969779694,99.14043833097976,100.10654113521197,99.87054461933495,-0.23599651587703074,0.008081548650086348,0.008081548650086348,172.43963221298705,4.078449901359348,2335.4822178547074,33164.575106190096,1.6448546166590798,8585.511473861323,0.4316240256511928,169.46355357311342,0.43147054356775905,169.4032936762524,-0.03815143704458287,-14.978957869042956,4.625410373955452,2.2667238814591957,0.0,2092026.5433654126,2.7705732993900654,0.0,0.0,0.0,shutdown,False,False,2092026.5433654126,5600902.630078219,2513071.9934324254,2801287.5975467507,2500177.289855614,2803954.4670202713,False,False,0,0,True,3.63382692588e-06,1,0,36,0,True,7.7264555148e-06,1,0
42.7,-2419.4019741235434,21318.922813484045,-77.06732023894718,478.0679627106133,484.2399702823888,478.0679627106133,8.344674090799456,0.0,485.63791629737995,-10.685468597895099,99.15762603324644,100.12963274437082,99.91779843305615,-0.2118343113146765,0.00841314402109597,0.00841314402109597,172.43963221298705,4.078449901359348,2335.4822178547074,33164.575106190096,1.6411237699989794,8483.132157907257,0.4321202053159043,167.63524435651698,0.43199637008385966,167.58720413731785,-0.034292939561273945,-13.303486465889272,4.626862834735223,2.2727431967504153,0.0,2092026.5433654126,2.7705732993900654,0.0,0.0,0.0,shutdown,False,False,2092026.5433654126,5600902.630078219,2513071.9934324254,2801287.5975467507,2500177.289855614,2803954.4670202713,False,False,0,0,True,3.63382692588e-06,1,0,36,0,True,7.7264555148e-06,1,0
42.800000000000004,-2427.107516561623,21366.67620459294,-77.0435285226456,476.99985946726946,483.1817165611862,476.99985946726946,8.377733643061605,0.0,484.5881322956406,-10.676596268881795,99.17499818841698,100.15292252058772,99.96683971982702,-0.18608280076069994,0.008705494450233909,0.008705494450233909,172.43963221298705,4.078449901359348,2335.4822178547074,33164.575106190096,1.6373980053702153,8382.097055603366,0.4326107394339118,165.82671855853033,0.4325150456186505,165.79003756583955,-0.030166985334659446,-11.563495149001252,4.628437644431786,2.279269552724567,0.0,2092026.5433654126,2.7705732993900654,0.0,0.0,0.0,shutdown,False,False,2092026.5433654126,5600902.630078219,2513071.9934324254,2801287.5975467507,2500177.289855614,2803954.4670202713,False,False,0,0,True,3.63382692588e-06,1,0,36,0,True,7.7264555148e-06,1,0
42.900000000000006,-2434.8107351076796,21414.322829315704,-77.02084239848283,475.9326349880413,482.12455155326,475.9326349880413,8.410719281223832,0.0,483.5394759248656,-10.667893315580246,99.19255962342096,100.17641534532963,100.01743934481836,-0.15897600051126734,0.008957106677228082,0.008957106677228082,172.43963221298705,4.078449901359348,2335.4822178547074,33164.575106190096,1.6336772797812102,8282.377167449087,0.4330972097312247,164.0381696294002,0.433027263092415,164.01167691980922,-0.02580991662533023,-9.775660951808145,4.630119719965881,2.2862404418008007,0.0,2092026.5433654126,2.7705732993900654,0.0,0.0,0.0,shutdown,False,False,2092026.5433654126,5600902.630078219,2513071.9934324254,2801287.5975467507,2500177.289855614,2803954.4670202713,False,False,0,0,True,3.63382692588e-06,1,0,36,0,True,7.7264555148e-06,1,0
43.0,-2442.5117413142534,21461.862774712852,-76.99928173300053,474.86627295499335,481.0684635034438,474.86627295499335,8.443631065557907,0.0,482.491936241082,-10.659347345277784,99.21031411515926,100.20011505370968,100.06936061579854,-0.13075443791113078,0.009166835931261334,0.009166835931261334,172.43963221298705,4.078449901359348,2335.4822178547074,33164.575106190096,1.629961553501979,8183.965665790697,0.43358114259230435,162.2701768224657,0.4335337555938081,162.2524419722388,-0.021259388254602506,-7.956445408548608,4.631893254738975,2.2935903579760737,0.0,2092026.5433654126,2.7705732993900654,0.0,0.0,0.0,shutdown,False,False,2092026.5433654126,5600902.630078219,2513071.9934324254,2801287.5975467507,2500177.289855614,2803954.4670202713,False,False,0,0,True,3.63382692588e-06,1,0,36,0,True,7.7264555148e-06,1,0
43.1,-2450.2106482761133,21509.296126283076,-76.97885750419877,473.800758449456,480.0134406555003,473.800758449456,8.476469055254363,0.0,481.4455021543586,-10.650942765367576,99.22826439899708,100.22402444298119,100.1223612828282,-0.1016631601529935,0.009333886977148244,0.009333886977148244,172.43963221298705,4.078449901359348,2335.4822178547074,33164.575106190096,1.6262507813393723,8086.828347031557,0.43406398277233,160.52271661584405,0.4340352931943166,160.51210682285486,-0.016554076318346742,-6.121920747063704,4.633741830171432,2.3012512590637533,0.0,2092026.5433654126,2.7705732993900654,0.0,0.0,0.0,shutdown,False,False,2092026.5433654126,5600902.630078219,2513071.9934324254,2801287.5975467507,2500177.289855614,2803954.4670202713,False,False,0,0,True,3.63382692588e-06,1,0,36,0,True,7.7264555148e-06,1,0
43.2,-2457.907569752692,21556.6229681018,-76.9595720273678,472.7360779250148,478.959471248415,472.7360779250148,8.509233308518404,0.0,480.40016242448263,-10.642667723354782,99.246412184457,100.24814528833981,100.1761955394164,-0.07194974892342207,0.00945781357940073,0.00945781357940073,172.43963221298705,4.078449901359348,2335.4822178547074,33164.575106190096,1.622544923768264,7990.964916391451,0.43454706775774116,158.79637087391828,0.43453267606604695,158.79111172345716,-0.011733380466043594,-4.287724792862683,4.63564853640884,2.3091530669270277,0.0,2092026.5433654126,2.7705732993900654,0.0,0.0,0.0,shutdown,False,False,2092026.5433654126,5600902.630078219,2513071.9934324254,2801287.5975467507,2500177.289855614,2803954.4670202713,False,False,0,0,True,3.63382692588e-06,1,0,36,0,True,7.7264555148e-06,1,0
43.300000000000004,-2465.602619316556,21603.84338296012,-76.94141924990983,471.6722192413362,477.90654358382403,471.6722192413362,8.541923882666094,0.0,479.3559057288946,-10.634505950117582,99.26475817814385,100.27247836578617,100.23061601550562,-0.04186235028054927,0.00953851618579217,0.00953851618579217,172.43963221298705,4.078449901359348,2335.4822178547074,33164.575106190096,1.6188439337048477,7896.335704853624,0.43503161043016686,157.09086959909558,0.43502673109984796,157.0891076622053,-0.006837120951137795,-2.4688993857397925,4.637596099137988,2.3172241930320756,0.0,2092026.5433654126,2.7705732993900654,0.0,0.0,0.0,shutdown,False,False,2092026.5433654126,5600902.630078219,2513071.9934324254,2801287.5975467507,2500177.289855614,2803954.4670202713,False,False,0,0,True,3.63382692588e-06,1,0,36,0,True,7.7264555148e-06,1,0
43.400000000000006,-2473.2959095335227,21650.95745250317,-76.92438508943066,470.60917161970826,476.85464602326675,470.60917161970826,8.574540834220157,0.0,478.31272066158346,-10.626446482344564,99.28330211363878,100.29702348207671,100.2853757511426,-0.011647730934121244,0.009576237501945804,0.009576237501945804,172.43963221298705,4.078449901359348,2335.4822178547074,33164.575106190096,1.6151477723545868,7802.947164158082,0.43551868169189384,155.40678653882074,0.43551830337435327,155.40665154320345,-0.0019052317233577104,-0.6798467027605172,4.639567014869168,2.3253920990875243,0.0,2092026.5433654126,2.7705732993900654,0.0,0.0,0.0,shutdown,False,False,2092026.5433654126,5600902.630078219,2513071.9934324254,2801287.5975467507,2500177.289855614,2803954.4670202713,False,False,0,0,True,3.63382692588e-06,1,0,36,0,True,7.7264555148e-06,1,0
43.5,-2480.9875510461547,21697.965256700598,-76.90844516322062,469.5469123288424,475.80375346877383,469.5469123288424,8.607084218543376,0.0,477.27058220991677,-10.61873933485583,99.30204273011334,100.32177948238267,100.34023034129481,0.018450858912139833,0.009571626657821193,0.009571626657821193,172.43963221298705,4.078449901359348,2335.4822178547074,33164.575106190096,1.6114563454532085,7710.754710388241,0.43614212458218726,153.79047838196834,0.43614117457977675,153.79014339638238,0.00302028427776901,1.0649990857283138,4.638867707102269,2.322494014682638,0.0,2092026.5433654126,2.7705732993900654,0.0,0.0,0.0,shutdown,False,False,2092026.5433654126,5600902.630078219,2513071.9934324254,2801287.5975467507,2500177.289855614,2803954.4670202713,False,False,0,0,True,3.63382692588e-06,1,0,36,0,True,7.7264555148e-06,1,0
43.6,-2488.67765157148,21744.866872929633,-76.89356534328361,468.48541225186057,474.753832932392,468.48541225186057,8.639554089203813,0.0,476.2294573130141,-10.611262204670197,99.32097772135721,100.34674418872477,100.39494099799282,0.04819680926805656,0.009525995248351968,0.009525995248351968,172.43963221298705,4.078449901359348,2335.4822178547074,33164.575106190096,1.6077695417937563,7619.767389130053,0.43685267444992065,152.2233368373675,0.4368461906349417,152.221077522021,0.007891617133778027,2.749870524792552,4.636506140819186,2.3127071672600015,0.0,2092026.5433654126,2.7705732993900654,0.0,0.0,0.0,shutdown,False,False,2092026.5433654126,5600902.630078219,2513071.9934324254,2801287.5975467507,2500177.289855614,2803954.4670202713,False,False,0,0,True,3.63382692588e-06,1,0,36,0,True,7.7264555148e-06,1,0
43.7,-2496.366315166265,21791.662376433298,-76.87970655241548,467.42465782139936,473.7048659440156,467.42465782139936,8.671950498292022,0.0,475.18932728289906,-10.603826404451663,99.34010386775034,100.37191448375272,100.44927809708665,0.07736361333391609,0.009441230455038634,0.009441230455038634,172.43963221298705,4.078449901359348,2335.4822178547074,33164.575106190096,1.6040872886614062,7529.942280611066,0.4375656676854676,150.67437941373998,0.4375489578469473,150.66862543271478,0.012670772496762255,4.363141177736748,4.6341850469346655,2.303088046312961,0.0,2092026.5433654126,2.7705732993900654,0.0,0.0,0.0,shutdown,False,False,2092026.5433654126,5600902.630078219,2513071.9934324254,2801287.5975467507,2500177.289855614,2803954.4670202713,False,False,0,0,True,3.63382692588e-06,1,0,36,0,True,7.7264555148e-06,1,0
43.800000000000004,-2504.0536417667417,21838.351841598993,-76.86682545711966,466.3646454924845,472.6568431972461,466.3646454924845,8.704273497306213,0.0,474.1501824755516,-10.59642017375259,99.35941721518898,100.39728649979271,100.50302354762319,0.10573704783047314,0.009319470941570015,0.009319470941570015,172.43963221298705,4.078449901359348,2335.4822178547074,33164.575106190096,1.600409553002642,7441.2840954236735,0.4382798777156434,149.14336670384253,0.4382486556107366,149.13274205489526,0.01732273021110348,5.894795621583525,4.631919917952013,2.2937008561652092,0.0,2092026.5433654126,2.7705732993900654,0.0,0.0,0.0,shutdown,False,False,2092026.5433654126,5600902.630078219,2513071.9934324254,2801287.5975467507,2500177.289855614,2803954.4670202713,False,False,0,0,True,3.63382692588e-06,1,0,36,0,True,7.7264555148e-06,1,0
43.900000000000006,-2511.73972672741,21884.935342557186,-76.85487375624504,465.3053736713824,471.6097564592501,465.3053736713824,8.736523137566722,0.0,473.1120142098474,-10.589016248205091,99.37891313970218,100.42285570046681,100.55597206154512,0.13311636107829447,0.009163047097942455,0.009163047097942455,172.43963221298705,4.078449901359348,2335.4822178547074,33164.575106190096,1.5967362974389347,7353.758849022544,0.4389877558664978,147.62717744962916,0.4389382594886021,147.61053231439456,0.02181408591083854,7.335858207034297,4.629702300435557,2.2845105639295866,0.0,2092026.5433654126,2.7705732993900654,0.0,0.0,0.0,shutdown,False,False,2092026.5433654126,5600902.630078219,2513071.9934324254,2801287.5975467507,2500177.289855614,2803954.4670202713,False,False,0,0,True,3.63382692588e-06,1,0,36,0,True,7.7264555148e-06,1,0
44.0,-2519.424660355838,21931.412953345513,-76.8437988123235,464.2468420952171,470.56359805162396,464.2468420952171,8.768699470329619,0.0,472.07481425890404,-10.581615275027925,99.39858642806914,100.44861696222412,100.60793214145129,0.15931517922716107,0.008974442381299953,0.008974442381299953,172.43963221298705,4.078449901359348,2335.4822178547074,33164.575106190096,1.5930674922233958,7267.363680788525,0.43969344892214274,146.12731832666998,0.43962253452286704,146.10375070012856,0.0261147418244142,8.67894939292283,4.62756587760045,2.2756567602200652,0.0,2092026.5433654126,2.7705732993900654,0.0,0.0,0.0,shutdown,False,False,2092026.5433654126,5600902.630078219,2513071.9934324254,2801287.5975467507,2500177.289855614,2803954.4670202713,False,False,0,0,True,3.63382692588e-06,1,0,36,0,True,7.7264555148e-06,1,0
44.1,-2527.108527509697,21977.7847479989,-76.83354426485545,463.1890509725415,469.51836009377007,463.1890509725415,8.800802546849093,0.0,471.0385741048295,-10.574207178418483,99.41843136225647,100.47456466024731,100.65872684198042,0.18416218173311152,0.008756252954664274,0.008756252954664274,172.43963221298705,4.078449901359348,2335.4822178547074,33164.575106190096,1.5894031021495707,7182.073302445258,0.4403963965071869,144.64323129998206,0.440301611237356,144.6121001467376,0.030196870904428456,9.91782180191764,4.625525744296982,2.267202001399229,0.0,2092026.5433654126,2.7705732993900654,0.0,0.0,0.0,shutdown,False,False,2092026.5433654126,5600902.630078219,2513071.9934324254,2801287.5975467507,2500177.289855614,2803954.4670202713,False,False,0,0,True,3.63382692588e-06,1,0,36,0,True,7.7264555148e-06,1,0
44.2,-2534.7914072612743,22024.05080062,-76.8240507666906,462.13200144941555,468.4740350754198,462.13200144941555,8.832832418426229,0.0,470.0032855211029,-10.566783284043096,99.43844179345615,100.50069274105915,100.70819433540836,0.20750159434920115,0.008511159705856707,0.008511159705856707,172.43963221298705,4.078449901359348,2335.4822178547074,33164.575106190096,1.5857430959107035,7097.877126658391,0.4410952642448659,143.1744083527239,0.44097489525406325,143.13533797396641,0.03403512834809853,11.047408030531233,4.6235929540584495,2.259192095727731,0.0,2092026.5433654126,2.7705732993900654,0.0,0.0,0.0,shutdown,False,False,2092026.5433654126,5600902.630078219,2513071.9934324254,2801287.5975467507,2500177.289855614,2803954.4670202713,False,False,0,0,True,3.63382692588e-06,1,0,36,0,True,7.7264555148e-06,1,0
44.300000000000004,-2542.4733726304353,22070.211185468022,-76.81525661652402,461.0756955110451,467.4306158565744,461.0756955110451,8.864789136470486,0.0,468.9689405826672,-10.559335483315174,99.45861121578908,100.52699479602867,100.75618831792656,0.22919352189789277,0.008241900615888458,0.008241900615888458,172.43963221298705,4.078449901359348,2335.4822178547074,33164.575106190096,1.582087441999654,7014.758638502516,0.4417887537055514,141.7202513470556,0.4416418537208269,141.67312768765186,0.03760675203332165,12.063770989654705,4.62177740467426,2.2516680618106593,0.0,2092026.5433654126,2.7705732993900654,0.0,0.0,0.0,shutdown,False,False,2092026.5433654126,5600902.630078219,2513071.9934324254,2801287.5975467507,2500177.289855614,2803954.4670202713,False,False,0,0,True,3.63382692588e-06,1,0,36,0,True,7.7264555148e-06,1,0
44.400000000000006,-2550.1544903795493,22116.265977038696,-76.80709836575024,460.0201359024343,466.38809568326263,460.0201359024343,8.896672752555073,0.0,467.93553169169894,-10.551856688859607,99.47893283751282,100.55346413234169,100.80257826418018,0.24911413183850048,0.007951245423089578,0.007951245423089578,172.43963221298705,4.078449901359348,2335.4822178547074,33164.575106190096,1.5784361095878197,6932.699453433846,0.44247562469310936,140.2801589542753,0.4423020149443657,140.22511862710098,0.040891575440410444,12.96405131164019,4.620087845142514,2.2446661574105513,0.0,2092026.5433654126,2.7705732993900654,0.0,0.0,0.0,shutdown,False,False,2092026.5433654126,5600902.630078219,2513071.9934324254,2801287.5975467507,2500177.289855614,2803954.4670202713,False,False,0,0,True,3.63382692588e-06,1,0,36,0,True,7.7264555148e-06,1,0
44.5,-2557.834820866943,22162.2152501315,-76.79951138213657,458.9653259537065,465.3464681034196,458.9653259537065,8.928483318463478,0.0,466.903051503391,-10.544342285661822,99.4993996498805,100.58009384184761,100.84724954335441,0.2671557015067978,0.007641972630266717,0.007641972630266717,172.43963221298705,4.078449901359348,2335.4822178547074,33164.575106190096,1.574789070899714,6851.691873482403,0.4431547151338872,138.85378538717532,0.44295496694669073,138.79119823427078,0.04387201890713487,13.746431415026088,4.618531892632403,2.2382179497432846,0.0,2092026.5433654126,2.7705732993900654,0.0,0.0,0.0,shutdown,False,False,2092026.5433654126,5600902.630078219,2513071.9934324254,2801287.5975467507,2500177.289855614,2803954.4670202713,False,False,0,0,True,3.63382692588e-06,1,0,36,0,True,7.7264555148e-06,1,0
44.6,-2565.5144179554613,22208.05907990448,-76.7924303882277,457.9112695058917,464.3057269789251,457.9112695058917,8.960220886227427,0.0,465.87149294746047,-10.536786670605913,99.5200044918262,100.60687686551977,100.89010341191593,0.28322654639616857,0.00731684944204387,0.00731684944204387,172.43963221298705,4.078449901359348,2335.4822178547074,33164.575106190096,1.5711462951624962,6771.709643270216,0.4438249598735549,137.44045235120169,0.4436003567151822,137.37089889549915,0.046533062772734606,14.410016954867936,4.617116056638245,2.2323504155776934,0.0,2092026.5433654126,2.7705732993900654,0.0,0.0,0.0,shutdown,False,False,2092026.5433654126,5600902.630078219,2513071.9934324254,2801287.5975467507,2500177.289855614,2803954.4670202713,False,False,0,0,True,3.63382692588e-06,1,0,36,0,True,7.7264555148e-06,1,0
44.7,-2573.1933289726476,22253.79754191687,-76.78578995549128,456.8579707418397,463.26586639794704,456.8579707418397,8.991885508156386,0.0,464.84084914979076,-10.529188610411833,99.54074011206693,100.63380605556289,100.93105689719813,0.2972508416352482,0.006978613724785978,0.006978613724785978,172.43963221298705,4.078449901359348,2335.4822178547074,33164.575106190096,1.5675077580367223,6692.753905255922,0.4444854043080961,136.04008224561065,0.4442378864473334,135.96432643943783,0.048862204706662506,14.954863045151187,4.615845770372455,2.2270860713348815,0.0,2092026.5433654126,2.7705732993900654,0.0,0.0,0.0,shutdown,False,False,2092026.5433654126,5600902.630078219,2513071.9934324254,2801287.5975467507,2500177.289855614,2803954.4670202713,False,False,0,0,True,3.63382692588e-06,1,0,36,0,True,7.7264555148e-06,1,0
44.800000000000004,-2580.8715947188784,22299.43071215992,-76.7795249691218,455.8054341191738,462.2268806842074,455.8054341191738,9.02347723685891,0.0,463.8111134504304,-10.521543842890365,99.56159922637909,100.6608742324804,100.97004258546032,0.3091683529799165,0.006629958701834498,0.006629958701834498,172.43963221298705,4.078449901359348,2335.4822178547074,33164.575106190096,1.5638734283944538,6614.790769364293,0.44513521888948054,134.65193342534153,0.44486731310101346,134.57089280922733,0.05084940471732619,15.381776970596523,4.614725424808834,2.2224431141710994,0.0,2092026.5433654126,2.7705732993900654,0.0,0.0,0.0,shutdown,False,False,2092026.5433654126,5600902.630078219,2513071.9934324254,2801287.5975467507,2500177.289855614,2803954.4670202713,False,False,0,0,True,3.63382692588e-06,1,0,36,0,True,7.7264555148e-06,1,0
44.900000000000006,-2588.5492495197936,22344.958667076666,-76.77357104917834,454.75366421572244,461.18876431377777,454.75366421572244,9.054996125256316,0.0,462.7822793288897,-10.513854229336005,99.58257457210611,100.68807423959198,101.00700832704091,0.31893408744892005,0.006273519318618709,0.006273519318618709,172.43963221298705,4.078449901359348,2335.4822178547074,33164.575106190096,1.5602432848207883,6537.829351581384,0.44577370600176547,133.27618533680533,0.44548844293913364,133.19089817811206,0.05248701930656886,15.692423350001373,4.61375840785207,2.2184355843046917,0.0,2092026.5433654126,2.7705732993900654,0.0,0.0,0.0,shutdown,False,False,2092026.5433654126,5600902.630078219,2513071.9934324254,2801287.5975467507,2500177.289855614,2803954.4670202713,False,False,0,0,True,3.63382692588e-06,1,0,36,0,True,7.7264555148e-06,1,0
45.0,-2596.226321319361,22390.381483569614,-76.76786494217373,453.70266564326226,460.15151189535567,453.70266564326226,9.086442226588016,0.0,461.7543403924103,-10.506117221564034,99.60365895837732,100.71539899312359,101.04191686948681,0.3265178763632291,0.0059118607364473585,0.0059118607364473585,172.43963221298705,4.078449901359348,2335.4822178547074,33164.575106190096,1.5566172964011606,6461.83318524262,0.4464003097919324,131.91213663678386,0.44610113175266697,131.82372895979836,0.053769727824444565,15.88905636514188,4.612947142536798,2.2150735233213825,0.0,2092026.5433654126,2.7705732993900654,0.0,0.0,0.0,shutdown,False,False,2092026.5433654126,5600902.630078219,2513071.9934324254,2801287.5975467507,2500177.289855614,2803954.4670202713,False,False,0,0,True,3.63382692588e-06,1,0,36,0,True,7.7264555148e-06,1,0
45.1,-2603.9028318101605,22435.69923900089,-76.7623448738114,452.652442982193,459.115118165666,452.652442982193,9.117815594411615,0.0,460.72729037880447,-10.498336000109537,99.62484531179228,100.74284152773535,101.07474543031566,0.3319039025803116,0.005547468766644708,0.005547468766644708,172.43963221298705,4.078449901359348,2335.4822178547074,33164.575106190096,1.552995441519757,6386.806394683376,0.4470146171439268,130.55995784913605,0.4467052789831813,130.46960917667855,0.054694452289315805,15.97465745326058,4.612293128463157,2.2123631458922866,0.0,2092026.5433654126,2.7705732993900654,0.0,0.0,0.0,shutdown,False,False,2092026.5433654126,5600902.630078219,2513071.9934324254,2801287.5975467507,2500177.289855614,2803954.4670202713,False,False,0,0,True,3.63382692588e-06,1,0,36,0,True,7.7264555148e-06,1,0
45.2,-2611.578796597024,22480.912011181677,-76.75695086345334,451.6030006335583,458.07957789786724,451.6030006335583,9.149116282595601,0.0,459.70112307208376,-10.490510971562843,99.64612671973514,100.77039503989216,101.10548521783305,0.335090177940894,0.00518274130419678,0.00518274130419678,172.43963221298705,4.078449901359348,2335.4822178547074,33164.575106190096,1.5493776919454387,6312.722571179742,0.447616361637242,129.21923974888247,0.4473008275539368,129.12815041914837,0.055260272565159016,15.952701959033494,4.611796980554572,2.210307000394628,0.0,2092026.5433654126,2.7705732993900654,0.0,0.0,0.0,shutdown,False,False,2092026.5433654126,5600902.630078219,2513071.9934324254,2801287.5975467507,2500177.289855614,2803954.4670202713,False,False,0,0,True,3.63382692588e-06,1,0,36,0,True,7.7264555148e-06,1,0
45.300000000000004,-2619.2542253908546,22526.019878352952,-76.75162501315367,450.5543427919154,457.0448859256764,450.5543427919154,9.180344345306002,0.0,458.67583233311746,-10.482645859057968,99.66749646861047,100.79805292589093,101.13414090825084,0.3360879823599123,0.004819981640253381,0.004819981640253381,172.43963221298705,4.078449901359348,2335.4822178547074,33164.575106190096,1.5457640244314053,6239.576638667034,0.44820542062156293,127.89004882718122,0.4478877594494147,127.79940801618835,0.055468338018604284,15.827225935206846,4.611458468827322,2.2089041337255435,0.0,2092026.5433654126,2.7705732993900654,0.0,0.0,0.0,shutdown,False,False,2092026.5433654126,5600902.630078219,2513071.9934324254,2801287.5975467507,2500177.289855614,2803954.4670202713,False,False,0,0,True,3.63382692588e-06,1,0,36,0,True,7.7264555148e-06,1,0
45.400000000000006,-2626.929122229319,22571.022919158124,-76.74631175613413,449.50647331151293,456.0110370562577,449.50647331151293,9.211499836987452,0.0,457.6514120188339,-10.47474374563708,99.6889480798193,100.82580881790194,101.16073008628396,0.3349212683820207,0.004461392401286066,0.004461392401286066,172.43963221298705,4.078449901359348,2335.4822178547074,33164.575106190096,1.5421544131510385,6167.352186869175,0.4487818131106123,126.57225675235422,0.44846609461227055,126.4832130307368,0.0553217767421007,15.602686929899583,4.611276555549975,2.2081502452989104,0.0,2092026.5433654126,2.7705732993900654,0.0,0.0,0.0,shutdown,False,False,2092026.5433654126,5600902.630078219,2513071.9934324254,2801287.5975467507,2500177.289855614,2803954.4670202713,False,False,0,0,True,3.63382692588e-06,1,0,36,0,True,7.7264555148e-06,1,0
45.5,-2634.603485721229,22615.921212608388,-76.74095808207505,448.4593956938217,454.97802609952777,448.4593956938217,9.242582812339203,0.0,456.62785601713915,-10.466808608201235,99.71047534078747,100.85365661479231,101.18528265550599,0.33162604071366647,0.004109071053677048,0.004109071053677048,172.43963221298705,4.078449901359348,2335.4822178547074,33164.575106190096,1.5385488328318426,6096.03497256804,0.44934569389882045,125.26581237049851,0.4490358883806396,125.17944670495699,0.05482560336765151,15.283942491942579,4.611249431493684,2.2080378372744978,0.0,2092026.5433654126,2.7705732993900654,0.0,0.0,0.0,shutdown,False,False,2092026.5433654126,5600902.630078219,2513071.9934324254,2801287.5975467507,2500177.289855614,2803954.4670202713,False,False,0,0,True,3.63382692588e-06,1,0,36,0,True,7.7264555148e-06,1,0
45.6,-2642.27730931177,22660.71483804146,-76.73551372873885,447.4131129675778,453.94584778644247,447.4131129675778,9.273593326286555,0.0,455.60515817069205,-10.458845916692322,99.7320723345066,100.88159051173751,101.20784022336689,0.3262497116293854,0.0037650055546197287,0.0037650055546197287,172.43963221298705,4.078449901359348,2335.4822178547074,33164.575106190096,1.5349472598281482,6025.618513242604,0.44989734615783306,123.97085293840031,0.44959722952197073,123.88815470591106,0.053986625538564106,14.876211367856923,4.611374550558052,2.208556358055135,0.0,2092026.5433654126,2.7705732993900654,0.0,0.0,0.0,shutdown,False,False,2092026.5433654126,5600902.630078219,2513071.9934324254,2801287.5975467507,2500177.289855614,2803954.4670202713,False,False,0,0,True,3.63382692588e-06,1,0,36,0,True,7.7264555148e-06,1,0
45.7,-2649.9505815656858,22705.403875074386,-76.72993134957811,446.367627690989,452.9144968041897,446.367627690989,9.304531433948192,0.0,454.58331231681984,-10.450859615100502,99.75373346388133,100.90960502436494,101.22845546540859,0.3188504410436504,0.00343107143984185,0.00343107143984185,172.43963221298705,4.078449901359348,2335.4822178547074,33164.575106190096,1.5313496665110728,5956.079445054043,0.45043717351368967,122.6871934345575,0.4501502396228117,122.60904021843089,0.052813350244225586,14.384962206373968,4.611648662169647,2.2096923365532484,0.0,2092026.5433654126,2.7705732993900654,0.0,0.0,0.0,shutdown,False,False,2092026.5433654126,5600902.630078219,2513071.9934324254,2801287.5975467507,2500177.289855614,2803954.4670202713,False,False,0,0,True,3.63382692588e-06,1,0,36,0,True,7.7264555148e-06,1,0
45.800000000000004,-2657.6232864656445,22749.98840355127,-76.72416664959304,445.322941846711,451.88396772078966,445.322941846711,9.33539719059998,0.0,453.5623122167156,-10.442857270480122,99.77545347473219,100.93769501183185,101.24719147259077,0.3094964607589143,0.00310902884028911,0.00310902884028911,172.43963221298705,4.078449901359348,2335.4822178547074,33164.575106190096,1.5277560312587228,5887.421132220027,0.45096568821987487,121.41521894484774,0.45069507020758426,121.3423594212277,0.051315889331534616,13.815973368466263,4.612067843564651,2.211429515977218,0.0,2092026.5433654126,2.7705732993900654,0.0,0.0,0.0,shutdown,False,False,2092026.5433654126,5600902.630078219,2513071.9934324254,2801287.5975467507,2500177.289855614,2803954.4670202713,False,False,0,0,True,3.63382692588e-06,1,0,36,0,True,7.7264555148e-06,1,0
45.900000000000006,-2665.2954037233426,22794.468503485725,-76.718178504366,444.279056842396,450.85425501130266,444.279056842396,9.366190651635145,0.0,452.54215158563477,-10.434842815841304,99.79722747473609,100.9658556955983,101.26412108421005,0.29826538861175206,0.002800520436515218,0.002800520436515218,172.43963221298705,4.078449901359348,2335.4822178547074,33164.575106190096,1.5241663243757926,5819.613628162065,0.4514835020834188,120.15464441880692,0.45123190397151813,120.08768586654008,0.049505865231342636,13.175142848117396,4.612627529119057,2.2137489753821336,0.0,2092026.5433654126,2.7705732993900654,0.0,0.0,0.0,shutdown,False,False,2092026.5433654126,5600902.630078219,2513071.9934324254,2801287.5975467507,2500177.289855614,2803954.4670202713,False,False,0,0,True,3.63382692588e-06,1,0,36,0,True,7.7264555148e-06,1,0
46.0,-2672.9669091010937,22838.844255001066,-76.71192905066873,443.2359734645019,449.8253530334851,443.2359734645019,9.396911872522855,0.0,451.522824072228,-10.426824742065646,99.81905095005729,100.994082676023,101.27932620961602,0.28524353359300947,0.002507069593743705,0.002507069593743705,172.43963221298705,4.078449901359348,2335.4822178547074,33164.575106190096,1.520580524433136,5752.662615519395,0.45199131157809463,118.90593052350616,0.45176095129545285,118.84532935029434,0.04739631603603351,12.46860927917861,4.613322541159426,2.216629257356311,0.0,2092026.5433654126,2.7705732993900654,0.0,0.0,0.0,shutdown,False,False,2092026.5433654126,5600902.630078219,2513071.9934324254,2801287.5975467507,2500177.289855614,2803954.4670202713,False,False,0,0,True,3.63382692588e-06,1,0,36,0,True,7.7264555148e-06,1,0
46.1,-2680.637774741437,22883.11573826592,-76.70538375620183,442.1936918325509,448.79725600062125,442.1936918325509,9.427560908763647,0.0,450.5043232347044,-10.41880789697927,99.84091977956896,101.02237194656618,101.29289713994316,0.27052519337698483,0.002230078741603787,0.002230078741603787,172.43963221298705,4.078449901359348,2335.4822178547074,33164.575106190096,1.5169986019001074,5686.541502706014,0.4524898875645488,117.66887903338511,0.45228245218341806,117.61493597423545,0.045001600472662474,11.702555190409777,4.614147118081313,2.220046484550206,0.0,2092026.5433654126,2.7705732993900654,0.0,0.0,0.0,shutdown,False,False,2092026.5433654126,5600902.630078219,2513071.9934324254,2801287.5975467507,2500177.289855614,2803954.4670202713,False,False,0,0,True,3.63382692588e-06,1,0,36,0,True,7.7264555148e-06,1,0
46.2,-2688.3079695029087,22927.28303342879,-76.69851147322936,441.1522114248994,447.7699580222955,441.1522114248994,9.458137815844132,0.0,449.4866425844038,-10.410800256076396,99.86283024567058,101.05071990442147,101.30493185226177,0.2542119478403135,0.001970828348199073,0.001970828348199073,172.43963221298705,4.078449901359348,2335.4822178547074,33164.575106190096,1.5134205330653383,5621.248424127755,0.452980059692868,116.4438050985895,0.45279667342340696,116.39666352014262,0.04233730222735125,10.883297097678817,4.615094944638917,2.223974485203354,0.0,2092026.5433654126,2.7705732993900654,0.0,0.0,0.0,shutdown,False,False,2092026.5433654126,5600902.630078219,2513071.9934324254,2801287.5975467507,2500177.289855614,2803954.4670202713,False,False,0,0,True,3.63382692588e-06,1,0,36,0,True,7.7264555148e-06,1,0
46.300000000000004,-2695.977459299771,22971.346220550105,-76.69128446401815,440.11153100137915,446.7434530388989,440.11153100137915,9.48864264918994,0.0,448.4697755229618,-10.402808214355174,99.88477904393997,101.07912336026259,101.31553530708445,0.23641194682185973,0.0017304756266413037,0.0017304756266413037,172.43963221298705,4.078449901359348,2335.4822178547074,33164.575106190096,1.5098462903925853,5556.7674559101715,0.4534627043831632,115.23073217754296,0.45330390959752037,115.19038037079297,0.03942013349719791,10.017165251985956,4.616159181159023,2.2283849142133216,0.0,2092026.5433654126,2.7705732993900654,0.0,0.0,0.0,shutdown,False,False,2092026.5433654126,5600902.630078219,2513071.9934324254,2801287.5975467507,2500177.289855614,2803954.4670202713,False,False,0,0,True,3.63382692588e-06,1,0,36,0,True,7.7264555148e-06,1,0
46.400000000000006,-2703.646207443935,23015.305379532925,-76.6836784192648,439.07164865503194,445.71773488224255,439.07164865503194,9.519075464117757,0.0,447.4537154049867,-10.394838712616355,99.90676328918437,101.10757954407029,101.32481874052749,0.217239196457199,0.0015100539627739213,0.0015100539627739213,172.43963221298705,4.078449901359348,2335.4822178547074,33164.575106190096,1.5062758471722613,5493.086815805862,0.45393873051035755,114.02976435859843,0.4538044818005625,113.9960409776343,0.03626783766417004,9.110509204604758,4.617332494602394,2.2332473818609446,0.0,2092026.5433654126,2.7705732993900654,0.0,0.0,0.0,shutdown,False,False,2092026.5433654126,5600902.630078219,2513071.9934324254,2801287.5975467507,2500177.289855614,2803954.4670202713,False,False,0,0,True,3.63382692588e-06,1,0,36,0,True,7.7264555148e-06,1,0
46.5,-2711.31417498723,23059.160590053012,-76.67567244664852,438.0325617467347,444.69279721573264,438.0325617467347,9.549436315786913,0.0,446.4384554801488,-10.386899453357048,99.92878052035644,101.13608611014536,101.33289895242885,0.196812842283488,0.0013104720759750596,0.0013104720759750596,172.43963221298705,4.078449901359348,2335.4822178547074,33164.575106190096,1.5027091779427053,5430.201108963613,0.4544090659737102,112.84113004517052,0.4542987369974125,112.81373260243798,0.03289909059407852,8.16966658035172,4.618607090733576,2.2385295871290016,0.0,2092026.5433654126,2.7705732993900654,0.0,0.0,0.0,shutdown,False,False,2092026.5433654126,5600902.630078219,2513071.9934324254,2801287.5975467507,2500177.289855614,2803954.4670202713,False,False,0,0,True,3.63382692588e-06,1,0,36,0,True,7.7264555148e-06,1,0
46.6,-2718.981321038874,23102.91193146176,-76.66724858622024,436.99426642821203,443.66863298740475,436.99426642821203,9.57972525913218,0.0,445.42398833988733,-10.37900691712404,99.9508286545455,101.1646410927393,101.33989756786261,0.17525647512331524,0.0011325055720275072,0.0011325055720275072,172.43963221298705,4.078449901359348,2335.4822178547074,33164.575106190096,1.4991462508933264,5368.088743242534,0.4548833503186232,111.6668468364331,0.45479576826788143,111.64534679375411,0.029328400529788645,7.1996699980852,4.620120280908352,2.2448005783216067,0.0,2092026.5433654126,2.7705732993900654,0.0,0.0,0.0,shutdown,False,False,2092026.5433654126,5600902.630078219,2513071.9934324254,2801287.5975467507,2500177.289855614,2803954.4670202713,False,False,0,0,True,3.63382692588e-06,1,0,36,0,True,7.7264555148e-06,1,0
46.7,-2726.647603017571,23146.559482601497,-76.65839098771534,435.9567563665026,442.6452330370537,435.9567563665026,9.609942348735899,0.0,444.4103045140281,-10.371194317092984,99.972905915285,101.19324283850123,101.34594024026578,0.15269740176454383,0.0009767850090654049,0.0009767850090654049,172.43963221298705,4.078449901359348,2335.4822178547074,33164.575106190096,1.4955870340596988,5306.754646271599,0.45538199394959483,110.5119872063478,0.4553154693207,110.49584302621989,0.02556841323369833,6.204936061837009,4.622178976540596,2.2533322634946034,0.0,2092026.5433654126,2.7705732993900654,0.0,0.0,0.0,shutdown,False,False,2092026.5433654126,5600902.630078219,2513071.9934324254,2801287.5975467507,2500177.289855614,2803954.4670202713,False,False,0,0,True,3.63382692588e-06,1,0,36,0,True,7.7264555148e-06,1,0
46.800000000000004,-2734.312976966298,23190.10332166982,-76.6490879868181,434.92002499997506,441.62258868313097,434.92002499997506,9.640087638734073,0.0,443.39739509396793,-10.363433013485196,99.99501105114987,101.22189021716974,101.35115592954618,0.12926571237643833,0.0008438340050151562,0.0008438340050151562,172.43963221298705,4.078449901359348,2335.4822178547074,33164.575106190096,1.4920314890407773,5246.1715140128645,0.4558787175240142,109.36952551371263,0.4558310145461337,109.35808112761643,0.0216581057135261,5.195980102513561,4.624312265268924,2.262173078779842,0.0,2092026.5433654126,2.7705732993900654,0.0,0.0,0.0,shutdown,False,False,2092026.5433654126,5600902.630078219,2513071.9934324254,2801287.5975467507,2500177.289855614,2803954.4670202713,False,False,0,0,True,3.63382692588e-06,1,0,36,0,True,7.7264555148e-06,1,0
46.900000000000006,-2741.977398006709,23233.543526258865,-76.63933282139861,433.8840667808896,440.600693078929,433.8840667808896,9.670161182843541,0.0,442.3852531014023,-10.355731368251778,100.01714340537208,101.25058268699586,101.35567632336516,0.10509363636930406,0.0007340811075429712,0.0007340811075429712,172.43963221298705,4.078449901359348,2335.4822178547074,33164.575106190096,1.4884795918379252,5186.342619747312,0.4563744758655386,108.23982366468258,0.45634292601676596,108.23234088409691,0.017619124676802492,4.178785293647852,4.626510803626018,2.271284302804268,0.0,2092026.5433654126,2.7705732993900654,0.0,0.0,0.0,shutdown,False,False,2092026.5433654126,5600902.630078219,2513071.9934324254,2801287.5975467507,2500177.289855614,2803954.4670202713,False,False,0,0,True,3.63382692588e-06,1,0,36,0,True,7.7264555148e-06,1,0
47.0,-2749.640820742646,23276.88017337167,-76.62912189735673,432.84887547521146,439.579539245078,432.84887547521146,9.70016303437331,0.0,441.37387149329413,-10.34809474534004,100.03930273836802,101.27932012328529,101.359635207472,0.08031508418670628,0.0006478301398433541,0.0006478301398433541,172.43963221298705,4.078449901359348,2335.4822178547074,33164.575106190096,1.484931312198566,5127.248232321143,0.4568701787324862,107.12274195325325,0.456851740941138,107.11841882853048,0.01347349364010304,3.159141589021661,4.628764963577113,2.2806260348850587,0.0,2092026.5433654126,2.7705732993900654,0.0,0.0,0.0,shutdown,False,False,2092026.5433654126,5600902.630078219,2513071.9934324254,2801287.5975467507,2500177.289855614,2803954.4670202713,False,False,0,0,True,3.63382692588e-06,1,0,36,0,True,7.7264555148e-06,1,0
47.1,-2757.3031995724964,23320.113339357635,-76.61845469964373,431.81444424412126,438.55912014051273,431.81444424412126,9.73009324617988,0.0,440.3632432324609,-10.340529876490265,100.06148921933332,101.30810280978235,101.36316775294809,0.05506494316573882,0.000585260850840127,0.000585260850840127,172.43963221298705,4.078449901359348,2335.4822178547074,33164.575106190096,1.4813866234986222,5068.882405800964,0.45736667957525207,106.01840424918248,0.4573580071927313,106.01639397559467,0.009243501919031725,2.1426600731826153,4.631064879070741,2.290157387946096,0.0,2092026.5433654126,2.7705732993900654,0.0,0.0,0.0,shutdown,False,False,2092026.5433654126,5600902.630078219,2513071.9934324254,2801287.5975467507,2500177.289855614,2803954.4670202713,False,False,0,0,True,3.63382692588e-06,1,0,36,0,True,7.7264555148e-06,1,0
47.2,-2764.9644889911456,23363.243099850253,-76.60733367333424,430.7807656082018,437.53942861246924,430.7807656082018,9.759951870624127,0.0,439.35336123696624,-10.333042841923987,100.08370341651754,101.33693142907629,101.3664098076595,0.029478378583199988,0.0005464297340347223,0.0005464297340347223,172.43963221298705,4.078449901359348,2335.4822178547074,33164.575106190096,1.4778454982101121,5011.236351903683,0.4578647680075155,104.92685072988768,0.45786228103855175,104.9262808021722,0.004951592196903666,1.1347345583734878,4.633400496831664,2.2998366990149846,0.0,2092026.5433654126,2.7705732993900654,0.0,0.0,0.0,shutdown,False,False,2092026.5433654126,5600902.630078219,2513071.9934324254,2801287.5975467507,2500177.289855614,2803954.4670202713,False,False,0,0,True,3.63382692588e-06,1,0,36,0,True,7.7264555148e-06,1,0
47.300000000000004,-2772.624643880555,23406.26952970772,-76.59576411485925,429.74783154108576,436.5204574754826,429.74783154108576,9.789738959530188,0.0,438.34421845814364,-10.325638500422246,100.10594628570003,101.36580705085404,101.36949719417129,0.0036901433172421673,0.0005312714642176177,0.0005312714642176177,172.43963221298705,4.078449901359348,2335.4822178547074,33164.575106190096,1.4743079068763005,4954.293874176544,0.45836516303367186,103.84794142654093,0.45836512403721036,103.84793259144048,0.0006202472274725064,0.14052419979353348,4.63576162921671,2.309621748269218,0.0,2092026.5433654126,2.7705732993900654,0.0,0.0,0.0,shutdown,False,False,2092026.5433654126,5600902.630078219,2513071.9934324254,2801287.5975467507,2500177.289855614,2803954.4670202713,False,False,0,0,True,3.63382692588e-06,1,0,36,0,True,7.7264555148e-06,1,0
47.400000000000006,-2780.2836196852627,23449.192702388096,-76.58375197929216,428.7156220664264,435.5021879061329,428.7156220664264,9.819454563752899,0.0,437.3357962764117,-10.318550992783104,100.12821915455554,101.39473114983615,101.37256481445898,-0.022166335377164406,0.0005395300202042904,0.0005395300202042904,172.43963221298705,4.078449901359348,2335.4822178547074,33164.575106190096,1.470773786082666,4898.056680552884,0.45904644125546223,102.82174180550592,0.4590450346753833,102.82142674585029,-0.0037245398913094857,-0.8342591176638908,4.634715906995537,2.305288046565227,0.0,2092026.5433654126,2.7705732993900654,0.0,0.0,0.0,shutdown,False,False,2092026.5433654126,5600902.630078219,2513071.9934324254,2801287.5975467507,2500177.289855614,2803954.4670202713,False,False,0,0,True,3.63382692588e-06,1,0,36,0,True,7.7264555148e-06,1,0
47.5,-2787.941372588371,23492.01268924506,-76.57130608288075,427.6841150729457,434.48459949803384,427.6841150729457,9.849098732690226,0.0,436.32807456570544,-10.311588876850319,100.15052378778611,101.42370564244402,101.37574523418598,-0.04796040825803108,0.0005706458964281293,0.0005706458964281293,172.43963221298705,4.078449901359348,2335.4822178547074,33164.575106190096,1.4672430603924127,4842.501174625341,0.4597595000690778,101.81340729137747,0.45975291882237035,101.81194987907516,-0.008054692544395453,-1.7837058125088037,4.6331049955308305,2.2986120769642873,0.0,2092026.5433654126,2.7705732993900654,0.0,0.0,0.0,shutdown,False,False,2092026.5433654126,5600902.630078219,2513071.9934324254,2801287.5975467507,2500177.289855614,2803954.4670202713,False,False,0,0,True,3.63382692588e-06,1,0,36,0,True,7.7264555148e-06,1,0
47.6,-2795.5978599093655,23534.72955998357,-76.55844033700959,426.65329969725747,433.4676838351312,426.65329969725747,9.87867151459874,0.0,435.321045261776,-10.304718636929683,100.17286237086424,101.45273283088086,101.37916718150153,-0.07356564937934076,0.000623839053292928,0.000623839053292928,172.43963221298705,4.078449901359348,2335.4822178547074,33164.575106190096,1.4637157024031742,4787.630999480309,0.460474086631107,100.81621550879801,0.4604586105763578,100.81282718073325,-0.012348960584236622,-2.7036819393648543,4.631507527386779,2.2919918194257387,0.0,2092026.5433654126,2.7705732993900654,0.0,0.0,0.0,shutdown,False,False,2092026.5433654126,5600902.630078219,2513071.9934324254,2801287.5975467507,2500177.289855614,2803954.4670202713,False,False,0,0,True,3.63382692588e-06,1,0,36,0,True,7.7264555148e-06,1,0
47.7,-2803.2530404847107,23577.34338330209,-76.54517116989595,425.623166673105,432.4514345429674,425.623166673105,9.908172957038209,0.0,434.31470239858544,-10.297941846133808,100.19523740198045,101.48181532371846,101.38295466715958,-0.0988606565588776,0.0006982428488101087,0.0006982428488101087,172.43963221298705,4.078449901359348,2335.4822178547074,33164.575106190096,1.4601916853989418,4733.427097471837,0.4611895951870637,99.82968908809961,0.4611616615226421,99.82364253140493,-0.016587124505392178,-3.5904701656750357,4.629932802713389,2.2854658158062215,0.0,2092026.5433654126,2.7705732993900654,0.0,0.0,0.0,shutdown,False,False,2092026.5433654126,5600902.630078219,2513071.9934324254,2801287.5975467507,2500177.289855614,2803954.4670202713,False,False,0,0,True,3.63382692588e-06,1,0,36,0,True,7.7264555148e-06,1,0
47.800000000000004,-2810.9068748896184,23619.854226961317,-76.53151692825884,424.59370651144866,431.43584539589494,424.59370651144866,9.937603106919198,0.0,433.3090402112426,-10.291261387006616,100.21765165984259,101.51095600922847,101.38722652763666,-0.12372948159180855,0.0007929177614046076,0.0007929177614046076,172.43963221298705,4.078449901359348,2335.4822178547074,33164.575106190096,1.4566709873739982,4679.884849470833,0.46190538760691185,98.85365243693619,0.46186165529439893,98.84429316350615,-0.020749960208211335,-4.440756504551508,4.628389665571694,2.2790707178298635,0.0,2092026.5433654126,2.7705732993900654,0.0,0.0,0.0,shutdown,False,False,2092026.5433654126,5600902.630078219,2513071.9934324254,2801287.5975467507,2500177.289855614,2803954.4670202713,False,False,0,0,True,3.63382692588e-06,1,0,36,0,True,7.7264555148e-06,1,0
47.900000000000006,-2818.559325618411,23662.262157760615,-76.51749764758988,423.564909474491,430.4209102545817,423.564909474491,9.966962010486737,0.0,432.3040530696922,-10.284679352159168,100.24010817743628,101.54015802939323,101.39209603996062,-0.14806198943260637,0.0009068626989871218,0.0009068626989871218,172.43963221298705,4.078449901359348,2335.4822178547074,33164.575106190096,1.45315358584248,4626.996335301649,0.4626208014731289,97.88786072315096,0.462558208761483,97.8746164707949,-0.024819291107574804,-5.251617098602814,4.626886480939532,2.2728411917952074,0.0,2092026.5433654126,2.7705732993900654,0.0,0.0,0.0,shutdown,False,False,2092026.5433654126,5600902.630078219,2513071.9934324254,2801287.5975467507,2500177.289855614,2803954.4670202713,False,False,0,0,True,3.63382692588e-06,1,0,36,0,True,7.7264555148e-06,1,0
48.0,-2826.210357243648,23704.567241518183,-76.50313485716123,422.53676567694043,429.40662313441635,422.53676567694043,9.9962497133066,0.0,431.2997355433914,-10.278196598864294,100.26261021696386,101.56942475470635,101.39767059915467,-0.17175415555168427,0.0010390255466783656,0.0010390255466783656,172.43963221298705,4.078449901359348,2335.4822178547074,33164.575106190096,1.4496394568778699,4574.74645343419,0.4633351578146245,96.9319188334785,0.46325097214997624,96.91430679201135,-0.02877802882019066,-6.020500509702913,4.62543111704013,2.2668098453409957,0.0,2092026.5433654126,2.7705732993900654,0.0,0.0,0.0,shutdown,False,False,2092026.5433654126,5600902.630078219,2513071.9934324254,2801287.5975467507,2500177.289855614,2803954.4670202713,False,False,0,0,True,3.63382692588e-06,1,0,36,0,True,7.7264555148e-06,1,0
48.1,-2833.8599365544255,23746.769543054954,-76.48845135838616,421.5092650584306,428.39297814191883,421.5092650584306,10.025466260254152,0.0,430.29608233380793,-10.271815771341611,100.28516124397177,101.59875975856372,101.40405145504272,-0.19470830352098584,0.0011883133401606803,0.0011883133401606803,172.43963221298705,4.078449901359348,2335.4822178547074,33164.575106190096,1.4461285822605783,4523.13819832773,0.46404776764724814,95.9858179695552,0.4639396274648129,95.96344974673397,-0.03261020303355721,-6.745247430451292,4.624030932288974,2.2610071733511243,0.0,2092026.5433654126,2.7705732993900654,0.0,0.0,0.0,shutdown,False,False,2092026.5433654126,5600902.630078219,2513071.9934324254,2801287.5975467507,2500177.289855614,2803954.4670202713,False,False,0,0,True,3.63382692588e-06,1,0,36,0,True,7.7264555148e-06,1,0
48.2,-2841.5080326742423,23788.86912618075,-76.47347103794935,420.48239745748754,427.379969516809,420.48239745748754,10.054611695504775,0.0,429.2930883127796,-10.265536247528964,100.30776490327611,101.62816679313316,101.41133350459104,-0.21683328854212974,0.001353601478068842,0.001353601478068842,172.43963221298705,4.078449901359348,2335.4822178547074,33164.575106190096,1.442620937116384,4472.14998925721,0.4647579418948521,95.04903363222265,0.46462388998804927,95.02161827672336,-0.03630098179099531,-7.424022115829997,4.622692769049659,2.2554615320775437,0.0,2092026.5433654126,2.7705732993900654,0.0,0.0,0.0,shutdown,False,False,2092026.5433654126,5600902.630078219,2513071.9934324254,2801287.5975467507,2500177.289855614,2803954.4670202713,False,False,0,0,True,3.63382692588e-06,1,0,36,0,True,7.7264555148e-06,1,0
48.300000000000004,-2849.1546171600444,23830.866053686088,-76.45821867808678,419.4561526492569,426.36759163747763,419.4561526492569,10.083686062528184,0.0,428.29074852423605,-10.259359917091237,100.33042499502511,101.65764976547263,101.41960513543046,-0.23804463004215695,0.0015337423750817652,0.0015337423750817652,172.43963221298705,4.078449901359348,2335.4822178547074,33164.575106190096,1.4391165041776863,4421.784116406672,0.4654649966500157,94.12155372542092,0.46530350499856155,94.0888985413406,-0.03983668293388027,-8.055365107986889,4.621422949061812,2.2501991201925575,0.0,2092026.5433654126,2.7705732993900654,0.0,0.0,0.0,shutdown,False,False,2092026.5433654126,5600902.630078219,2513071.9934324254,2801287.5975467507,2500177.289855614,2803954.4670202713,False,False,0,0,True,3.63382692588e-06,1,0,36,0,True,7.7264555148e-06,1,0
48.400000000000006,-2856.7996634890696,23872.760387432376,-76.44270790241787,418.4305222764624,425.35583875622007,418.4305222764624,10.122180411381796,0.0,427.29098031825305,-10.253247538807324,100.35314383245348,101.68845737583682,101.42894944264914,-0.2595079331876885,0.001728036170591569,0.001728036170591569,172.43963221298705,4.078449901359348,2335.4822178547074,33164.575106190096,1.4356217196326886,4372.064939821894,0.46617366690473966,93.20492617641928,0.46598182458132725,93.16656997815976,-0.04341156916868219,-8.67953809239156,4.620131715728405,2.244847966718016,0.0,2092026.5433654126,2.7705732993900654,0.0,0.0,0.0,shutdown,False,False,2092026.5433654126,5600902.630078219,2513071.9934324254,2801287.5975467507,2500177.289855614,2803954.4670202713,False,False,0,0,True,3.63382692588e-06,1,0,36,0,True,7.7264555148e-06,1,0
48.5,-2864.4431437253224,23914.552188904807,-76.42689682264418,417.40550717217724,424.344704191771,417.40550717217724,10.206148846254443,0.0,426.30111660601125,-10.247054546906535,100.37591615535159,101.72533757248445,101.43945169920504,-0.28588587327941123,0.00193794294520379,0.00193794294520379,172.43963221298705,4.078449901359348,2335.4822178547074,33164.575106190096,1.4321612132380663,4323.133341574758,0.46690476622643684,92.30632558896481,0.4666720700304768,92.26032192316119,-0.047800238384681226,-9.450030684472996,4.618461147240589,2.2379247653594754,0.0,2092026.5433654126,2.7705732993900654,0.0,0.0,0.0,shutdown,False,False,2092026.5433654126,5600902.630078219,2513071.9934324254,2801287.5975467507,2500177.289855614,2803954.4670202713,False,False,0,0,True,3.63382692588e-06,1,0,36,0,True,7.7264555148e-06,1,0
48.6,-2872.085026453855,23956.241519558796,-76.41075774800322,416.3811059075913,423.33418153564304,416.3811059075913,10.289911395906989,0.0,425.31192246024625,-10.240970744820915,100.39873859947696,101.76230215408414,101.45120391004973,-0.3110982440344157,0.002164352527364375,0.002164352527364375,172.43963221298705,4.078449901359348,2335.4822178547074,33164.575106190096,1.4287039519118634,4274.794947699057,0.4676320209483631,91.41638729230455,0.467356616142494,91.36254899366872,-0.05199107819741509,-10.163625088377357,4.616878677139902,2.2313666629944224,0.0,2092026.5433654126,2.7705732993900654,0.0,0.0,0.0,shutdown,False,False,2092026.5433654126,5600902.630078219,2513071.9934324254,2801287.5975467507,2500177.289855614,2803954.4670202713,False,False,0,0,True,3.63382692588e-06,1,0,36,0,True,7.7264555148e-06,1,0
48.7,-2879.7252804132845,23997.82844023446,-76.3943214405913,415.35730760571647,422.3242656180653,415.35730760571647,10.3734681825799,0.0,424.3233935308784,-10.234995292682342,100.42161580055699,101.79935593372954,101.4642966647855,-0.33505926894404875,0.002405881038538324,0.002405881038538324,172.43963221298705,4.078449901359348,2335.4822178547074,33164.575106190096,1.4252499145961992,4227.033076269961,0.4683545447529447,90.53466734505322,0.46803524040450367,90.47294463243776,-0.05597048161143602,-10.819301297709718,4.615390548587497,2.2251995326487726,0.0,2092026.5433654126,2.7705732993900654,0.0,0.0,0.0,shutdown,False,False,2092026.5433654126,5600902.630078219,2513071.9934324254,2801287.5975467507,2500177.289855614,2803954.4670202713,False,False,0,0,True,3.63382692588e-06,1,0,36,0,True,7.7264555148e-06,1,0
48.800000000000004,-2887.3638774401375,24039.313010682738,-76.37761909646763,414.3341013597849,421.3149513706647,414.3341013597849,10.456819326325254,0.0,423.3355256127488,-10.229129625955363,100.44455249821353,101.83650382825309,101.47881263319499,-0.3576911950580958,0.0026611478186852004,0.0026611478186852004,172.43963221298705,4.078449901359348,2335.4822178547074,33164.575106190096,1.4217990874387825,4179.852749221962,0.4690714804462917,89.66119776907838,0.4687077524701096,89.5916725743776,-0.05972619313639445,-11.416430625245807,4.614002393450002,2.2194467140101684,0.0,2092026.5433654126,2.7705732993900654,0.0,0.0,0.0,shutdown,False,False,2092026.5433654126,5600902.630078219,2513071.9934324254,2801287.5975467507,2500177.289855614,2803954.4670202713,False,False,0,0,True,3.63382692588e-06,1,0,36,0,True,7.7264555148e-06,1,0
48.900000000000006,-2895.000792503651,24080.69528956467,-76.36068217380648,413.31147627881893,420.3062338412622,413.31147627881893,10.539964945005305,0.0,422.3483146568066,-10.223371993369323,100.46755351296441,101.87375083524137,101.49482660235265,-0.37892423288870875,0.0029287819435985084,0.0029287819435985084,172.43963221298705,4.078449901359348,2335.4822178547074,33164.575106190096,1.4183514494334122,4133.234439273061,0.4697820112417586,88.79549803827972,0.46937399464275054,88.71837708377352,-0.06324728435504146,-11.954638490796674,4.61271924981377,2.2141290860108658,0.0,2092026.5433654126,2.7705732993900654,0.0,0.0,0.0,shutdown,False,False,2092026.5433654126,5600902.630078219,2513071.9934324254,2801287.5975467507,2500177.289855614,2803954.4670202713,False,False,0,0,True,3.63382692588e-06,1,0,36,0,True,7.7264555148e-06,1,0
49.0,-2902.6360037242553,24121.975334456125,-76.34354223828288,412.28942155034633,419.29810822827193,412.28942155034633,10.622905154301975,0.0,421.36175680097784,-10.217722576088132,100.49062372477648,101.91110201153361,101.51240554855754,-0.3986964629760652,0.0032074278625284663,0.0032074278625284663,172.43963221298705,4.078449901359348,2335.4822178547074,33164.575106190096,1.4149069859474455,4087.1770108324235,0.47048536647768,87.93749542482472,0.47003383755987305,87.85310104197474,-0.06652412477565424,-12.433893453255974,4.611545578889512,2.2092651368842264,0.0,2092026.5433654126,2.7705732993900654,0.0,0.0,0.0,shutdown,False,False,2092026.5433654126,5600902.630078219,2513071.9934324254,2801287.5975467507,2500177.289855614,2803954.4670202713,False,False,0,0,True,3.63382692588e-06,1,0,36,0,True,7.7264555148e-06,1,0
49.1,-2910.26949237549,24163.153201853504,-76.32623078640572,411.2679263972293,418.2905698066076,411.2679263972293,10.70564006772829,0.0,420.3758482922722,-10.212180486256086,100.51376805097297,101.94856245144777,101.53160874079879,-0.41695371064899034,0.003495750767534124,0.003495750767534124,172.43963221298705,4.078449901359348,2335.4822178547074,33164.575106190096,1.4114656804655117,4041.672216279681,0.4711808301748212,87.08697934412835,0.47068717958940215,86.99573934542201,-0.06954834847795131,-12.854418515011236,4.610485285762564,2.2048710501583737,0.0,2092026.5433654126,2.7705732993900654,0.0,0.0,0.0,shutdown,False,False,2092026.5433654126,5600902.630078219,2513071.9934324254,2801287.5975467507,2500177.289855614,2803954.4670202713,False,False,0,0,True,3.63382692588e-06,1,0,36,0,True,7.7264555148e-06,1,0
49.2,-2917.9012428710835,24204.22894718149,-76.30877912546923,410.2469801625,417.2836139894188,410.2469801625,10.788169796643993,0.0,419.390585545255,-10.206744206633866,100.53699142827446,101.9861372686759,101.55248787089941,-0.433649397776491,0.0037924405366305558,0.0037924405366305558,172.43963221298705,4.078449901359348,2335.4822178547074,33164.575106190096,1.4080275158341486,3996.708212305734,0.47186774707899387,86.24367646478369,0.4713339446491716,86.14611293275868,-0.0723128181133304,-13.216676342532011,4.6095417400901955,2.2009607904303667,0.0,2092026.5433654126,2.7705732993900654,0.0,0.0,0.0,shutdown,False,False,2092026.5433654126,5600902.630078219,2513071.9934324254,2801287.5975467507,2500177.289855614,2803954.4670202713,False,False,0,0,True,3.63382692588e-06,1,0,36,0,True,7.7264555148e-06,1,0
49.300000000000004,-2925.5312427382064,24245.202624802794,-76.2912182169859,409.22657226357563,416.2772362544309,409.22657226357563,10.870494450275086,0.0,418.40596506465545,-10.201413770436291,100.56029879291226,102.02383157672796,101.57508720677531,-0.4487443699526481,0.004096215859336353,0.004096215859336353,172.43963221298705,4.078449901359348,2335.4822178547074,33164.575106190096,1.404592479943547,3952.2877688883837,0.4725455270023055,85.40764366064538,0.471974079326619,85.30436049179316,-0.07481158612120128,-13.521408888706016,4.608717797197366,2.1975461907916216,0.0,2092026.5433654126,2.7705732993900654,0.0,0.0,0.0,shutdown,False,False,2092026.5433654126,5600902.630078219,2513071.9934324254,2801287.5975467507,2500177.289855614,2803954.4670202713,False,False,0,0,True,3.63382692588e-06,1,0,36,0,True,7.7264555148e-06,1,0
49.400000000000006,-2933.1594825776647,24286.07428802831,-76.27357857217761,408.2066922467522,415.27143217808856,408.2066922467522,10.952614135734267,0.0,417.4219834763766,-10.19618656487846,100.58369506499747,102.06165047325258,101.59944376544298,-0.4622067078096126,0.004405827004781978,0.004405827004781978,172.43963221298705,4.078449901359348,2335.4822178547074,33164.575106190096,1.4011605542287064,3908.392713808627,0.4732136511767946,84.57850118455805,0.47260755303160773,84.47017194983887,-0.07703985472479717,-13.769500156843668,4.608015820775583,2.1946370468969523,0.0,2092026.5433654126,2.7705732993900654,0.0,0.0,0.0,shutdown,False,False,2092026.5433654126,5600902.630078219,2513071.9934324254,2801287.5975467507,2500177.289855614,2803954.4670202713,False,False,0,0,True,3.63382692588e-06,1,0,36,0,True,7.7264555148e-06,1,0
49.5,-2940.7859561708315,24326.843989247718,-76.2558932911639,407.1873321414507,414.26620030857634,407.1873321414507,11.034528958283314,0.0,416.43864046574606,-10.191015540252808,100.60718550146738,102.09959938074586,101.62558771843982,-0.47401166230603936,0.004720134180850084,0.004720134180850084,172.43963221298705,4.078449901359348,2335.4822178547074,33164.575106190096,1.3977317367154383,3865.0242278491787,0.47381436504051294,83.74617287301601,0.4731774651824703,83.63360151691143,-0.0789429626629044,-13.953082654449194,4.608033149253167,2.1947088598997886,0.0,2092026.5433654126,2.7705732993900654,0.0,0.0,0.0,shutdown,False,False,2092026.5433654126,5600902.630078219,2513071.9934324254,2801287.5975467507,2500177.289855614,2803954.4670202713,False,False,0,0,True,3.63382692588e-06,1,0,36,0,True,7.7264555148e-06,1,0
49.6,-2948.4106606578557,24367.511780115405,-76.23819644931434,406.1684852122827,413.26154064645857,406.1684852122827,11.116239021706651,0.0,415.4559372257196,-10.185923042444474,100.63077551131856,102.13768386761697,101.65354292766774,-0.48414093994922763,0.005038074701371867,0.005038074701371867,172.43963221298705,4.078449901359348,2335.4822178547074,33164.575106190096,1.394306026559904,3822.1716897464034,0.47437495918110933,82.91564290161949,0.4737113211546518,82.79964610930845,-0.08054074884022708,-14.077657010802922,4.608479160757962,2.1965572291695548,0.0,2092026.5433654126,2.7705732993900654,0.0,0.0,0.0,shutdown,False,False,2092026.5433654126,5600902.630078219,2513071.9934324254,2801287.5975467507,2500177.289855614,2803954.4670202713,False,False,0,0,True,3.63382692588e-06,1,0,36,0,True,7.7264555148e-06,1,0
49.7,-2956.033596392939,24408.07771150067,-76.2205182523564,405.15014249301737,412.2574503447695,405.15014249301737,11.1977444282113,0.0,414.473872050098,-10.18093134241487,100.6544700843045,102.17590909552592,101.68332705892647,-0.49258203659945793,0.005358548404847842,0.005358548404847842,172.43963221298705,4.078449901359348,2335.4822178547074,33164.575106190096,1.39088341391448,3779.8267453965295,0.47492448684581084,82.09202732231883,0.47423827587019124,81.9734138338176,-0.08185771326072702,-14.149334935690138,4.60905030284333,2.1989241669456354,0.0,2092026.5433654126,2.7705732993900654,0.0,0.0,0.0,shutdown,False,False,2092026.5433654126,5600902.630078219,2513071.9934324254,2801287.5975467507,2500177.289855614,2803954.4670202713,False,False,0,0,True,3.63382692588e-06,1,0,36,0,True,7.7264555148e-06,1,0
49.800000000000004,-2963.654766625531,24448.54183332287,-76.20288639947725,404.1322939509337,411.253925099391,404.1322939509337,11.279045278095637,0.0,413.4924417496448,-10.176039499013045,100.67827394313929,102.21427996626018,101.71495146771252,-0.49932849854765515,0.005680452741418686,0.005680452741418686,172.43963221298705,4.078449901359348,2335.4822178547074,33164.575106190096,1.3874638869191664,3737.9897386365947,0.4754628498058658,81.27541937664763,0.4747584745893075,81.15501377367009,-0.08289377984167813,-14.169827827975915,4.6097474213000975,2.201813178370284,0.0,2092026.5433654126,2.7705732993900654,0.0,0.0,0.0,shutdown,False,False,2092026.5433654126,5600902.630078219,2513071.9934324254,2801287.5975467507,2500177.289855614,2803954.4670202713,False,False,0,0,True,3.63382692588e-06,1,0,36,0,True,7.7264555148e-06,1,0
49.900000000000006,-2971.274177327136,24488.90419450781,-76.18532763261682,403.11492974784187,410.25096067175355,403.11492974784187,11.36014166966181,0.0,412.51164320654476,-10.17124456276569,100.70219172051088,102.25280129239059,101.74842129700811,-0.5043799953824813,0.0060027216843507375,0.0060027216843507375,172.43963221298705,4.078449901359348,2335.4822178547074,33164.575106190096,1.3840474284133717,3696.644869880032,0.4759900262740557,80.46557306606503,0.4752720742353167,80.34420408973732,-0.08364980524055499,-14.140904523219131,4.61057097795077,2.2052261773370168,0.0,2092026.5433654126,2.7705732993900654,0.0,0.0,0.0,shutdown,False,False,2092026.5433654126,5600902.630078219,2513071.9934324254,2801287.5975467507,2500177.289855614,2803954.4670202713,False,False,0,0,True,3.63382692588e-06,1,0,36,0,True,7.7264555148e-06,1,0
50.0,-2978.8918370924403,24529.164843007202,-76.16786767347507,402.0980402400698,409.24855287566845,402.0980402400698,11.441033699254788,0.0,411.5314733585288,-10.166545592794213,100.72622794924989,102.29147778756973,101.7837356892615,-0.5077420983082318,0.006324326678900067,0.006324326678900067,172.43963221298705,4.078449901359348,2335.4822178547074,33164.575106190096,1.3806340274589404,3655.7939335352858,0.47650606908772963,79.66263537028092,0.4757792414017497,79.54112378274523,-0.08412754046796173,-14.06450413890513,4.611521059147004,2.209163521705994,0.0,2092026.5433654126,2.7705732993900654,0.0,0.0,0.0,shutdown,False,False,2092026.5433654126,5600902.630078219,2513071.9934324254,2801287.5975467507,2500177.289855614,2803954.4670202713,False,False,0,0,True,3.63382692588e-06,1,0,36,0,True,7.7264555148e-06,1,0
50.1,-2986.5077570341937,24569.32382581722,-76.15053116159524,401.08161596028015,408.24669754635215,401.08161596028015,11.521721461299679,0.0,410.5519291652182,-10.161940003278454,100.75038705298422,102.33031405739015,101.82088800356603,-0.5094260538241212,0.006644277508091231,0.006644277508091231,172.43963221298705,4.078449901359348,2335.4822178547074,33164.575106190096,1.3772236685914108,3615.42548067992,0.47701110643602057,78.8664751039215,0.47628015375634036,78.74562328194851,-0.08432959273597385,-13.942605604566905,4.612597391141627,2.213624077009029,0.0,2092026.5433654126,2.7705732993900654,0.0,0.0,0.0,shutdown,False,False,2092026.5433654126,5600902.630078219,2513071.9934324254,2801287.5975467507,2500177.289855614,2803954.4670202713,False,False,0,0,True,3.63382692588e-06,1,0,36,0,True,7.7264555148e-06,1,0
50.2,-2994.1219506737575,24609.381188998963,-76.13334162967794,400.06564767457104,407.2453905902131,400.06564767457104,11.602205048342823,0.0,409.5730076557355,-10.15742571133348,100.77467333983552,102.3693145929647,101.85986603575967,-0.509448557205038,0.006961622446453801,0.006961622446453801,172.43963221298705,4.078449901359348,2335.4822178547074,33164.575106190096,1.3738163382025212,3575.5328333538455,0.4775053394618969,78.07707371283061,0.4767749990991971,77.95765549145905,-0.08425938895473495,-13.77728368405368,4.6137993481695965,2.218605249938866,0.0,2092026.5433654126,2.7705732993900654,0.0,0.0,0.0,shutdown,False,False,2092026.5433654126,5600902.630078219,2513071.9934324254,2801287.5975467507,2500177.289855614,2803954.4670202713,False,False,0,0,True,3.63382692588e-06,1,0,36,0,True,7.7264555148e-06,1,0
50.300000000000004,-3001.734433827208,24649.33697769884,-76.11632143932671,399.0501263229365,406.2446279125503,399.0501263229365,11.682484551092761,0.0,408.59470585372844,-10.153001321926187,100.79909099360758,102.4084837624856,101.90065224146623,-0.5078315210193769,0.007275449133047593,0.007275449133047593,172.43963221298705,4.078449901359348,2335.4822178547074,33164.575106190096,1.3704120248888811,3536.1155584642197,0.4779890400948962,77.29455709614845,0.47726397539121296,77.17730847654387,-0.0839211394414548,-13.570703007842095,4.615125961920315,2.2241030276045044,0.0,2092026.5433654126,2.7705732993900654,0.0,0.0,0.0,shutdown,False,False,2092026.5433654126,5600902.630078219,2513071.9934324254,2801287.5975467507,2500177.289855614,2803954.4670202713,False,False,0,0,True,3.63382692588e-06,1,0,36,0,True,7.7264555148e-06,1,0
50.400000000000006,-3009.345224487553,24689.1912361685,-76.09949176757516,398.0350430702038,405.2444054631504,398.0350430702038,11.762560058460274,0.0,407.61702082099066,-10.14866373342384,100.82364406899211,102.44782580633027,101.94322396149553,-0.5046018448347295,0.007584884521927515,0.007584884521927515,172.43963221298705,4.078449901359348,2335.4822178547074,33164.575106190096,1.3670107123840887,3497.1593199066297,0.47846254938135385,76.51875462011563,0.4777472919408806,76.4043661300477,-0.08331980265360606,-13.325029393609215,4.61657593255924,2.2301120232071767,0.0,2092026.5433654126,2.7705732993900654,0.0,0.0,0.0,shutdown,False,False,2092026.5433654126,5600902.630078219,2513071.9934324254,2801287.5975467507,2500177.289855614,2803954.4670202713,False,False,0,0,True,3.63382692588e-06,1,0,36,0,True,7.7264555148e-06,1,0
50.5,-3016.9543427047233,24728.944007786904,-76.08287257583967,397.020389297908,404.24471922049133,397.020389297908,11.842431657602734,0.0,406.63994963948863,-10.144411713307113,100.84833648581896,102.48734483145635,101.98755364796949,-0.499791183486856,0.007889095185018164,0.007889095185018164,172.43963221298705,4.078449901359348,2335.4822178547074,33164.575106190096,1.3636123902479602,3458.665838002818,0.47892627267726623,75.74985249240898,0.47822516805283005,75.6389615788955,-0.08246105089831662,-13.042534515799636,4.618147632760314,2.23662549275162,0.0,2092026.5433654126,2.7705732993900654,0.0,0.0,0.0,shutdown,False,False,2092026.5433654126,5600902.630078219,2513071.9934324254,2801287.5975467507,2500177.289855614,2803954.4670202713,False,False,0,0,True,3.63382692588e-06,1,0,36,0,True,7.7264555148e-06,1,0
50.6,-3024.5618104625623,24768.595335081158,-76.06648258094002,396.00615658719073,403.2455651674239,396.00615658719073,11.92209943396595,0.0,405.66348938492416,-10.140242501959746,100.8731720237588,102.52704480628877,102.03360909220585,-0.4934357140829109,0.008187287622844245,0.008187287622844245,172.43963221298705,4.078449901359348,2335.4822178547074,33164.575106190096,1.3602170434949685,3420.6243683414928,0.47938067736944473,74.98776940264835,0.47869783474440397,74.88095482350046,-0.0813512360465185,-12.72547688561795,4.619839118617505,2.2436353802658804,0.0,2092026.5433654126,2.7705732993900654,0.0,0.0,0.0,shutdown,False,False,2092026.5433654126,5600902.630078219,2513071.9934324254,2801287.5975467507,2500177.289855614,2803954.4670202713,False,False,0,0,True,3.63382692588e-06,1,0,36,0,True,7.7264555148e-06,1,0
50.7,-3032.16765155458,24808.145259749093,-76.05033925941649,394.99233677150596,402.24693934160285,394.99233677150596,12.001563471329558,0.0,404.6876371755376,-10.136153812754388,100.89815431973618,102.56692955800227,102.08135365279075,-0.4855759052115273,0.008478708019641547,0.008478708019641547,172.43963221298705,4.078449901359348,2335.4822178547074,33164.575106190096,1.356824658798994,3383.028444218681,0.4798262877252163,74.23252137427754,0.4791655340454227,74.13029810532963,-0.0799973564765121,-12.37615701024107,4.621648134041461,2.2511323360220183,0.0,2092026.5433654126,2.7705732993900654,0.0,0.0,0.0,shutdown,False,False,2092026.5433654126,5600902.630078219,2513071.9934324254,2801287.5975467507,2500177.289855614,2803954.4670202713,False,False,0,0,True,3.63382692588e-06,1,0,36,0,True,7.7264555148e-06,1,0
50.800000000000004,-3039.7718914581105,24847.59382268141,-76.03445881118986,393.9789218748146,401.24883776573336,393.9789218748146,12.080823851851488,0.0,403.71239010021594,-10.132144122179202,100.92328686268648,102.6070027676546,102.13074648455141,-0.4762562831031955,0.008762642802499622,0.008762642802499622,172.43963221298705,4.078449901359348,2335.4822178547074,33164.575106190096,1.3534352252063,3345.878242193412,0.4802636800786839,73.48427306633852,0.4796285190392558,73.38708822976126,-0.07840702376032604,-11.996916242716349,4.623572117018916,2.2591057424764514,0.0,2092026.5433654126,2.7705732993900654,0.0,0.0,0.0,shutdown,False,False,2092026.5433654126,5600902.630078219,2513071.9934324254,2801287.5975467507,2500177.289855614,2803954.4670202713,False,False,0,0,True,3.63382692588e-06,1,0,36,0,True,7.7264555148e-06,1,0
50.900000000000006,-3047.374557207207,24886.941063983042,-76.01885617073746,392.96590415778644,400.2512564927859,392.96590415778644,12.159880656110907,0.0,402.7377452622552,-10.128210219571093,100.94857299200541,102.6472679685259,102.18174276847428,-0.4655252000516084,0.009038418412223354,0.009038418412223354,172.43963221298705,4.078449901359348,2335.4822178547074,33164.575106190096,1.3500487266292125,3309.1601107946226,0.48069347882620483,72.74288750868526,0.48008705503386423,72.65111797227186,-0.07658842977387402,-11.59005432133614,4.625608208483508,2.267543751032575,0.0,2092026.5433654126,2.7705732993900654,0.0,0.0,0.0,shutdown,False,False,2092026.5433654126,5600902.630078219,2513071.9934324254,2801287.5975467507,2500177.289855614,2803954.4670202713,False,False,0,0,True,3.63382692588e-06,1,0,36,0,True,7.7264555148e-06,1,0
51.0,-3054.975677265929,24926.18702299671,-76.00354500370644,391.95327611559503,399.2541916008876,391.95327611559503,12.238733963155536,0.0,401.76369977265665,-10.124350625516206,100.97401589523207,102.68772854390163,102.23429394125863,-0.4534346026430035,0.009305401405199733,0.009305401405199733,172.43963221298705,4.078449901359348,2335.4822178547074,33164.575106190096,1.3466651524959246,3272.875068030323,0.4811163494290813,72.00855042738887,0.48054141799365646,71.92250059909014,-0.0745503142422915,-11.157924832244843,4.6277532548153415,2.2764332923994757,0.0,2092026.5433654126,2.7705732993900654,0.0,0.0,0.0,shutdown,False,False,2092026.5433654126,5600902.630078219,2513071.9934324254,2801287.5975467507,2500177.289855614,2803954.4670202713,False,False,0,0,True,3.63382692588e-06,1,0,36,0,True,7.7264555148e-06,1,0
51.1,-3062.575281401015,24965.331738325076,-75.98853769801957,390.94103045170414,398.257639163549,390.94103045170414,12.317383850546165,0.0,400.79025071872906,-10.120562653623931,100.99961860558358,102.72838772481782,102.28834792596551,-0.4400397988523111,0.009562998733955818,0.009562998733955818,172.43963221298705,4.078449901359348,2335.4822178547074,33164.575106190096,1.3432844884256299,3237.014285645085,0.48153299400319177,71.28123096610098,0.48099189575182716,71.20113230222704,-0.07230193166448146,-10.702840209194452,4.6300038177375304,2.2857601176053977,0.0,2092026.5433654126,2.7705732993900654,0.0,0.0,0.0,shutdown,False,False,2092026.5433654126,5600902.630078219,2513071.9934324254,2801287.5975467507,2500177.289855614,2803954.4670202713,False,False,0,0,True,3.63382692588e-06,1,0,36,0,True,7.7264555148e-06,1,0
51.2,-3070.173400555419,25004.37524785424,-75.97384539005485,389.9291601315637,397.26159530498114,389.9291601315637,12.395830394403864,0.0,399.8173952183134,-10.116843750562216,101.02538400222834,102.76924859016671,102.34384936271567,-0.4253992274510442,0.009810657483599848,0.009810657483599848,172.43963221298705,4.078449901359348,2335.4822178547074,33164.575106190096,1.339906720593862,3201.5702538908617,0.4819441446728382,70.5609256850729,0.4814387870975047,70.48693682409878,-0.06985301876163466,-10.227105610057002,4.632356179574297,2.295508819788435,0.0,2092026.5433654126,2.7705732993900654,0.0,0.0,0.0,shutdown,False,False,2092026.5433654126,5600902.630078219,2513071.9934324254,2801287.5975467507,2500177.289855614,2803954.4670202713,False,False,0,0,True,3.63382692588e-06,1,0,36,0,True,7.7264555148e-06,1,0
51.300000000000004,-3077.770066722416,25043.317588776816,-75.95947794987921,388.9176583199365,396.2660561333522,388.9176583199365,12.474073669456336,0.0,398.84513035145926,-10.11319248340816,101.05131480795981,102.81031406474442,102.40073984009796,-0.4095742246464523,0.01004786538344734,0.01004786538344734,172.43963221298705,4.078449901359348,2335.4822178547074,33164.575106190096,1.3365318387167604,3166.544920485895,0.48235055689693185,69.84783716501565,0.481882400894525,69.78004480164759,-0.06721376120859505,-9.733037064056628,4.634806349762594,2.305662861182123,0.0,2092026.5433654126,2.7705732993900654,0.0,0.0,0.0,shutdown,False,False,2092026.5433654126,5600902.630078219,2513071.9934324254,2801287.5975467507,2500177.289855614,2803954.4670202713,False,False,0,0,True,3.63382692588e-06,1,0,36,0,True,7.7264555148e-06,1,0
51.400000000000006,-3085.3653128203327,25082.158797613807,-75.94544400845827,387.90651841986636,395.27101778180497,387.90651841986636,12.55211374908189,0.0,397.87345320047586,-10.109605519462939,101.07741359000472,102.85158691995237,102.45895812766985,-0.3926287922825178,0.010274150676597607,0.010274150676597607,172.43963221298705,4.078449901359348,2335.4822178547074,33164.575106190096,1.3331598264347808,3131.9246616131113,0.4827530044821034,69.14182158239052,0.4823230568713086,69.08024276108989,-0.0643947600808462,-9.22287582058077,4.637350076448941,2.3162046211752716,0.0,2092026.5433654126,2.7705732993900654,0.0,0.0,0.0,shutdown,False,False,2092026.5433654126,5600902.630078219,2513071.9934324254,2801287.5975467507,2500177.289855614,2803954.4670202713,False,False,0,0,True,3.63382692588e-06,1,0,36,0,True,7.7264555148e-06,1,0
51.5,-3092.9591725697182,25120.89891023917,-75.93175097926434,386.8957340874861,394.2764764246934,386.8957340874861,12.629950705358777,0.0,396.9023608652019,-10.106081129645622,101.10368276070785,102.89306977447788,102.51844040813694,-0.3746293663409428,0.010489082138315215,0.010489082138315215,172.43963221298705,4.078449901359348,2335.4822178547074,33164.575106190096,1.3297906726773443,3097.709271807937,0.48315227143304973,68.44302665456846,0.48276108316787014,68.38761118734686,-0.06140699835693471,-8.698874193129228,4.639982851419603,2.327115416743701,0.0,2092026.5433654126,2.7705732993900654,0.0,0.0,0.0,shutdown,False,False,2092026.5433654126,5600902.630078219,2513071.9934324254,2801287.5975467507,2500177.289855614,2803954.4670202713,False,False,0,0,True,3.63382692588e-06,1,0,36,0,True,7.7264555148e-06,1,0
51.6,-3100.5516803717082,25159.5379619029,-75.918405060533,385.88529918706314,393.2824282314484,385.88529918706314,12.707584609111574,0.0,395.9318504157163,-10.102616880345458,101.13012457713795,102.93476509418394,102.57912051071673,-0.3556445834672147,0.010692269470989462,0.010692269470989462,172.43963221298705,4.078449901359348,2335.4822178547074,33164.575106190096,1.3264243640280737,3063.892844150336,0.4835491465100337,67.75146938536838,0.4831968164594685,67.70210340301333,-0.05826180631847864,-8.163230181693145,4.642699922935155,2.3383755556394834,0.0,2092026.5433654126,2.7705732993900654,0.0,0.0,0.0,shutdown,False,False,2092026.5433654126,5600902.630078219,2513071.9934324254,2801287.5975467507,2500177.289855614,2803954.4670202713,False,False,0,0,True,3.63382692588e-06,1,0,36,0,True,7.7264555148e-06,1,0
51.7,-3108.142871188608,25198.075987254593,-75.90541127745377,384.8752078467577,392.2888694269624,384.8752078467577,12.785015529958544,0.0,394.9619189521515,-10.09920992731651,101.15674114358534,102.97667519439442,102.64093014505491,-0.335745049339511,0.010883363102109089,0.010883363102109089,172.43963221298705,4.078449901359348,2335.4822178547074,33164.575106190096,1.3230608858250517,3030.4662213116467,0.48394441652702996,67.06708897403084,0.4836306006201893,67.02359902223724,-0.054970826937031494,-7.618092523144186,4.6454963063758825,2.3499643805078096,0.0,2092026.5433654126,2.7705732993900654,0.0,0.0,0.0,shutdown,False,False,2092026.5433654126,5600902.630078219,2513071.9934324254,2801287.5975467507,2500177.289855614,2803954.4670202713,False,False,0,0,True,3.63382692588e-06,1,0,36,0,True,7.7264555148e-06,1,0
51.800000000000004,-3115.7327804268616,25236.513020367103,-75.8927734876156,383.86545440344605,391.2957962360529,383.86545440344605,12.862243536359147,0.0,393.99256354820983,-10.095858940484698,101.18353441194799,103.01880224060574,102.7037991356781,-0.31500310492764894,0.011062054573489164,0.011062054573489164,172.43963221298705,4.078449901359348,2335.4822178547074,33164.575106190096,1.3197002283760333,2997.432767698249,0.48433885894699996,66.39009500699201,0.4840627844377228,66.35225246646209,-0.05154598047776322,-7.065595662894627,4.648366794359247,2.3618603108159926,0.0,2092026.5433654126,2.7705732993900654,0.0,0.0,0.0,shutdown,False,False,2092026.5433654126,5600902.630078219,2513071.9934324254,2801287.5975467507,2500177.289855614,2803954.4670202713,False,False,0,0,True,3.63382692588e-06,1,0,36,0,True,7.7264555148e-06,1,0
51.900000000000006,-3123.3214438220693,25274.849094758585,-75.88049441653371,382.85603342614905,390.3032049108772,382.85603342614905,12.939268695658338,0.0,393.0237812780678,-10.092560607034484,101.21050618423725,103.06114825092945,102.76765565747667,-0.29349259345278833,0.01122807651164286,0.01122807651164286,172.43963221298705,4.078449901359348,2335.4822178547074,33164.575106190096,1.3163423753973678,2964.779655002562,0.48473323720134376,65.72033165221437,0.48449372175137145,65.68785804900348,-0.047999428423866695,-6.507782246058245,4.6513059744252,2.3740409161452627,0.0,2092026.5433654126,2.7705732993900654,0.0,0.0,0.0,shutdown,False,False,2092026.5433654126,5600902.630078219,2513071.9934324254,2801287.5975467507,2500177.289855614,2803954.4670202713,False,False,0,0,True,3.63382692588e-06,1,0,36,0,True,7.7264555148e-06,1,0
52.0,-3130.9088973279127,25313.084243417452,-75.86857570033666,381.84693975120257,389.31109177129315,381.84693975120257,13.01609107413671,0.0,392.05556925641,-10.089312891893709,101.23765811580999,103.10371509918726,102.83242647070188,-0.2712886284853781,0.011381202487844676,0.011381202487844676,172.43963221298705,4.078449901359348,2335.4822178547074,33164.575106190096,1.3129873150061375,2932.50458793954,0.4851282928821772,65.05786830534183,0.4849237681115073,65.03044062117942,-0.04434353739041636,-5.946666187204551,4.654308239771988,2.3864829606823057,0.0,2092026.5433654126,2.7705732993900654,0.0,0.0,0.0,shutdown,False,False,2092026.5433654126,5600902.630078219,2513071.9934324254,2801287.5975467507,2500177.289855614,2803954.4670202713,False,False,0,0,True,3.63382692588e-06,1,0,36,0,True,7.7264555148e-06,1,0
52.1,-3138.4951770076814,25351.218498825903,-75.85701789503928,380.8381684178185,388.3194531410537,380.8381684178185,13.092710737057768,0.0,391.08792457395356,-10.086113775784522,101.26499171667157,103.14650451657968,102.89803715662134,-0.24846735995835154,0.011521247387880811,0.011521247387880811,172.43963221298705,4.078449901359348,2335.4822178547074,33164.575106190096,1.309635035313768,2900.605404062318,0.48552474040863236,64.40276920760887,0.4853532795284174,64.38002565907759,-0.04059084193409168,-5.384200654375882,4.657367806990555,2.399162476714493,0.0,2092026.5433654126,2.7705732993900654,0.0,0.0,0.0,shutdown,False,False,2092026.5433654126,5600902.630078219,2513071.9934324254,2801287.5975467507,2500177.289855614,2803954.4670202713,False,False,0,0,True,3.63382692588e-06,1,0,36,0,True,7.7264555148e-06,1,0
52.2,-3146.080318928859,25389.251892982626,-75.84582052850857,379.82971471661676,387.3282854031567,379.82971471661676,13.169127748713542,0.0,390.1208443527505,-10.082960248247907,101.2925083557489,103.18951809574317,102.96441235340454,-0.22510574233861966,0.011648067122643194,0.011648067122643194,172.43963221298705,4.078449901359348,2335.4822178547074,33164.575106190096,1.306285521140464,2869.0718798655207,0.4859232618266359,63.75491101805789,0.4857826109237195,63.736457104642966,-0.03675400723166727,-4.822260312880451,4.660478734529032,2.4120548411507823,0.0,2092026.5433654126,2.7705732993900654,0.0,0.0,0.0,shutdown,False,False,2092026.5433654126,5600902.630078219,2513071.9934324254,2801287.5975467507,2500177.289855614,2803954.4670202713,False,False,0,0,True,3.63382692588e-06,1,0,36,0,True,7.7264555148e-06,1,0
52.300000000000004,-3153.664359061798,25427.184457426883,-75.83498213027413,378.82157416852306,386.3375849826377,378.82157416852306,13.24534217247298,0.0,389.154325728753,-10.07985071362293,101.32020926401314,103.23275729400473,103.03147599117295,-0.20128130283177054,0.011761558625826238,0.011761558625826238,172.43963221298705,4.078449901359348,2335.4822178547074,33164.575106190096,1.3029387621649577,2837.905264475974,0.486324500258837,63.11441600042167,0.48621211277272675,63.09983053218425,-0.03284579139352769,-4.262674285936321,4.663634938265365,2.4251348400580897,0.0,2092026.5433654126,2.7705732993900654,0.0,0.0,0.0,shutdown,False,False,2092026.5433654126,5600902.630078219,2513071.9934324254,2801287.5975467507,2500177.289855614,2803954.4670202713,False,False,0,0,True,3.63382692588e-06,1,0,36,0,True,7.7264555148e-06,1,0
52.400000000000006,-3161.2473331769143,25465.016223239498,-75.82450017204633,377.8137420837723,385.347347900156,377.8137420837723,13.32135407078393,0.0,388.1883654052851,-10.076790981388994,101.34809553692786,103.27622343809777,103.09915152474434,-0.17707191335343517,0.011861659051464251,0.011861659051464251,172.43963221298705,4.078449901359348,2335.4822178547074,33164.575106190096,1.299594742623739,2807.097383407849,0.48674082571123267,62.48269871652255,0.48665390012947995,62.47154011907497,-0.028878859466613442,-3.7071660728120457,4.666824425348821,2.4383527724387615,0.0,2092026.5433654126,2.7705732993900654,0.0,0.0,0.0,shutdown,False,False,2092026.5433654126,5600902.630078219,2513071.9934324254,2801287.5975467507,2500177.289855614,2803954.4670202713,False,False,0,0,True,3.63382692588e-06,1,0,36,0,True,7.7264555148e-06,1,0
52.5,-3168.8292767122266,25502.74722089269,-75.81437053421301,376.80621098006895,384.35756713333376,376.80621098006895,13.397163504871425,0.0,387.2229570141251,-10.073831092676409,101.37616813080786,103.31991773393698,103.16736215315375,-0.15255558078323284,0.011948341960505742,0.011948341960505742,172.43963221298705,4.078449901359348,2335.4822178547074,33164.575106190096,1.2962534372746137,2776.6420156341337,0.4872462911400723,61.86898030233288,0.4871818118840009,61.860792932010455,-0.024865290551509486,-3.1573153029929824,4.670004941542599,2.451533527489644,0.0,2092026.5433654126,2.7705732993900654,0.0,0.0,0.0,shutdown,False,False,2092026.5433654126,5600902.630078219,2513071.9934324254,2801287.5975467507,2500177.289855614,2803954.4670202713,False,False,0,0,True,3.63382692588e-06,1,0,36,0,True,7.7264555148e-06,1,0
52.6,-3176.4102246540147,25540.37748014584,-75.80458830154826,375.79897408290736,383.3682362029135,375.79897408290736,13.47277053452827,0.0,386.25809470160135,-10.070906852059117,101.4044278752876,103.3638412616605,103.23603104649128,-0.1278102151692279,0.012021623688306267,0.012021623688306267,172.43963221298705,4.078449901359348,2335.4822178547074,33164.575106190096,1.2929148262537395,2746.5413642293033,0.4877560539851458,61.26230565586227,0.4877108260577453,61.25662501470989,-0.02081912243864955,-2.614887979149945,4.673212251299408,2.464825320928555,0.0,2092026.5433654126,2.7705732993900654,0.0,0.0,0.0,shutdown,False,False,2092026.5433654126,5600902.630078219,2513071.9934324254,2801287.5975467507,2500177.289855614,2803954.4670202713,False,False,0,0,True,3.63382692588e-06,1,0,36,0,True,7.7264555148e-06,1,0
52.7,-3183.9902114893353,25577.90703024915,-75.79514840485933,374.79202798326855,382.379351902696,374.79202798326855,13.548175218524207,0.0,385.29377585925755,-10.068015142191019,101.43287548680732,103.4079949750213,103.30508159918686,-0.10291337583444043,0.01208156620889227,0.01208156620889227,172.43963221298705,4.078449901359348,2335.4822178547074,33164.575106190096,1.289578894485033,2716.7837551831167,0.48827056065506924,60.6624766331727,0.4882412566815581,60.65883592297712,-0.016753126272660457,-2.08139956192402,4.676439923592689,2.478201501174226,0.0,2092026.5433654126,2.7705732993900654,0.0,0.0,0.0,shutdown,False,False,2092026.5433654126,5600902.630078219,2513071.9934324254,2801287.5975467507,2500177.289855614,2803954.4670202713,False,False,0,0,True,3.63382692588e-06,1,0,36,0,True,7.7264555148e-06,1,0
52.800000000000004,-3191.5692711591196,25615.335900124177,-75.78604499082554,373.78536951729063,381.3909111142122,373.78536951729063,13.623377614968671,0.0,384.3299979391135,-10.065154178806868,101.46151156631012,103.45237971485918,103.37443767327503,-0.07794204158414937,0.012128270773018642,0.012128270773018642,172.43963221298705,4.078449901359348,2335.4822178547074,33164.575106190096,1.2862456316684652,2687.3680408229684,0.48879019849339894,60.069520030516415,0.4887734016081656,60.067455789381704,-0.012679970497761227,-1.5582958581194046,4.6796814920066465,2.49163526998466,0.0,2092026.5433654126,2.7705732993900654,0.0,0.0,0.0,shutdown,False,False,2092026.5433654126,5600902.630078219,2513071.9934324254,2801287.5975467507,2500177.289855614,2803954.4670202713,False,False,0,0,True,3.63382692588e-06,1,0,36,0,True,7.7264555148e-06,1,0
52.900000000000006,-3199.1474369813177,25652.664118385503,-75.77727145313062,372.77899570921426,380.4029107549676,372.77899570921426,13.698377781354315,0.0,383.3667584023202,-10.062321984121741,101.49033660402627,103.49699621417686,103.44402382176709,-0.05297239240978135,0.012161877326344887,0.012161877326344887,172.43963221298705,4.078449901359348,2335.4822178547074,33164.575106190096,1.2829150267508609,2658.2912648043352,0.4893152944478639,59.48341310673738,0.4893075412435396,59.482470591633195,-0.00861218278381623,-1.0469364683532398,4.682930480192849,2.5050997879548316,0.0,2092026.5433654126,2.7705732993900654,0.0,0.0,0.0,shutdown,False,False,2092026.5433654126,5600902.630078219,2513071.9934324254,2801287.5975467507,2500177.289855614,2803954.4670202713,False,False,0,0,True,3.63382692588e-06,1,0,36,0,True,7.7264555148e-06,1,0
53.0,-3206.724741578578,25689.89171336171,-75.76882049207788,371.7729038149744,379.4153478310794,371.7729038149744,13.773175774599167,0.0,382.40405477248777,-10.059515902035884,101.5193509855364,103.5418451039476,103.51376550789278,-0.028079596054812014,0.012182563649374657,0.012182563649374657,172.43963221298705,4.078449901359348,2335.4822178547074,33164.575106190096,1.2795870663189304,2629.5447993830126,0.4898461136717422,58.903997121727244,0.4898439366905852,58.90373533973443,-0.004562112606423347,-0.5485940591086055,4.686180426214928,2.518568275406463,0.0,2092026.5433654126,2.7705732993900654,0.0,0.0,0.0,shutdown,False,False,2092026.5433654126,5600902.630078219,2513071.9934324254,2801287.5975467507,2500177.289855614,2803954.4670202713,False,False,0,0,True,3.63382692588e-06,1,0,36,0,True,7.7264555148e-06,1,0
53.1,-3214.3012168109644,25727.01871311708,-75.76068415565277,370.76709129238316,378.42821941439166,370.76709129238316,13.847771651090206,0.0,381.44188461348,-10.056734551103975,101.54855499737963,103.58692691885574,103.58358931929567,-0.0033375995600670727,0.012190544456065178,0.012190544456065178,172.43963221298705,4.078449901359348,2335.4822178547074,33164.575106190096,1.2762617415088815,2601.1298446347487,0.49038285724128794,58.33132438899997,0.49038282650680265,58.33132073311517,-0.0005418945305865158,-0.06445866771544548,4.689424903971074,2.5320141011675332,0.0,2092026.5433654126,2.7705732993900654,0.0,0.0,0.0,shutdown,False,False,2092026.5433654126,5600902.630078219,2513071.9934324254,2801287.5975467507,2500177.289855614,2803954.4670202713,False,False,0,0,True,3.63382692588e-06,1,0,36,0,True,7.7264555148e-06,1,0
53.2,-3221.8768936924866,25764.04514540075,-75.75285347479212,369.7615543810377,377.441521176267,369.7615543810377,13.922165466581237,0.0,380.480244060604,-10.054003677220454,101.5779488147715,103.63224209307724,103.65342327097098,0.02118117789372788,0.012186103272185382,0.012186103272185382,172.43963221298705,4.078449901359348,2335.4822178547074,33164.575106190096,1.2729390347426426,2573.0389144437268,0.49096863111740247,57.77030026500758,0.4909673949489332,57.77015481004545,0.0034346269801869955,0.4041387155267198,4.689203980671456,2.53109854667264,0.0,2092026.5433654126,2.7705732993900654,0.0,0.0,0.0,shutdown,False,False,2092026.5433654126,5600902.630078219,2513071.9934324254,2801287.5975467507,2500177.289855614,2803954.4670202713,False,False,0,0,True,3.63382692588e-06,1,0,36,0,True,7.7264555148e-06,1,0
53.300000000000004,-3229.451802313849,25800.971037636024,-75.7453189524495,368.7562903244523,376.455249660647,368.7562903244523,13.996357276171391,0.0,379.5191300925085,-10.051277455817996,101.60753250557309,103.67779095228609,103.7231973391757,0.045406386889604584,0.012169641181486045,0.012169641181486045,172.43963221298705,4.078449901359348,2335.4822178547074,33164.575106190096,1.2696189319907085,2545.266235600793,0.49153906758710775,57.21313990758039,0.491533394774737,57.21247961538952,0.007352973228392028,0.8558560525367284,4.688493616852307,2.5281546435680036,0.0,2092026.5433654126,2.7705732993900654,0.0,0.0,0.0,shutdown,False,False,2092026.5433654126,5600902.630078219,2513071.9934324254,2801287.5975467507,2500177.289855614,2803954.4670202713,False,False,0,0,True,3.63382692588e-06,1,0,36,0,True,7.7264555148e-06,1,0
53.400000000000006,-3237.0259718067728,25837.796417060556,-75.73807090602148,367.75129816615674,375.4694031308797,367.75129816615674,14.070347134586783,0.0,378.5585413827697,-10.048565711342272,101.63730605523136,103.72357373359284,103.7928440187807,0.06927028518785495,0.012141636262293741,0.012141636262293741,172.43963221298705,4.078449901359348,2335.4822178547074,33164.575106190096,1.266301428808222,2517.8144898823075,0.49211000152054074,56.66181024588771,0.4920968173589305,56.660292214429084,0.01120253677242101,1.2898661090207568,4.687808296656123,2.525314526716847,0.0,2092026.5433654126,2.7705732993900654,0.0,0.0,0.0,shutdown,False,False,2092026.5433654126,5600902.630078219,2513071.9934324254,2801287.5975467507,2500177.289855614,2803954.4670202713,False,False,0,0,True,3.63382692588e-06,1,0,36,0,True,7.7264555148e-06,1,0
53.5,-3244.59943030844,25874.521310798136,-75.73109912733355,366.74657658550154,374.4839793799184,366.74657658550154,14.144135096324764,0.0,377.59847611443377,-10.045865902930379,101.66726938103974,103.76959061147672,103.86229859466081,0.0927079831840918,0.012102584331389296,0.012102584331389296,172.43963221298705,4.078449901359348,2335.4822178547074,33164.575106190096,1.262986512832049,2490.672905321666,0.4926811768676299,56.11606268248377,0.49265759413477994,56.113376624690275,0.014973281315876216,1.705446914424991,4.687153430201593,2.522600616834832,0.0,2092026.5433654126,2.7705732993900654,0.0,0.0,0.0,shutdown,False,False,2092026.5433654126,5600902.630078219,2513071.9934324254,2801287.5975467507,2500177.289855614,2803954.4670202713,False,False,0,0,True,3.63382692588e-06,1,0,36,0,True,7.7264555148e-06,1,0
53.6,-3252.1722049186205,25911.145745850063,-75.72439307627464,365.7421244530446,373.49897631211326,365.7421244530446,14.217721215636558,0.0,376.63893256370295,-10.043176747294275,101.69742234325322,103.81584170572185,103.93149923252606,0.1156575268042109,0.012052995173188072,0.012052995173188072,172.43963221298705,4.078449901359348,2335.4822178547074,33164.575106190096,1.2596741761997554,2463.8397456989946,0.4932523164180138,55.5758502255611,0.4932156628306537,55.571720383260214,0.018655699387777683,2.1019796978501524,4.686534196844385,2.520034378305169,0.0,2092026.5433654126,2.7705732993900654,0.0,0.0,0.0,shutdown,False,False,2092026.5433654126,5600902.630078219,2513071.9934324254,2801287.5975467507,2500177.289855614,2803954.4670202713,False,False,0,0,True,3.63382692588e-06,1,0,36,0,True,7.7264555148e-06,1,0
53.7,-3259.744321668459,25947.66974911065,-75.71794192049818,364.73794075871695,372.5143918798108,364.73794075871695,14.291105546558455,0.0,375.6799090380482,-10.0404971402653,101.72776475252671,103.86232708918025,104.00038705067372,0.1380599614934745,0.011993389650650079,0.011993389650650079,172.43963221298705,4.078449901359348,2335.4822178547074,33164.575106190096,1.2563644114219639,2437.313799384741,0.49382312565898906,55.041136985562915,0.49377096768207124,55.03532349849993,0.022240815448176313,2.4789437880619696,4.685955542021462,2.5176363061007634,0.0,2092026.5433654126,2.7705732993900654,0.0,0.0,0.0,shutdown,False,False,2092026.5433654126,5600902.630078219,2513071.9934324254,2801287.5975467507,2500177.289855614,2803954.4670202713,False,False,0,0,True,3.63382692588e-06,1,0,36,0,True,7.7264555148e-06,1,0
53.800000000000004,-3267.315805494252,25984.093347380778,-75.71173459534991,363.7340246438353,371.5302241258965,363.7340246438353,14.364288142939,0.0,374.7214039202337,-10.03782515829637,101.75829637729316,103.90904679488419,104.06890617610377,0.15985938121957163,0.011924297136174017,0.011924297136174017,172.43963221298705,4.078449901359348,2335.4822178547074,33164.575106190096,1.2530572077805116,2411.0866297647617,0.49439329669940446,54.511723532688116,0.49432345963623414,54.504023309595915,0.025720186699070866,2.8359035527161147,4.685422175163292,2.5154259171319677,0.0,2092026.5433654126,2.7705732993900654,0.0,0.0,0.0,shutdown,False,False,2092026.5433654126,5600902.630078219,2513071.9934324254,2801287.5975467507,2500177.289855614,2803954.4670202713,False,False,0,0,True,3.63382692588e-06,1,0,36,0,True,7.7264555148e-06,1,0
53.900000000000006,-3274.8866802167736,26020.416567384767,-75.70575985507891,362.7303754359395,370.54647122747303,362.7303754359395,14.43726905847292,0.0,373.76341571321166,-10.035159000471399,101.78901694982947,103.95600082183486,104.1370037938039,0.18100297196903178,0.011846255696459593,0.011846255696459593,172.43963221298705,4.078449901359348,2335.4822178547074,33164.575106190096,1.2497525589973166,2385.1582392100036,0.49496084074270447,53.987418661716085,0.4948714259439827,53.97766582113601,0.02908562452286759,3.172488930229929,4.68490541856789,2.5132843647266565,0.0,2092026.5433654126,2.7705732993900654,0.0,0.0,0.0,shutdown,False,False,2092026.5433654126,5600902.630078219,2513071.9934324254,2801287.5975467507,2500177.289855614,2803954.4670202713,False,False,0,0,True,3.63382692588e-06,1,0,36,0,True,7.7264555148e-06,1,0
54.0,-3282.4569685270408,26056.639435817222,-75.70000635027743,361.72699321320704,369.56313206338586,361.72699321320704,14.510048346795237,0.0,372.80594360540493,-10.032485454952331,101.8199261595593,104.00318912507156,104.20463028652188,0.20144116145032284,0.011759843493637344,0.011759843493637344,172.43963221298705,4.078449901359348,2335.4822178547074,33164.575106190096,1.246450458896427,2359.5241150192023,0.4955064840990942,53.466073053362756,0.49539589341578333,53.454140112538234,0.03232616165688686,3.4880530853684677,4.684034194113836,2.5096738199522903,0.0,2092026.5433654126,2.7705732993900654,0.0,0.0,0.0,shutdown,False,False,2092026.5433654126,5600902.630078219,2513071.9934324254,2801287.5975467507,2500177.289855614,2803954.4670202713,False,False,0,0,True,3.63382692588e-06,1,0,36,0,True,7.7264555148e-06,1,0
54.1,-3290.0266919752085,26092.7619793838,-75.69446261307719,360.72387811827804,368.5802055387305,360.72387811827804,14.582626061563175,0.0,371.84898680009763,-10.029816444328082,101.85102367185173,104.05061163814658,104.27173936514183,0.22112772699525057,0.011665644104319042,0.011665644104319042,172.43963221298705,4.078449901359348,2335.4822178547074,33164.575106190096,1.2431509003830368,2334.1778575356166,0.4960505268045186,52.94980746996209,0.49591745046005664,52.935602532284754,0.035438095388331876,3.782760478054655,4.683222555736437,2.5063102129178993,0.0,2092026.5433654126,2.7705732993900654,0.0,0.0,0.0,shutdown,False,False,2092026.5433654126,5600902.630078219,2513071.9934324254,2801287.5975467507,2500177.289855614,2803954.4670202713,False,False,0,0,True,3.63382692588e-06,1,0,36,0,True,7.7264555148e-06,1,0
54.2,-3297.5958709587985,26128.78422477514,-75.68911705871851,359.7210297084998,367.5976899487697,359.7210297084998,14.655002256403801,0.0,370.8925438848407,-10.02715175186632,101.88230914878963,104.09826829752146,104.3382879950683,0.24001969754684516,0.011564209993846062,0.011564209993846062,172.43963221298705,4.078449901359348,2335.4822178547074,33164.575106190096,1.2398538781935584,2309.1209369918547,0.4965926410720912,52.43864773793479,0.49643607097679854,52.4221144198904,0.03841521884923495,4.056528354229607,4.682474123308277,2.5032085451675483,0.0,2092026.5433654126,2.7705732993900654,0.0,0.0,0.0,shutdown,False,False,2092026.5433654126,5600902.630078219,2513071.9934324254,2801287.5975467507,2500177.289855614,2803954.4670202713,False,False,0,0,True,3.63382692588e-06,1,0,36,0,True,7.7264555148e-06,1,0
54.300000000000004,-3305.1645247163087,26164.706198641306,-75.68395809148181,358.71844761481793,366.61558364529196,358.71844761481793,14.727176984862634,0.0,369.9366134961203,-10.024490122334244,101.91378224433748,104.14615903396945,104.40423629692422,0.2580772629547637,0.011456090075851346,0.011456090075851346,172.43963221298705,4.078449901359348,2335.4822178547074,33164.575106190096,1.2365593828566583,2284.346052069043,0.4971325038298005,51.93242226738721,0.49695173509163754,51.913538451964364,0.04125184697801092,4.309330651421558,4.6817922690496205,2.5003827919199026,0.0,2092026.5433654126,2.7705732993900654,0.0,0.0,0.0,shutdown,False,False,2092026.5433654126,5600902.630078219,2513071.9934324254,2801287.5975467507,2500177.289855614,2803954.4670202713,False,False,0,0,True,3.63382692588e-06,1,0,36,0,True,7.7264555148e-06,1,0
54.400000000000006,-3312.7326713282764,26200.527927600615,-75.67897414786586,357.71613157132344,365.6338850741623,357.71613157132344,14.79915030042142,0.0,368.98119435823844,-10.021830748053551,101.94544260988128,104.19428377785717,104.46954752217714,0.27526374431997624,0.011341828307650131,0.011341828307650131,172.43963221298705,4.078449901359348,2335.4822178547074,33164.575106190096,1.2332674065084537,2259.8486304272465,0.4976697991395037,51.431022889348085,0.49746442829648946,51.40979911296838,0.043942806398876565,4.541210830214145,4.6811801196520335,2.4978459108689828,0.0,2092026.5433654126,2.7705732993900654,0.0,0.0,0.0,shutdown,False,False,2092026.5433654126,5600902.630078219,2513071.9934324254,2801287.5975467507,2500177.289855614,2803954.4670202713,False,False,0,0,True,3.63382692588e-06,1,0,36,0,True,7.7264555148e-06,1,0
54.5,-3320.300327721642,26236.249438246305,-75.67415371945725,356.71408134252175,364.652592708725,356.71408134252175,14.870922256511513,0.0,368.02628521823436,-10.01917382841842,101.97728990005159,104.24264246532923,104.5341880201541,0.2915455548248739,0.011221962088884301,0.011221962088884301,172.43963221298705,4.078449901359348,2335.4822178547074,33164.575106190096,1.2299779449247934,2235.631097356649,0.4982042210122625,50.934502657374914,0.49797414117842453,50.910980171185976,0.04648342420765711,4.752288306627015,4.680640560083467,2.4956098579532493,0.0,2092026.5433654126,2.7705732993900654,0.0,0.0,0.0,shutdown,False,False,2092026.5433654126,5600902.630078219,2513071.9934324254,2801287.5975467507,2500177.289855614,2803954.4670202713,False,False,0,0,True,3.63382692588e-06,1,0,36,0,True,7.7264555148e-06,1,0
54.6,-3327.867509677088,26271.870757150693,-75.66948538945829,355.7122967452647,363.6717050787657,355.7122967452647,14.942492906522236,0.0,367.0718848761132,-10.01651811709934,102.00932377767646,104.29123504305811,104.59812719733912,0.30689215428101746,0.011097021169009921,0.011097021169009921,172.43963221298705,4.078449901359348,2335.4822178547074,33164.575106190096,1.22669098804768,2211.684128322397,0.4987354777141349,50.442649464775045,0.49848087084687037,50.41689824888879,0.048869516038673205,4.942716083384275,4.680176240691918,2.493685616794738,0.0,2092026.5433654126,2.7705732993900654,0.0,0.0,0.0,shutdown,False,False,2092026.5433654126,5600902.630078219,2513071.9934324254,2801287.5975467507,2500177.289855614,2803954.4670202713,False,False,0,0,True,3.63382692588e-06,1,0,36,0,True,7.7264555148e-06,1,0
54.7,-3335.434231836541,26307.391910857597,-75.66495779960559,354.71077739280855,362.69122051329924,354.71077739280855,15.013862303785647,0.0,366.11799192876845,-10.013868932346025,102.04154391720242,104.3400614732563,104.66133745104321,0.3212759777869172,0.010967519794133303,0.010967519794133303,172.43963221298705,4.078449901359348,2335.4822178547074,33164.575106190096,1.223406528823387,2188.0056613160127,0.49927309898717603,49.95639988052488,0.4989944246391106,49.928516208849715,0.051097557275172255,5.112732909773883,4.679850539590354,2.4923358401616484,0.0,2092026.5433654126,2.7705732993900654,0.0,0.0,0.0,shutdown,False,False,2092026.5433654126,5600902.630078219,2513071.9934324254,2801287.5975467507,2500177.289855614,2803954.4670202713,False,False,0,0,True,3.63382692588e-06,1,0,36,0,True,7.7264555148e-06,1,0
54.800000000000004,-3343.000507709759,26342.812925858118,-75.660559664753,353.70952261759294,361.71113706817096,353.70952261759294,15.085030501527884,0.0,365.1646046990208,-10.011226572235994,102.07395000977003,104.38912173924307,104.72379407434155,0.3346723350984885,0.010833954530542958,0.010833954530542958,172.43963221298705,4.078449901359348,2335.4822178547074,33164.575106190096,1.220124560409609,2164.5957593091443,0.49981741328758006,49.47578698580098,0.4995153964686718,49.44589102899518,0.05316433365831725,5.262616262246009,4.6796689668199685,2.491583362870371,0.0,2092026.5433654126,2.7705732993900654,0.0,0.0,0.0,shutdown,False,False,2092026.5433654126,5600902.630078219,2513071.9934324254,2801287.5975467507,2500177.289855614,2803954.4670202713,False,False,0,0,True,3.63382692588e-06,1,0,36,0,True,7.7264555148e-06,1,0
54.900000000000006,-3350.5663496900497,26378.133828592705,-75.65627994105756,352.70853207417605,360.73145315101056,352.70853207417605,15.155997552873322,0.0,364.2117218618242,-10.008584296320263,102.10654176961008,104.4384158478879,104.78547519364994,0.3470593457620464,0.010696817834394034,0.010696817834394034,172.43963221298705,4.078449901359348,2335.4822178547074,33164.575106190096,1.2168450729924405,2141.446603954641,0.5003577785812304,48.99958827573614,0.5000333960985804,48.96782179028491,0.05506683770854444,5.392646004257955,4.6795687505321055,2.4911680446446645,0.0,2092026.5433654126,2.7705732993900654,0.0,0.0,0.0,shutdown,False,False,2092026.5433654126,5600902.630078219,2513071.9934324254,2801287.5975467507,2500177.289855614,2803954.4670202713,False,False,0,0,True,3.63382692588e-06,1,0,36,0,True,7.7264555148e-06,1,0
55.0,-3358.1317690796427,26413.35464548372,-75.65210785080778,351.7078057461726,359.7521675335087,351.7078057461726,15.226763510909986,0.0,363.259342457654,-10.005942263921442,102.1393189378438,104.48794383321719,104.84636174670295,0.3584179134857647,0.010556598584911488,0.010556598584911488,172.43963221298705,4.078449901359348,2335.4822178547074,33164.575106190096,1.2135680615222209,2118.5571678505694,0.5008939804584893,48.5277913155667,0.5005484432224209,48.49431485240709,0.056802681005427846,5.503177833107435,4.67955171615478,2.491097450457654,0.0,2092026.5433654126,2.7705732993900654,0.0,0.0,0.0,shutdown,False,False,2092026.5433654126,5600902.630078219,2513071.9934324254,2801287.5975467507,2500177.289855614,2803954.4670202713,False,False,0,0,True,3.63382692588e-06,1,0,36,0,True,7.7264555148e-06,1,0
55.1,-3365.696776113439,26448.475402951182,-75.6480328251132,350.70734360306983,358.7732790042077,350.70734360306983,15.297328428721201,0.0,362.3074655464777,-10.003300598259134,102.17228128530279,104.5377057613826,104.90643743950808,0.3687316781254885,0.010413774212413695,0.010413774212413695,172.43963221298705,4.078449901359348,2335.4822178547074,33164.575106190096,1.2102935205917142,2095.925602436695,0.501425829399472,48.06036773166066,0.5010605638423483,48.02535797355526,0.05836989795070373,5.594603619303065,4.6796194821405654,2.4913782875309467,0.0,2092026.5433654126,2.7705732993900654,0.0,0.0,0.0,shutdown,False,False,2092026.5433654126,5600902.630078219,2513071.9934324254,2801287.5975467507,2500177.289855614,2803954.4670202713,False,False,0,0,True,3.63382692588e-06,1,0,36,0,True,7.7264555148e-06,1,0
55.2,-3373.2613800554536,26483.496127393842,-75.64404601518612,349.7071452501435,357.7947863462415,349.7071452501435,15.365371318414857,0.0,361.3555056760676,-10.000666460361456,102.20542886132834,104.58734582126415,104.96568849485594,0.3783426735917866,0.010268745809613304,0.010268745809613304,172.43963221298705,4.078449901359348,2335.4822178547074,33164.575106190096,1.2070194898269972,2073.53865994347,0.5019548731807152,47.597192524613234,0.5015707808128959,47.56077148488413,0.059822952857746595,5.672630662031437,4.67974405317867,2.491894537170832,0.0,2092026.5433654126,2.7705732993900654,0.0,0.0,0.0,shutdown,False,False,2092026.5433654126,5600902.630078219,2513071.9934324254,2801287.5975467507,2500177.289855614,2803954.4670202713,False,False,0,0,True,3.63382692588e-06,1,0,36,0,True,7.7264555148e-06,1,0
55.300000000000004,-3380.825589452139,26518.416845131105,-75.64014191852185,348.70720949507006,356.8166882634454,348.70720949507006,15.428277894683651,0.0,360.4027955511901,-9.998048641186156,102.23876226754076,104.63646019773432,105.02410301386807,0.3876428161337439,0.010121767944997865,0.010121767944997865,172.43963221298705,4.078449901359348,2335.4822178547074,33164.575106190096,1.2037437395109354,2051.388715841046,0.5024829568523305,47.138289948809614,0.5020802320209039,47.10051004082569,0.061223894368165784,5.743457852979527,4.679893189139099,2.4925125892239985,0.0,2092026.5433654126,2.7705732993900654,0.0,0.0,0.0,shutdown,False,False,2092026.5433654126,5600902.630078219,2513071.9934324254,2801287.5975467507,2500177.289855614,2803954.4670202713,False,False,0,0,True,3.63382692588e-06,1,0,36,0,True,7.7264555148e-06,1,0
55.400000000000006,-3388.3894122323536,26553.23758238185,-75.63631368577269,347.7075355198082,355.8389835378233,347.7075355198082,15.49100436497216,0.0,359.45057845603793,-9.99543086409044,102.27228188696127,104.68580823784009,105.08167072038457,0.3958624825444814,0.009973152485695597,0.009973152485695597,172.43963221298705,4.078449901359348,2335.4822178547074,33164.575106190096,1.20047041972705,2029.4867948257377,0.5030063214855506,46.68358482817997,0.502586833357716,46.64465249519787,0.06245197670526784,5.796114338280024,4.680130767169907,2.4934971645692467,0.0,2092026.5433654126,2.7705732993900654,0.0,0.0,0.0,shutdown,False,False,2092026.5433654126,5600902.630078219,2513071.9934324254,2801287.5975467507,2500177.289855614,2803954.4670202713,False,False,0,0,True,3.63382692588e-06,1,0,36,0,True,7.7264555148e-06,1,0
55.5,-3395.9528554842386,26587.958365303086,-75.63255135193224,346.70812290491165,354.86167067217895,346.70812290491165,15.553550776399902,0.0,358.4988531496383,-9.992821433842083,102.30598760110075,104.73539012039777,105.13838350729839,0.40299338690062575,0.0098233447068647,0.0098233447068647,172.43963221298705,4.078449901359348,2335.4822178547074,33164.575106190096,1.197199522005274,2007.8274107190523,0.5035418637548476,46.23453425358588,0.5031076496620643,46.19466530168489,0.06350443405590875,5.830891417286321,4.680425951064481,2.4947204712189515,0.0,2092026.5433654126,2.7705732993900654,0.0,0.0,0.0,shutdown,False,False,2092026.5433654126,5600902.630078219,2513071.9934324254,2801287.5975467507,2500177.289855614,2803954.4670202713,False,False,0,0,True,3.63382692588e-06,1,0,36,0,True,7.7264555148e-06,1,0
55.6,-3403.5159253119004,26622.57922000556,-75.62884520130129,345.70897114456596,353.88474812616147,345.70897114456596,15.615917176003082,0.0,357.54761835470964,-9.990213773038038,102.33987933217423,104.78520606769504,105.19423578481582,0.4090297171207736,0.00967277804146671,0.00967277804146671,172.43963221298705,4.078449901359348,2335.4822178547074,33164.575106190096,1.1939310410259842,1986.4109959639964,0.504075342420352,45.78983616400401,0.5036285581682398,45.749250608664916,0.06438255298146535,5.848464117856399,4.680806063839772,2.4962957417340412,0.0,2092026.5433654126,2.7705732993900654,0.0,0.0,0.0,shutdown,False,False,2092026.5433654126,5600902.630078219,2513071.9934324254,2801287.5975467507,2500177.289855614,2803954.4670202713,False,False,0,0,True,3.63382692588e-06,1,0,36,0,True,7.7264555148e-06,1,0
55.7,-3411.078626870871,26657.10017256927,-75.62518597810717,344.71008012962716,352.9082148338251,344.71008012962716,15.678103610762507,0.0,356.5968732795101,-9.987606525671707,102.37395706028882,104.83525635894755,105.24922439044778,0.413968031500242,0.009521866345706157,0.009521866345706157,172.43963221298705,4.078449901359348,2335.4822178547074,33164.575106190096,1.1906649703234966,1965.2330300634899,0.5046038552430248,45.3491492643427,0.5041467598320942,45.30806973670343,0.06508669513537503,5.849392988476758,4.681277104531551,2.498247837431426,0.0,2092026.5433654126,2.7705732993900654,0.0,0.0,0.0,shutdown,False,False,2092026.5433654126,5600902.630078219,2513071.9934324254,2801287.5975467507,2500177.289855614,2803954.4670202713,False,False,0,0,True,3.63382692588e-06,1,0,36,0,True,7.7264555148e-06,1,0
55.800000000000004,-3418.640964407669,26691.5212490664,-75.62156475784258,343.71144981298585,351.9320698500909,343.71144981298585,15.7401101276449,0.0,355.6466172627348,-9.98499980705869,102.4082208152737,104.88554132454531,105.30334849197922,0.41780716743390667,0.009371009182440831,0.009371009182440831,172.43963221298705,4.078449901359348,2335.4822178547074,33164.575106190096,1.187401303768525,1944.2888961640108,0.5051273879490709,44.912397354923456,0.5046623217174389,44.87104691562888,0.06561722807316715,5.834225367419305,4.681839550621991,2.5005787371017103,0.0,2092026.5433654126,2.7705732993900654,0.0,0.0,0.0,shutdown,False,False,2092026.5433654126,5600902.630078219,2513071.9934324254,2801287.5975467507,2500177.289855614,2803954.4670202713,False,False,0,0,True,3.63382692588e-06,1,0,36,0,True,7.7264555148e-06,1,0
55.900000000000006,-3426.202941291656,26725.842475561898,-75.61797292189766,342.71308009693064,350.9563122360703,342.71308009693064,15.801936773603948,0.0,354.6968496593378,-9.982394513921768,102.44267067723565,104.93606134737773,105.3566095078476,0.42054816046986454,0.009220592614761007,0.009220592614761007,172.43963221298705,4.078449901359348,2335.4822178547074,33164.575106190096,1.1841400384255667,1923.5795035627116,0.5056459575269793,44.479634060522585,0.5051753178405288,44.43823378684086,0.06597484939868567,5.80354122240768,4.68249370979592,2.503289715858151,0.0,2092026.5433654126,2.7705732993900654,0.0,0.0,0.0,shutdown,False,False,2092026.5433654126,5600902.630078219,2513071.9934324254,2801287.5975467507,2500177.289855614,2803954.4670202713,False,False,0,0,True,3.63382692588e-06,1,0,36,0,True,7.7264555148e-06,1,0
56.0,-3433.764560046019,26760.063878108434,-75.61440216537392,341.7149708338055,349.98094106218906,341.7149708338055,15.863583595571233,0.0,353.74756984441353,-9.97979074843207,102.47730677848726,104.98681686472086,105.40901102980078,0.42219416507992036,0.009070989208022304,0.009070989208022304,172.43963221298705,4.078449901359348,2335.4822178547074,33164.575106190096,1.1808811678504103,1903.0995182117392,0.5061596132619793,44.05077100516057,0.5056858303449,44.0095379588258,0.0661605741394555,5.757915536178205,4.683239726546672,2.5063813725127395,0.0,2092026.5433654126,2.7705732993900654,0.0,0.0,0.0,shutdown,False,False,2092026.5433654126,5600902.630078219,2513071.9934324254,2801287.5975467507,2500177.289855614,2803954.4670202713,False,False,0,0,True,3.63382692588e-06,1,0,36,0,True,7.7264555148e-06,1,0
56.1,-3441.3258223796647,26794.185482742858,-75.6108445075387,340.71712185462985,349.0059554392244,340.71712185462985,15.925050640449827,0.0,352.79877724482867,-9.977188834907466,102.51212930493337,105.03780836938753,105.46055874612533,0.4227503767377915,0.008922558226924759,0.008922558226924759,172.43963221298705,4.078449901359348,2335.4822178547074,33164.575106190096,1.177624686530859,1882.8450059145293,0.5066684358364659,43.62575395240833,0.5061939489248912,43.58489912942371,0.06617572273329404,5.697938915060593,4.6840775854386365,2.509853643096927,0.0,2092026.5433654126,2.7705732993900654,0.0,0.0,0.0,shutdown,False,False,2092026.5433654126,5600902.630078219,2513071.9934324254,2801287.5975467507,2500177.289855614,2803954.4670202713,False,False,0,0,True,3.63382692588e-06,1,0,36,0,True,7.7264555148e-06,1,0
56.2,-3448.886729218756,26828.20731547971,-75.60729227428511,339.7195328824099,348.0313544307351,339.7195328824099,15.986337955102622,0.0,351.85047125226447,-9.974590609296381,102.54713849708686,105.08903641135338,105.51126036039723,0.42222394904385196,0.00877564387549522,0.00877564387549522,172.43963221298705,4.078449901359348,2335.4822178547074,33164.575106190096,1.1743705918480607,1862.8171905222619,0.5071742476102855,43.204795698575765,0.5067014831799292,43.16452218168617,0.0660217024888183,5.6242093937967095,4.685021821341718,2.5137667632920433,0.0,2092026.5433654126,2.7705732993900654,0.0,0.0,0.0,shutdown,False,False,2092026.5433654126,5600902.630078219,2513071.9934324254,2801287.5975467507,2500177.289855614,2803954.4670202713,False,False,0,0,True,3.63382692588e-06,1,0,36,0,True,7.7264555148e-06,1,0
56.300000000000004,-3456.44728073513,26862.12940229482,-75.60373805318737,338.7222034197776,347.0571369344883,338.7222034197776,16.047445586322766,0.0,350.902651104366,-9.97199864313485,102.58233464766155,105.14050159625725,105.56112549202652,0.420623895769265,0.008630570701934324,0.008630570701934324,172.43963221298705,4.078449901359348,2335.4822178547074,33164.575106190096,1.1711188765200033,1843.010228126559,0.5076826087345633,42.78825319165392,0.5072139611950044,42.74875487275292,0.06569975630568577,5.537274192717994,4.68611870400759,2.518312485073525,0.0,2092026.5433654126,2.7705732993900654,0.0,0.0,0.0,shutdown,False,False,2092026.5433654126,5600902.630078219,2513071.9934324254,2801287.5975467507,2500177.289855614,2803954.4670202713,False,False,0,0,True,3.63382692588e-06,1,0,36,0,True,7.7264555148e-06,1,0
56.400000000000006,-3464.0074763770403,26895.951769114952,-75.60017478501581,337.72513298286805,346.08330193151596,337.72513298286805,16.10837358081503,0.0,349.9553161357373,-9.969410094822079,102.61771810872126,105.19220459068976,105.6101655876704,0.4179609969806388,0.008487651987636605,0.008487651987636605,172.43963221298705,4.078449901359348,2335.4822178547074,33164.575106190096,1.1678695349705408,1823.420699835865,0.508186556121398,42.37547483074319,0.5077243545104079,42.33693384122406,0.06521290418633269,5.437821498228433,4.687306491977937,2.5232349383281765,0.0,2092026.5433654126,2.7705732993900654,0.0,0.0,0.0,shutdown,False,False,2092026.5433654126,5600902.630078219,2513071.9934324254,2801287.5975467507,2500177.289855614,2803954.4670202713,False,False,0,0,True,3.63382692588e-06,1,0,36,0,True,7.7264555148e-06,1,0
56.5,-3471.567314906737,26929.674441822714,-75.59659580892614,336.7283211724142,345.1098485663524,336.7283211724142,16.169121985204633,0.0,349.00846585987654,-9.966826114006238,102.65328929721225,105.24414612703796,105.65839386988353,0.4142477428455544,0.008347194356364298,0.008347194356364298,172.43963221298705,4.078449901359348,2335.4822178547074,33164.575106190096,1.1646225651055164,1804.0500033419196,0.5086862899502463,41.96653653898243,0.508232783595993,41.929122338202035,0.0645635620348078,5.326483411781419,4.688584620365894,2.5285317820412194,0.0,2092026.5433654126,2.7705732993900654,0.0,0.0,0.0,shutdown,False,False,2092026.5433654126,5600902.630078219,2513071.9934324254,2801287.5975467507,2500177.289855614,2803954.4670202713,False,False,0,0,True,3.63382692588e-06,1,0,36,0,True,7.7264555148e-06,1,0
56.6,-3479.126794437069,26963.297446257504,-75.59299479770407,335.73176752337054,344.1367759871825,335.73176752337054,16.229690846038963,0.0,348.06209980863497,-9.96424686660195,102.68904869078,105.29632700049336,105.70582528089331,0.4094982803999395,0.008209491463383232,0.008209491463383232,172.43963221298705,4.078449901359348,2335.4822178547074,33164.575106190096,1.161377960398436,1784.8920689963188,0.5091820388700403,41.56134184777384,0.5087393775446604,41.52521017528254,0.06375439289924481,5.203871926556883,4.689952384765583,2.534200097000559,0.0,2092026.5433654126,2.7705732993900654,0.0,0.0,0.0,shutdown,False,False,2092026.5433654126,5600902.630078219,2513071.9934324254,2801287.5975467507,2500177.289855614,2803954.4670202713,False,False,0,0,True,3.63382692588e-06,1,0,36,0,True,7.7264555148e-06,1,0
56.7,-3486.6859124650714,26996.820808210327,-75.58936576234152,334.7354715330551,343.1640833752999,334.7354715330551,16.290080209778225,0.0,347.116217562073,-9.961672939428828,102.72499682833919,105.34874806938835,105.75247640911,0.4037283397216571,0.008074824279648002,0.008074824279648002,172.43963221298705,4.078449901359348,2335.4822178547074,33164.575106190096,1.1581357162589938,1765.943845446119,0.5096740577585136,41.1598651647124,0.5092442730155619,41.125156939327056,0.06278829609858601,5.070608876397474,4.691408942622215,2.5402363914747905,0.0,2092026.5433654126,2.7705732993900654,0.0,0.0,0.0,shutdown,False,False,2092026.5433654126,5600902.630078219,2513071.9934324254,2801287.5975467507,2500177.289855614,2803954.4670202713,False,False,0,0,True,3.63382692588e-06,1,0,36,0,True,7.7264555148e-06,1,0
56.800000000000004,-3494.244665905383,27030.244553417444,-75.58570304388802,333.7394326092492,342.19176989369925,333.7394326092492,16.350290122784013,0.0,346.17081869777235,-9.959105536398924,102.76113431151653,105.40141025699783,105.79836541597126,0.3969551589734315,0.007943460924335287,0.007943460924335287,172.43963221298705,4.078449901359348,2335.4822178547074,33164.575106190096,1.1548958308502866,1747.2067746501948,0.5101626262147423,40.7621863225479,0.5097476140157046,40.72902669125772,0.06166839604492177,4.927328111914006,4.692953316293066,2.54663661389854,0.0,2092026.5433654126,2.7705732993900654,0.0,0.0,0.0,shutdown,False,False,2092026.5433654126,5600902.630078219,2513071.9934324254,2801287.5975467507,2500177.289855614,2803954.4670202713,False,False,0,0,True,3.63382692588e-06,1,0,36,0,True,7.7264555148e-06,1,0
56.900000000000006,-3501.803051123335,27063.568707552367,-75.58200131515095,332.74365008917715,341.2198347069998,332.74365008917715,16.410320631304884,0.0,345.22590281114356,-9.956544864740762,102.79746180512643,105.45431455185627,105.84351196299241,0.3891974111361378,0.00781565690417157,0.00781565690417157,172.43963221298705,4.078449901359348,2335.4822178547074,33164.575106190096,1.15165829777966,1728.6748125640952,0.5106480482157654,40.368211232936915,0.5102495529320622,40.336709023452194,0.06039803113754428,4.774639769079636,4.694584398357191,2.5533961748770935,0.0,2092026.5433654126,2.7705732993900654,0.0,0.0,0.0,shutdown,False,False,2092026.5433654126,5600902.630078219,2513071.9934324254,2801287.5975467507,2500177.289855614,2803954.4670202713,False,False,0,0,True,3.63382692588e-06,1,0,36,0,True,7.7264555148e-06,1,0
57.0,-3509.361063962529,27096.793296308268,-75.57825546873359,331.7481250288707,340.24827870228586,331.7481250288707,16.470171781624806,0.0,344.2814712113269,-9.953956341075802,102.8339799527588,105.50746191108615,105.88793719447473,0.3804752833885769,0.007691674302370199,0.007691674302370199,172.43963221298705,4.078449901359348,2335.4822178547074,33164.575106190096,1.1484231183159148,1710.3451520782266,0.5110571490936553,39.972172607551165,0.5106769206250649,39.942433158638735,0.05895462562008429,4.6111173192251185,4.69638318225305,2.560850728941989,0.0,2092026.5433654126,2.7705732993900654,0.0,0.0,0.0,shutdown,False,False,2092026.5433654126,5600902.630078219,2513071.9934324254,2801287.5975467507,2500177.289855614,2803954.4670202713,False,False,0,0,True,3.63382692588e-06,1,0,36,0,True,7.7264555148e-06,1,0
57.1,-3516.918699768513,27129.918345568167,-75.57446065094506,330.7528601690744,339.27710446286306,330.7528601690744,16.529843620369743,0.0,343.33752689638544,-9.951340854524833,102.87068938240823,105.56085326565614,105.9316637727377,0.37081050708156976,0.007571780924027958,0.007571780924027958,172.43963221298705,4.078449901359348,2335.4822178547074,33164.575106190096,1.1451903020001453,1692.2191952242822,0.5113867440599674,39.574060053293366,0.511026335203632,39.546169534248776,0.0573426096774261,4.437502350903558,4.698351340812342,2.5690072086738236,0.0,2092026.5433654126,2.7705732993900654,0.0,0.0,0.0,shutdown,False,False,2092026.5433654126,5600902.630078219,2513071.9934324254,2801287.5975467507,2500177.289855614,2803954.4670202713,False,False,0,0,True,3.63382692588e-06,1,0,36,0,True,7.7264555148e-06,1,0
57.2,-3524.475953427063,27162.943881392355,-75.570612520055,329.7578563146526,338.3063127963937,329.7578563146526,16.589336194485004,0.0,342.3940711348573,-9.948736233580433,102.90759088492136,105.61448972337554,105.9747157981393,0.3602260747637529,0.007456210934174708,0.007456210934174708,172.43963221298705,4.078449901359348,2335.4822178547074,33164.575106190096,1.1419598480811017,1674.2911679155754,0.5117145721312267,39.179897551178385,0.5113751516725994,39.15390951112628,0.05559444327365918,4.256639756817752,4.700400327909375,2.5774986595525378,0.0,2092026.5433654126,2.7705732993900654,0.0,0.0,0.0,shutdown,False,False,2092026.5433654126,5600902.630078219,2513071.9934324254,2801287.5975467507,2500177.289855614,2803954.4670202713,False,False,0,0,True,3.63382692588e-06,1,0,36,0,True,7.7264555148e-06,1,0
57.300000000000004,-3532.0328194135186,27195.869929825312,-75.56670720905991,328.76311234450884,337.33590273919543,328.76311234450884,16.648649550887402,0.0,341.4511034699002,-9.946143168960006,102.94468541075489,105.6683725661501,106.01711861839678,0.34874605224667343,0.007345165578312173,0.007345165578312173,172.43963221298705,4.078449901359348,2335.4822178547074,33164.575106190096,1.1387317519491902,1656.5583455647961,0.5120410454432166,38.78966577185485,0.5117235782908666,38.765616049976515,0.05371464091412146,4.069152242102887,4.702528308148435,2.5863174752966716,0.0,2092026.5433654126,2.7705732993900654,0.0,0.0,0.0,shutdown,False,False,2092026.5433654126,5600902.630078219,2513071.9934324254,2801287.5975467507,2500177.289855614,2803954.4670202713,False,False,0,0,True,3.63382692588e-06,1,0,36,0,True,7.7264555148e-06,1,0
57.400000000000006,-3539.5892918327386,27228.696516794666,-75.56274117533354,327.7686270425579,336.3658733095465,327.7686270425579,16.707783736283265,0.0,340.5086234456166,-9.94356286972128,102.98197397822943,105.72250314587767,106.05889869821681,0.3363955523391452,0.007238833513803984,0.007238833513803984,172.43963221298705,4.078449901359348,2335.4822178547074,33164.575106190096,1.1355060115217765,1639.0219163470294,0.5123665895405825,38.40343648985954,0.5120718293870266,38.381343318548396,0.05170786172615172,3.875661731978374,4.704733337741437,2.5954556004230778,0.0,2092026.5433654126,2.7705732993900654,0.0,0.0,0.0,shutdown,False,False,2092026.5433654126,5600902.630078219,2513071.9934324254,2801287.5975467507,2500177.289855614,2803954.4670202713,False,False,0,0,True,3.63382692588e-06,1,0,36,0,True,7.7264555148e-06,1,0
57.5,-3547.1453644513863,27261.423668102594,-75.55871119762531,326.77439911606353,335.3962235260119,326.77439911606353,16.76673879715293,0.0,339.56663062557055,-9.940995659828534,103.01945767331364,105.77688288408108,106.10008354783821,0.3232006637571443,0.00713739104284306,0.00713739104284306,172.43963221298705,4.078449901359348,2335.4822178547074,33164.575106190096,1.1322826205673346,1621.6765518232155,0.5126916420417967,38.02112823753296,0.5124201257054046,38.00099263047794,0.04957889779007127,3.676762943208196,4.7070133706040105,2.6049045555104122,0.0,2092026.5433654126,2.7705732993900654,0.0,0.0,0.0,shutdown,False,False,2092026.5433654126,5600902.630078219,2513071.9934324254,2801287.5975467507,2500177.289855614,2803954.4670202713,False,False,0,0,True,3.63382692588e-06,1,0,36,0,True,7.7264555148e-06,1,0
57.6,-3554.701030729989,27294.05140941955,-75.55461437442348,325.78042722305105,334.42695243490994,325.78042722305105,16.825514779739432,0.0,338.62512462038825,-9.938442200080983,103.05713764926797,105.83151327132013,106.14070165300642,0.3091883816862827,0.007041002379283804,0.007041002379283804,172.43963221298705,4.078449901359348,2335.4822178547074,33164.575106190096,1.1290615746496606,1604.5195162892308,0.5130166498365674,37.64271931498397,0.5127686932711917,37.624525442727155,0.04733266307823477,3.4730454679244924,4.709366260075762,2.61465544432828,0.0,2092026.5433654126,2.7705732993900654,0.0,0.0,0.0,shutdown,False,False,2092026.5433654126,5600902.630078219,2513071.9934324254,2801287.5975467507,2500177.289855614,2803954.4670202713,False,False,0,0,True,3.63382692588e-06,1,0,36,0,True,7.7264555148e-06,1,0
57.7,-3562.256283854184,27326.579766277286,-75.55044810948068,324.7867099316962,333.45805906860176,324.7867099316962,16.88411173003597,0.0,337.6841050463894,-9.935903626676607,103.09501512676275,105.88639586763036,106.18078240555546,0.29438653792511066,0.00694981959387903,0.00694981959387903,172.43963221298705,4.078449901359348,2335.4822178547074,33164.575106190096,1.125842871760319,1587.5517250778942,0.5133420668339763,37.268272665870114,0.5131177627896274,37.25198835015757,0.04497418205005746,3.265093955582848,4.71178976273939,2.6246989696644936,0.0,2092026.5433654126,2.7705732993900654,0.0,0.0,0.0,shutdown,False,False,2092026.5433654126,5600902.630078219,2513071.9934324254,2801287.5975467507,2500177.289855614,2803954.4670202713,False,False,0,0,True,3.63382692588e-06,1,0,36,0,True,7.7264555148e-06,1,0
57.800000000000004,-3569.8111167571674,27359.008764049006,-75.54620995018954,323.7932455027125,332.4895421979735,323.7932455027125,16.942529693750114,0.0,336.7435712736092,-9.933384952657695,103.13309137626217,105.94153228720221,106.22035602420928,0.2788237370070723,0.006863979254876582,0.006863979254876582,172.43963221298705,4.078449901359348,2335.4822178547074,33164.575106190096,1.1226265053670907,1570.768497438688,0.5136811395095312,36.898637352581865,0.513480377004823,36.88421622187362,0.04250445951458976,3.0531715433310063,4.714397603847125,2.6355064338490557,0.0,2092026.5433654126,2.7705732993900654,0.0,0.0,0.0,shutdown,False,False,2092026.5433654126,5600902.630078219,2513071.9934324254,2801287.5975467507,2500177.289855614,2803954.4670202713,False,False,0,0,True,3.63382692588e-06,1,0,36,0,True,7.7264555148e-06,1,0
57.900000000000006,-3577.3655221398644,27391.338427928138,-75.54189770374494,322.80003207991007,331.5214005452348,322.80003207991007,17.000768716265593,0.0,335.80352264220863,-9.9308835030536,103.17136773094239,105.99692420942019,106.25945347506695,0.2625292656467681,0.006783605677185788,0.006783605677185788,172.43963221298705,4.078449901359348,2335.4822178547074,33164.575106190096,1.1194124700118149,1554.1669806127393,0.5140255335285248,36.53313111578909,0.5138479602109292,36.52051051842333,0.039931906125421086,2.8380643898547406,4.717111829817701,2.646754780183808,0.0,2092026.5433654126,2.7705732993900654,0.0,0.0,0.0,shutdown,False,False,2092026.5433654126,5600902.630078219,2513071.9934324254,2801287.5975467507,2500177.289855614,2803954.4670202713,False,False,0,0,True,3.63382692588e-06,1,0,36,0,True,7.7264555148e-06,1,0
58.0,-3584.919492506957,27423.568782930837,-75.53750963811163,321.8070679740861,330.5536331072552,321.8070679740861,17.058828842646793,0.0,334.8639587924046,-9.928398613091767,103.20984561030369,106.05257339941008,106.29810641546963,0.24553301605955516,0.006708815834894728,0.006708815834894728,172.43963221298705,4.078449901359348,2335.4822178547074,33164.575106190096,1.1162007635333016,1537.7477314572757,0.5143710379751557,36.17146740091421,0.514216073045737,36.16056999713577,0.03726338940166139,2.620426453821589,4.719888676007727,2.6582626384101915,0.0,2092026.5433654126,2.7705732993900654,0.0,0.0,0.0,shutdown,False,False,2092026.5433654126,5600902.630078219,2513071.9934324254,2801287.5975467507,2500177.289855614,2803954.4670202713,False,False,0,0,True,3.63382692588e-06,1,0,36,0,True,7.7264555148e-06,1,0
58.1,-3592.4730202067194,27455.699853904975,-75.53304435713952,320.8143515086664,329.58623897818273,320.8143515086664,17.116710117654947,0.0,333.9248794836435,-9.925930694970898,103.24852650629136,106.10848169575154,106.336347143761,0.22786544800946348,0.0066397165060060265,0.0066397165060060265,172.43963221298705,4.078449901359348,2335.4822178547074,33164.575106190096,1.1129913811752605,1521.506889729947,0.5147180572599457,35.81358962141516,0.5145849034108738,35.804324904081255,0.034504300650414106,2.4007762040564815,4.722725622157794,2.6700195640217417,0.0,2092026.5433654126,2.7705732993900654,0.0,0.0,0.0,shutdown,False,False,2092026.5433654126,5600902.630078219,2513071.9934324254,2801287.5975467507,2500177.289855614,2803954.4670202713,False,False,0,0,True,3.63382692588e-06,1,0,36,0,True,7.7264555148e-06,1,0
58.2,-3600.0260974615317,27487.73166552849,-75.52850073909967,319.8218809615851,328.6192172799736,319.8218809615851,17.174412585745177,0.0,332.986284523432,-9.923480246326253,103.28741197619948,106.16465100402954,106.37420853755062,0.20955753352108009,0.006576403114452273,0.006576403114452273,172.43963221298705,4.078449901359348,2335.4822178547074,33164.575106190096,1.1097843188498502,1505.4413997176841,0.5150669915348984,35.45945846910158,0.5149546403036184,35.45172372025336,0.03166008575930452,2.179618408014771,4.725620091205184,2.6820148771066554,0.0,2092026.5433654126,2.7705732993900654,0.0,0.0,0.0,shutdown,False,False,2092026.5433654126,5600902.630078219,2513071.9934324254,2801287.5975467507,2500177.289855614,2803954.4670202713,False,False,0,0,True,3.63382692588e-06,1,0,36,0,True,7.7264555148e-06,1,0
58.300000000000004,-3607.5787163946065,27519.66424230362,-75.52387792239816,318.8296545410204,327.6525671365688,318.8296545410204,17.231936291056094,0.0,332.04817374162326,-9.921048164644859,103.32650364216019,106.22108329653075,106.41172398876579,0.19064069223502939,0.0065189597670625475,0.0065189597670625475,172.43963221298705,4.078449901359348,2335.4822178547074,33164.575106190096,1.1065795747303502,1489.5513849219544,0.5154182344154176,35.10910784059543,0.5153254728725221,35.10278913707367,0.028736234092189766,1.9574463499910402,4.728569453709291,2.6942376806877033,0.0,2092026.5433654126,2.7705732993900654,0.0,0.0,0.0,shutdown,False,False,2092026.5433654126,5600902.630078219,2513071.9934324254,2801287.5975467507,2500177.289855614,2803954.4670202713,False,False,0,0,True,3.63382692588e-06,1,0,36,0,True,7.7264555148e-06,1,0
58.400000000000006,-3615.130869055552,27551.497608550013,-75.51917529651118,317.8376703868197,326.6862876742546,317.8376703868197,17.28928127739738,0.0,331.11054699080745,-9.918634919050474,103.36580319049123,106.2777806115811,106.44892733919406,0.1711467276129671,0.006467459387870704,0.006467459387870704,172.43963221298705,4.078449901359348,2335.4822178547074,33164.575106190096,1.1033771449768144,1473.8339517651978,0.5157721714578671,34.762498895844935,0.515697590148247,34.757472194450806,0.0257382673332642,1.7347319984801617,4.731571034700715,2.7066768891063693,0.0,2092026.5433654126,2.7705732993900654,0.0,0.0,0.0,shutdown,False,False,2092026.5433654126,5600902.630078219,2513071.9934324254,2801287.5975467507,2500177.289855614,2803954.4670202713,False,False,0,0,True,3.63382692588e-06,1,0,36,0,True,7.7264555148e-06,1,0
58.5,-3622.6825474453,27583.231788399164,-75.51439249845183,316.8459265962397,325.7203780469376,316.8459265962397,17.346447588239783,0.0,330.17340417155924,-9.916240892237926,103.40531237098588,106.33474505260567,106.48585281699914,0.15110776439347362,0.006421963923547456,0.006421963923547456,172.43963221298705,4.078449901359348,2335.4822178547074,33164.575106190096,1.1001770255583085,1458.2857547429057,0.5161291779763757,34.41958027130686,0.5160711800259159,34.415712508745465,0.02267172862798895,1.5119303784760445,4.734622118118866,2.719321246413252,0.0,2092026.5433654126,2.7705732993900654,0.0,0.0,0.0,shutdown,False,False,2092026.5433654126,5600902.630078219,2513071.9934324254,2801287.5975467507,2500177.289855614,2803954.4670202713,False,False,0,0,True,3.63382692588e-06,1,0,36,0,True,7.7264555148e-06,1,0
58.6,-3630.233743535718,27614.866805776634,-75.50952930991085,315.8544209531352,324.7548371498793,315.8544209531352,17.403435266683086,0.0,329.2367449451105,-9.913871969544056,103.44503299129262,106.39197878512344,106.52253495989882,0.13055617477537487,0.00638251948217964,0.00638251948217964,172.43963221298705,4.078449901359348,2335.4822178547074,33164.575106190096,1.0969792137260053,1442.906413049083,0.5165038201117994,34.081305855281734,0.5164606330168456,34.0784561714366,0.019541483625495536,1.28943727882271,4.737922846622869,2.733000187581935,0.0,2092026.5433654126,2.7705732993900654,0.0,0.0,0.0,shutdown,False,False,2092026.5433654126,5600902.630078219,2513071.9934324254,2801287.5975467507,2500177.289855614,2803954.4670202713,False,False,0,0,True,3.63382692588e-06,1,0,36,0,True,7.7264555148e-06,1,0
58.7,-3637.7844492882878,27646.40268438362,-75.5045857414789,314.86315118663606,323.7896638918092,314.86315118663606,17.460244355422898,0.0,328.30056900670195,-9.91152336013781,103.48496692174874,106.44948403913752,106.5590085432191,0.10952450408157628,0.006349162896606485,0.006349162896606485,172.43963221298705,4.078449901359348,2335.4822178547074,33164.575106190096,1.0937837058469846,1427.6941298854194,0.5168819854836537,33.746683262024156,0.5168516682077499,33.74470387884574,0.016353946142978658,1.0677320086032596,4.7412802039929876,2.7469138111630316,0.0,2092026.5433654126,2.7705732993900654,0.0,0.0,0.0,shutdown,False,False,2092026.5433654126,5600902.630078219,2513071.9934324254,2801287.5975467507,2500177.289855614,2803954.4670202713,False,False,0,0,True,3.63382692588e-06,1,0,36,0,True,7.7264555148e-06,1,0
58.800000000000004,-3645.334656681591,27677.839447706407,-75.49956212458157,313.87211526908357,322.82485750712016,313.87211526908357,17.51687489676766,0.0,327.3648763988518,-9.909194990617484,103.52511609980088,106.50726311063015,106.59530854250589,0.08804543187575158,0.006321927223920428,0.006321927223920428,172.43963221298705,4.078449901359348,2335.4822178547074,33164.575106190096,1.0905904980470769,1412.645196063102,0.5172630841269558,33.415587953981046,0.5172435416928743,33.41432549790227,0.013114711315976321,0.8472203080367471,4.744679608249054,2.7610016862399767,0.0,2092026.5433654126,2.7705732993900654,0.0,0.0,0.0,shutdown,False,False,2092026.5433654126,5600902.630078219,2513071.9934324254,2801287.5975467507,2500177.289855614,2803954.4670202713,False,False,0,0,True,3.63382692588e-06,1,0,36,0,True,7.7264555148e-06,1,0
58.900000000000006,-3652.8843577380653,27709.177119027237,-75.49445900491125,312.881311147524,321.8604172709623,312.881311147524,17.573326932658283,0.0,326.429667225139,-9.906887440286045,103.56548252357072,106.56531835769938,106.63147009387065,0.06615173617125536,0.006300835454955475,0.006300835454955475,172.43963221298705,4.078449901359348,2335.4822178547074,33164.575106190096,1.0873995886304875,1397.758672051818,0.5176473715951817,33.088016509870286,0.5176363680251364,33.08731316174701,0.00982930963039565,0.62828940544781,4.7481183228266,2.775252471890808,0.0,2092026.5433654126,2.7705732993900654,0.0,0.0,0.0,shutdown,False,False,2092026.5433654126,5600902.630078219,2513071.9934324254,2801287.5975467507,2500177.289855614,2803954.4670202713,False,False,0,0,True,3.63382692588e-06,1,0,36,0,True,7.7264555148e-06,1,0
59.0,-3660.4335445444026,27740.415721420122,-75.4892771218467,311.89073671022254,320.89634246283384,311.89073671022254,17.629600504660548,0.0,325.4949416136383,-9.904601305463805,103.60606825056739,106.62365219959592,106.66752843573633,0.0438762361404025,0.006285900312362248,0.006285900312362248,172.43963221298705,4.078449901359348,2335.4822178547074,33164.575106190096,1.084210976258511,1383.0339794309182,0.5180350859391688,32.7639723327137,0.5180302577484792,32.7636669659336,0.006503242902690164,0.4113081841751499,4.751593596979318,2.7896547684209287,0.0,2092026.5433654126,2.7705732993900654,0.0,0.0,0.0,shutdown,False,False,2092026.5433654126,5600902.630078219,2513071.9934324254,2801287.5975467507,2500177.289855614,2803954.4670202713,False,False,0,0,True,3.63382692588e-06,1,0,36,0,True,7.7264555148e-06,1,0
59.1,-3667.9822092707354,27771.555277746178,-75.48401740480979,310.90038981086974,319.93263239019615,310.90038981086974,17.685695653956728,0.0,324.56069974043936,-9.902336681319186,103.64687539691371,106.68226711572201,106.7035188505829,0.02125173486088337,0.006277124452263781,0.006277124452263781,172.43963221298705,4.078449901359348,2335.4822178547074,33164.575106190096,1.081024657123565,1368.4669788742917,0.5184264468547208,32.44337272215549,0.5184253171180223,32.443302022697516,0.00314197408841588,0.19662622740848867,4.755102672157795,2.8041971437979574,0.0,2092026.5433654126,2.7705732993900654,0.0,0.0,0.0,shutdown,False,False,2092026.5433654126,5600902.630078219,2513071.9934324254,2801287.5975467507,2500177.289855614,2803954.4670202713,False,False,0,0,True,3.63382692588e-06,1,0,36,0,True,7.7264555148e-06,1,0
59.2,-3675.53034418926,27802.595810650626,-75.47868096568732,309.91026827810333,318.9692863968661,309.91026827810333,17.74161242134018,0.0,323.62694183792775,-9.900093973743813,103.68790613647714,106.741165644669,106.73947660753527,-0.0016890371337256638,0.0062745005567522855,0.0062745005567522855,172.43963221298705,4.078449901359348,2335.4822178547074,33164.575106190096,1.0778406294785627,1354.0561167116855,0.518821654039398,32.126194360699216,0.5188216469219251,32.1261939199749,-0.00024908725608984345,-0.015423846594706515,4.758342848335039,2.817625142874809,0.0,2092026.5433654126,2.7705732993900654,0.0,0.0,0.0,shutdown,False,False,2092026.5433654126,5600902.630078219,2513071.9934324254,2801287.5975467507,2500177.289855614,2803954.4670202713,False,False,0,0,True,3.63382692588e-06,1,0,36,0,True,7.7264555148e-06,1,0
59.300000000000004,-3683.0779416903383,27833.537342558062,-75.473269055875,308.920369870627,318.0063038101375,308.920369870627,17.797350847206825,0.0,322.6936681407154,-9.897874175526825,103.72916269611194,106.80035038000615,106.77543684879387,-0.02491353121228423,0.006277991638729272,0.006277991638729272,172.43963221298705,4.078449901359348,2335.4822178547074,33164.575106190096,1.0746588933089607,1339.802131894104,0.519222130708752,31.812542855398313,0.5192205858939088,31.812448205179273,-0.003665627558991813,-0.22459160909257933,4.757819618119106,2.815456762369489,0.0,2092026.5433654126,2.7705732993900654,0.0,0.0,0.0,shutdown,False,False,2092026.5433654126,5600902.630078219,2513071.9934324254,2801287.5975467507,2500177.289855614,2803954.4670202713,False,False,0,0,True,3.63382692588e-06,1,0,36,0,True,7.7264555148e-06,1,0
59.400000000000006,-3690.624994293342,27864.379895659167,-75.46778300418922,307.9306921514344,317.0436838046594,307.9306921514344,17.85291097153121,0.0,321.760878748445,-9.895680208078337,103.77064735097723,106.85982396696986,106.81143438566443,-0.04838958130543812,0.006287519181255819,0.006287519181255819,172.43963221298705,4.078449901359348,2335.4822178547074,33164.575106190096,1.0714794441146223,1325.700394668618,0.5196371673164975,31.502869736440346,0.519631353632977,31.50251728337087,-0.007103133592785331,-0.43062564875725656,4.757572211939918,2.814431457026812,0.0,2092026.5433654126,2.7705732993900654,0.0,0.0,0.0,shutdown,False,False,2092026.5433654126,5600902.630078219,2513071.9934324254,2801287.5975467507,2500177.289855614,2803954.4670202713,False,False,0,0,True,3.63382692588e-06,1,0,36,0,True,7.7264555148e-06,1,0
59.5,-3698.1714946576517,27895.12349190203,-75.46222428201949,306.9412327059119,316.0814256305083,306.9412327059119,17.90829283385087,0.0,320.82857385449597,-9.893508702137112,103.81236242739296,106.91958910311675,106.84750351990753,-0.0720855832092113,0.006302983836465421,0.006302983836465421,172.43963221298705,4.078449901359348,2335.4822178547074,33164.575106190096,1.0683022798417687,1311.749160153033,0.5200564212120452,31.196493584351074,0.5200435507331237,31.195721526172914,-0.010556986080290112,-0.6332792656540823,4.757299152824275,2.8132998403022245,0.0,2092026.5433654126,2.7705732993900654,0.0,0.0,0.0,shutdown,False,False,2092026.5433654126,5600902.630078219,2513071.9934324254,2801287.5975467507,2500177.289855614,2803954.4670202713,False,False,0,0,True,3.63382692588e-06,1,0,36,0,True,7.7264555148e-06,1,0
59.6,-3705.7174355983943,27925.76815300045,-75.45659453282704,305.9519892624495,315.11952873813055,305.9519892624495,17.96349647328128,0.0,319.89675387105694,-9.891360166883914,103.85431030351802,106.97964853772922,106.88367796262999,-0.09597057509922105,0.006324278775154114,0.006324278775154114,172.43963221298705,4.078449901359348,2335.4822178547074,33164.575106190096,1.065127401069245,1297.949163829095,0.5204799577021454,30.89343636596617,0.5204571997707421,30.89208555371063,-0.014022694289055415,-0.8323264081308641,4.757003343380878,2.8120739412413163,0.0,2092026.5433654126,2.7705732993900654,0.0,0.0,0.0,shutdown,False,False,2092026.5433654126,5600902.630078219,2513071.9934324254,2801287.5975467507,2500177.289855614,2803954.4670202713,False,False,0,0,True,3.63382692588e-06,1,0,36,0,True,7.7264555148e-06,1,0
59.7,-3713.2628101006558,27956.313900440055,-75.45089551239766,304.96295952968984,314.1579926067933,304.96295952968984,18.01852192852691,0.0,318.9654192570929,-9.889234488091924,103.89649340655058,107.04000507065464,106.91999079366465,-0.12001427698998783,0.006351290470350285,0.006351290470350285,172.43963221298705,4.078449901359348,2335.4822178547074,33164.575106190096,1.0619548050789882,1284.2966475570784,0.520907819457,30.593611743404626,0.5208723144432694,30.591526486542573,-0.01749591235174511,-1.027558292643584,4.7566876418340405,2.810765604951067,0.0,2092026.5433654126,2.7705732993900654,0.0,0.0,0.0,shutdown,False,False,2092026.5433654126,5600902.630078219,2513071.9934324254,2801287.5975467507,2500177.289855614,2803954.4670202713,False,False,0,0,True,3.63382692588e-06,1,0,36,0,True,7.7264555148e-06,1,0
59.800000000000004,-3720.8076113305397,27986.760755477477,-75.44512908528102,303.9741412187392,313.19681676601493,303.9741412187392,18.07336923787968,0.0,318.03457053957044,-9.88713173071328,103.93891421183886,107.10066155119208,106.95647442506376,-0.1441871261283133,0.0063838993496155875,0.0063838993496155875,172.43963221298705,4.078449901359348,2335.4822178547074,33164.575106190096,1.0587844905837114,1270.7894639651583,0.5213400265511876,30.296970243319343,0.5212888992711451,30.293999050617497,-0.020972441336684057,-1.2187850514963112,4.756354853735025,2.8093864582498007,0.0,2092026.5433654126,2.7705732993900654,0.0,0.0,0.0,shutdown,False,False,2092026.5433654126,5600902.630078219,2513071.9934324254,2801287.5975467507,2500177.289855614,2803954.4670202713,False,False,0,0,True,3.63382692588e-06,1,0,36,0,True,7.7264555148e-06,1,0
59.900000000000006,-3728.351832645169,28017.108739139527,-75.43929720729923,302.9855320222696,312.23600077177036,302.9855320222696,18.12803843921754,0.0,317.10420828933457,-9.885052198480503,103.9815752413881,107.16162087682717,106.9931605684265,-0.1684603084006596,0.006421980481156619,0.006421980481156619,172.43963221298705,4.078449901359348,2335.4822178547074,33164.575106190096,1.0556164580564962,1257.4275355327954,0.5217765771831988,30.003510477697645,0.5217069499139693,29.999506728596565,-0.024448230732534267,-1.4058368639403562,4.756007726643151,2.8079478876245476,0.0,2092026.5433654126,2.7705732993900654,0.0,0.0,0.0,shutdown,False,False,2092026.5433654126,5600902.630078219,2513071.9934324254,2801287.5975467507,2500177.289855614,2803954.4670202713,False,False,0,0,True,3.63382692588e-06,1,0,36,0,True,7.7264555148e-06,1,0
60.0,-3735.895467601336,28047.357872221488,-75.4334019160458,301.99712961697725,311.27554420725227,301.99712961697725,18.18252957000134,0.0,316.17433312160813,-9.882995907178614,104.02447906274362,107.2228859921012,107.03008020600976,-0.19280578609144075,0.006465404208260317,0.006465404208260317,172.43963221298705,4.078449901359348,2335.4822178547074,33164.575106190096,1.0524507065741109,1244.2088141344989,0.5222174489423808,29.713182996900105,0.5221264539770941,29.708005555853596,-0.02791937935412847,-1.5885597648818233,4.755648947216929,2.8064610271760495,0.0,2092026.5433654126,2.7705732993900654,0.0,0.0,0.0,shutdown,False,False,2092026.5433654126,5600902.630078219,2513071.9934324254,2801287.5975467507,2500177.289855614,2803954.4670202713,False,False,0,0,True,3.63382692588e-06,1,0,36,0,True,7.7264555148e-06,1,0
60.1,-3743.4385100586724,28077.50817570643,-75.42744723068178,301.00894008186987,310.31545531112045,301.00894008186987,18.236842668030217,0.0,315.2449542997329,-9.880794794771743,104.06762825211122,107.28445976447266,107.06726384149361,-0.2171959229790448,0.00651413313283124,0.00651413313283124,172.43963221298705,4.078449901359348,2335.4822178547074,33164.575106190096,1.0492872633337826,1231.1305176593157,0.5221367856285823,29.396316409981374,0.5220214237217337,29.389821531227906,-0.03142171211139078,-1.7690433173709414,4.756974639952025,2.811954987951418,0.0,2092026.5433654126,2.7705732993900654,0.0,0.0,0.0,shutdown,False,False,2092026.5433654126,5600902.630078219,2513071.9934324254,2801287.5975467507,2500177.289855614,2803954.4670202713,False,False,0,0,True,3.63382692588e-06,1,0,36,0,True,7.7264555148e-06,1,0
60.2,-3750.9809545863327,28107.55967260887,-75.4214433225237,300.02099796694046,309.35577145728433,300.02099796694046,18.290977774762794,0.0,314.3161101327675,-9.878047503604726,104.11102523134326,107.3463446101904,107.104742856516,-0.2416017536744076,0.006568511118070987,0.006568511118070987,172.43963221298705,4.078449901359348,2335.4822178547074,33164.575106190096,1.0461262537125622,1218.1920165690794,0.5202544263820889,28.982514254147755,0.5201111611925495,28.97453318721706,-0.035071985073518955,-1.9538023239575368,4.7641061523745005,2.841509535910288,0.0,2092026.5433654126,2.7705732993900654,0.0,0.0,0.0,shutdown,False,False,2092026.5433654126,5600902.630078219,2513071.9934324254,2801287.5975467507,2500177.289855614,2803954.4670202713,False,False,0,0,True,3.63382692588e-06,1,0,36,0,True,7.7264555148e-06,1,0
60.300000000000004,-3758.5227966424945,28137.51238894579,-75.41539780071213,299.03332877146033,308.396520637928,299.03332877146033,18.34493493706635,0.0,313.3878295518816,-9.875336405789952,104.15467237968431,107.40854299113757,107.14255056059699,-0.26599243054058097,0.00662886725858804,0.00662886725858804,172.43963221298705,4.078449901359348,2335.4822178547074,33164.575106190096,1.0429677723593858,1205.3932337861825,0.5183785382270277,28.57460839092498,0.5182042518241253,28.565001192047045,-0.038744956996425765,-2.13574037436562,4.771220042703876,2.8709910540593766,0.0,2092026.5433654126,2.7705732993900654,0.0,0.0,0.0,shutdown,False,False,2092026.5433654126,5600902.630078219,2513071.9934324254,2801287.5975467507,2500177.289855614,2803954.4670202713,False,False,0,0,True,3.63382692588e-06,1,0,36,0,True,7.7264555148e-06,1,0
60.400000000000006,-3766.064032110844,28167.366351829103,-75.40931156627322,298.04592889477067,307.4377010089133,298.04592889477067,18.39871420378059,0.0,312.4601117416778,-9.872661127798231,104.19857220692211,107.47105780246855,107.18072127176083,-0.2903365307077232,0.006695224494150195,0.006695224494150195,172.43963221298705,4.078449901359348,2335.4822178547074,33164.575106190096,1.039811812214415,1192.7305584228234,0.516509071032352,28.172463476615988,0.5163006624842518,28.161096043711407,-0.0424362058726357,-2.3146398138632165,4.778319393711089,2.90041231807601,0.0,2092026.5433654126,2.7705732993900654,0.0,0.0,0.0,shutdown,False,False,2092026.5433654126,5600902.630078219,2513071.9934324254,2801287.5975467507,2500177.289855614,2803954.4670202713,False,False,0,0,True,3.63382692588e-06,1,0,36,0,True,7.7264555148e-06,1,0
60.5,-3773.6046569714,28197.121588011865,-75.40318564485406,297.05879476051086,306.4793108024743,297.05879476051086,18.45231562309877,0.0,311.5329559819089,-9.87002155719747,104.24272727520778,107.53389199282091,107.21928941324015,-0.31460257958075943,0.006767596609634153,0.006767596609634153,172.43963221298705,4.078449901359348,2335.4822178547074,33164.575106190096,1.036658368172785,1180.2024304455665,0.5146459506484917,27.775992731425152,0.5144003517319644,27.762737495059817,-0.046141230047822786,-2.4902915660997778,4.785407306031391,2.929786177671126,0.0,2092026.5433654126,2.7705732993900654,0.0,0.0,0.0,shutdown,False,False,2092026.5433654126,5600902.630078219,2513071.9934324254,2801287.5975467507,2500177.289855614,2803954.4670202713,False,False,0,0,True,3.63382692588e-06,1,0,36,0,True,7.7264555148e-06,1,0
60.6,-3781.1446673122855,28226.778123889355,-75.39702117285893,296.0719227892908,305.521348298099,296.0719227892908,18.505739242569653,0.0,310.6063616183435,-9.867417867005328,104.28714019856068,107.59704856409014,107.25828946144436,-0.33875910264578224,0.006845988382364289,0.006845988382364289,172.43963221298705,4.078449901359348,2335.4822178547074,33164.575106190096,1.033507437267833,1167.809600699509,0.5127890790614024,27.38516322897869,0.5125032701311611,27.369899791190036,-0.04985545385697535,-2.6624976963766454,4.792486890964757,2.959125526752629,0.0,2092026.5433654126,2.7705732993900654,0.0,0.0,0.0,shutdown,False,False,2092026.5433654126,5600902.630078219,2513071.9934324254,2801287.5975467507,2500177.289855614,2803954.4670202713,False,False,0,0,True,3.63382692588e-06,1,0,36,0,True,7.7264555148e-06,1,0
60.7,-3788.684059340919,28256.335985499445,-75.39081939980744,295.0853094124809,304.563811837247,295.0853094124809,18.558985109098153,0.0,309.680328077715,-9.864849668997408,104.33181364343031,107.66053057178634,107.29775589429353,-0.3627746774928074,0.00693039556233873,0.00693039556233873,172.43963221298705,4.078449901359348,2335.4822178547074,33164.575106190096,1.030359013171728,1155.5484446764747,0.510938331228552,26.99983858269379,0.51060935715909,26.982454397107222,-0.05357423383033904,-2.8310572474226894,4.79956128000665,2.988443342922924,0.0,2092026.5433654126,2.7705732993900654,0.0,0.0,0.0,shutdown,False,False,2092026.5433654126,5600902.630078219,2513071.9934324254,2801287.5975467507,2500177.289855614,2803954.4670202713,False,False,0,0,True,3.63382692588e-06,1,0,36,0,True,7.7264555148e-06,1,0
60.800000000000004,-3796.2228293955045,28285.795198524498,-75.38458169190258,294.0989510885721,303.6066998408656,294.0989510885721,18.612053268948763,0.0,308.75485488549305,-9.862316808987499,104.3767503293557,107.7243411254466,107.33772313939342,-0.3866179860531912,0.007020804836550827,0.007020804836550827,172.43963221298705,4.078449901359348,2335.4822178547074,33164.575106190096,1.0272130914117825,1143.4172134505577,0.5090935585848189,26.61992657381759,0.5087185446999385,26.600317521785133,-0.05729286469017113,-2.9957791167022263,4.806633602941502,3.017752596693551,0.0,2092026.5433654126,2.7705732993900654,0.0,0.0,0.0,shutdown,False,False,2092026.5433654126,5600902.630078219,2513071.9934324254,2801287.5975467507,2500177.289855614,2803954.4670202713,False,False,0,0,True,3.63382692588e-06,1,0,36,0,True,7.7264555148e-06,1,0
60.900000000000006,-3803.7609739560535,28315.155788293054,-75.37830951907812,293.1128442825605,302.65001078699225,293.1128442825605,18.66494376774861,0.0,307.82994164340613,-9.859819311057567,104.42195302833501,107.7884833882058,107.37822552269948,-0.4102578655063165,0.007117194035365589,0.007117194035365589,172.43963221298705,4.078449901359348,2335.4822178547074,33164.575106190096,1.0240696690533533,1131.415681149685,0.5072545913002675,26.24537034913177,0.5068307588037785,26.22344124089474,-0.061006641382802526,-3.1564857653511713,4.813706740059432,3.047065224617009,0.0,2092026.5433654126,2.7705732993900654,0.0,0.0,0.0,shutdown,False,False,2092026.5433654126,5600902.630078219,2513071.9934324254,2801287.5975467507,2500177.289855614,2803954.4670202713,False,False,0,0,True,3.63382692588e-06,1,0,36,0,True,7.7264555148e-06,1,0
61.0,-3811.2984896544895,28344.417779780484,-75.37200444964641,292.12698546610164,301.6937432103448,292.12698546610164,18.717656650488607,0.0,306.90558802903905,-9.857357017937872,104.46742456461415,107.85296057654743,107.41929721816933,-0.4336633583780867,0.007219532271142742,0.007219532271142742,172.43963221298705,4.078449901359348,2335.4822178547074,33164.575106190096,1.02092874226492,1119.5422599762207,0.5054212373370345,25.87608109767577,0.5049459184980897,25.85174617085593,-0.06471085812749908,-3.313005645805026,4.820783355928666,3.076392269247069,0.0,2092026.5433654126,2.7705732993900654,0.0,0.0,0.0,shutdown,False,False,2092026.5433654126,5600902.630078219,2513071.9934324254,2801287.5975467507,2500177.289855614,2803954.4670202713,False,False,0,0,True,3.63382692588e-06,1,0,36,0,True,7.7264555148e-06,1,0
61.1,-3818.835373284772,28373.58119761041,-75.36566815599986,291.14137113234875,300.7378957188873,291.14137113234875,18.770191961526024,0.0,305.98179381278624,-9.854929656940948,104.51316781580867,107.91777596117294,107.46097219749481,-0.4568037636781265,0.007327779827456522,0.007327779827456522,172.43963221298705,4.078449901359348,2335.4822178547074,33164.575106190096,1.0177903066069673,1107.7943184761195,0.5035932734984419,25.511945545085943,0.50306392860104,25.485129026860296,-0.06840054698427085,-3.4651595280337077,4.827867059139979,3.105748685373521,0.0,2092026.5433654126,2.7705732993900654,0.0,0.0,0.0,shutdown,False,False,2092026.5433654126,5600902.630078219,2513071.9934324254,2801287.5975467507,2500177.289855614,2803954.4670202713,False,False,0,0,True,3.63382692588e-06,1,0,36,0,True,7.7264555148e-06,1,0
61.2,-3826.37162181315,28402.646066056714,-75.35930241155833,290.15599779374304,299.78246699171603,290.15599779374304,18.822549744588112,0.0,305.05855885591023,-9.852537114998732,104.55918571323033,107.98293286728854,107.5032841796617,-0.4796486876268417,0.00744188820968833,0.00744188820968833,172.43963221298705,4.078449901359348,2335.4822178547074,33164.575106190096,1.0146543591413906,1096.1706445052205,0.5017704596030348,25.15288368228247,0.5011846911401772,25.12352012424706,-0.07207082301609621,-3.612785474944827,4.834960919813647,3.1351471962465776,0.0,2092026.5433654126,2.7705732993900654,0.0,0.0,0.0,shutdown,False,False,2092026.5433654126,5600902.630078219,2513071.9934324254,2801287.5975467507,2500177.289855614,2803954.4670202713,False,False,0,0,True,3.63382692588e-06,1,0,36,0,True,7.7264555148e-06,1,0
61.300000000000004,-3833.9072323875484,28431.612409044617,-75.3529090764117,289.17086196430114,298.82745575909667,289.17086196430114,18.87473004277403,0.0,304.1358830903588,-9.850179473669286,104.60548124087288,108.04843467377754,107.54626658158479,-0.5021680921927456,0.007561800469778367,0.007561800469778367,172.43963221298705,4.078449901359348,2335.4822178547074,33164.575106190096,1.0115208986367497,1084.6717029423862,0.4999525354769398,24.798853944069013,0.49930810268947023,24.766888520475387,-0.07571677297606098,-3.7557349166322527,4.84206797818493,3.164600401266397,0.0,2092026.5433654126,2.7705732993900654,0.0,0.0,0.0,shutdown,False,False,2092026.5433654126,5600902.630078219,2513071.9934324254,2801287.5975467507,2500177.289855614,2803954.4670202713,False,False,0,0,True,3.63382692588e-06,1,0,36,0,True,7.7264555148e-06,1,0
61.400000000000006,-3841.4422023463762,28460.48025015155,-75.34649010014174,288.18596017437943,297.87286081823527,288.18596017437943,18.92673289855643,0.0,303.2137665347523,-9.847856324599697,104.6520574360125,108.11428481355932,107.58995246966266,-0.5243323438966584,0.0076874512025568425,0.0076874512025568425,172.43963221298705,4.078449901359348,2335.4822178547074,33164.575106190096,1.0083899206496691,1073.293965988675,0.4981392190590972,24.44972330021198,0.4974340519270998,24.415112210383903,-0.07933346312571406,-3.89385366110104,4.849191253592525,3.194120813233224,0.0,2092026.5433654126,2.7705732993900654,0.0,0.0,0.0,shutdown,False,False,2092026.5433654126,5600902.630078219,2513071.9934324254,2801287.5975467507,2500177.289855614,2803954.4670202713,False,False,0,0,True,3.63382692588e-06,1,0,36,0,True,7.7264555148e-06,1,0
61.5,-3848.9765292275492,28489.249612609387,-75.34004752332281,287.20128898234185,296.9186810457287,287.20128898234185,18.97855835378547,0.0,302.2922093070212,-9.845567515992915,104.6989173897092,108.1804867738783,107.63437451136816,-0.5461122625101459,0.00781876656182507,0.00781876656182507,172.43963221298705,4.078449901359348,2335.4822178547074,33164.575106190096,1.0052614229289427,1062.0360637337849,0.49633021090032114,24.10540876947401,0.4955624235055499,24.068119423404507,-0.08291594660835555,-4.027002069603415,4.856333723432249,3.2237207711268154,0.0,2092026.5433654126,2.7705732993900654,0.0,0.0,0.0,shutdown,False,False,2092026.5433654126,5600902.630078219,2513071.9934324254,2801287.5975467507,2500177.289855614,2803954.4670202713,False,False,0,0,True,3.63382692588e-06,1,0,36,0,True,7.7264555148e-06,1,0
61.6,-3856.510210776864,28517.920519306197,-75.33358346296679,286.2168449538483,295.96491537462174,286.2168449538483,19.030206449691985,0.0,301.37121160126696,-9.843313053722756,104.74606424589433,108.24704409560786,107.67956492783142,-0.5674791677764311,0.007955664590803649,0.007955664590803649,172.43963221298705,4.078449901359348,2335.4822178547074,33164.575106190096,1.0021354047212672,1050.8980194527473,0.4945251950491815,23.76585929966502,0.49369309822405877,23.72587044516874,-0.08645927126141777,-4.1550539720146595,4.863498320303238,3.2534124282796935,0.0,2092026.5433654126,2.7705732993900654,0.0,0.0,0.0,shutdown,False,False,2092026.5433654126,5600902.630078219,2513071.9934324254,2801287.5975467507,2500177.289855614,2803954.4670202713,False,False,0,0,True,3.63382692588e-06,1,0,36,0,True,7.7264555148e-06,1,0
61.7,-3864.043244955442,28546.492992787207,-75.32710010859093,285.23262466635003,295.0115627985191,285.23262466635003,19.081677226889195,0.0,300.4507736918565,-9.841092696091684,104.79350120120607,108.313960372983,107.72555544781686,-0.5884049251661461,0.008098055378197725,0.008098055378197725,172.43963221298705,4.078449901359348,2335.4822178547074,33164.575106190096,0.9990118637946145,1039.8779019044114,0.49272384306434786,23.430979975422165,0.4918259552090942,23.388281833952533,-0.08995858865650265,-4.277888961733236,4.870687517211579,3.283206033370206,0.0,2092026.5433654126,2.7705732993900654,0.0,0.0,0.0,shutdown,False,False,2092026.5433654126,5600902.630078219,2513071.9934324254,2801287.5975467507,2500177.289855614,2803954.4670202713,False,False,0,0,True,3.63382692588e-06,1,0,36,0,True,7.7264555148e-06,1,0
61.800000000000004,-3871.5756299470095,28574.967055256682,-75.3205997227628,284.2486247231419,294.05862238607153,284.2486247231419,19.132970725376115,0.0,299.53089594797916,-9.838906167924403,104.84123150518275,108.38123925355758,107.77237726232288,-0.6088619912347008,0.008245841119564877,0.008245841119564877,172.43963221298705,4.078449901359348,2335.4822178547074,33164.575106190096,0.9958907980054317,1028.973559024527,0.490925813942543,23.100671753982834,0.48996087139806743,23.055266072822235,-0.0934091049585365,-4.395395416573121,4.8779035563915,3.313110878707633,0.0,2092026.5433654126,2.7705732993900654,0.0,0.0,0.0,shutdown,False,False,2092026.5433654126,5600902.630078219,2513071.9934324254,2801287.5975467507,2500177.289855614,2803954.4670202713,False,False,0,0,True,3.63382692588e-06,1,0,36,0,True,7.7264555148e-06,1,0
61.900000000000006,-3879.1073641650587,28603.342728580217,-75.31408463822245,283.26484174758355,293.106093275416,283.26484174758355,19.18408698454168,0.0,298.61157882829815,-9.83675334310127,104.88925846079435,108.44888443872038,107.82006097955815,-0.6288234591622284,0.008398916187345484,0.008398916187345484,172.43963221298705,4.078449901359348,2335.4822178547074,33164.575106190096,0.9927722064875649,1018.1839379596528,0.4891307392766564,22.774860401765494,0.4880977099754705,22.726760586652183,-0.09680569790428944,-4.507457983781832,4.885150067822917,3.3431420077230394,0.0,2092026.5433654126,2.7705732993900654,0.0,0.0,0.0,shutdown,False,False,2092026.5433654126,5600902.630078219,2513071.9934324254,2801287.5975467507,2500177.289855614,2803954.4670202713,False,False,0,0,True,3.63382692588e-06,1,0,36,0,True,7.7264555148e-06,1,0
62.0,-3886.6384462593437,28631.620034286047,-75.30755724748317,282.2812723690591,292.1539746587027,282.2812723690591,19.23502604316709,0.0,297.69282286539,-9.83463422725254,104.93758542398076,108.51689968335843,107.86863658094379,-0.6482631024146365,0.00855716741897177,0.00855716741897177,172.43963221298705,4.078449901359348,2335.4822178547074,33164.575106190096,0.9896560898681428,1007.5093338094313,0.4873382491926078,22.453502828287537,0.4862363396580926,22.402733718966147,-0.10014347665305379,-4.613985953265902,4.892429774661008,3.373310705767344,0.0,2092026.5433654126,2.7705732993900654,0.0,0.0,0.0,shutdown,False,False,2092026.5433654126,5600902.630078219,2513071.9934324254,2801287.5975467507,2500177.289855614,2803954.4670202713,False,False,0,0,True,3.63382692588e-06,1,0,36,0,True,7.7264555148e-06,1,0
62.1,-3894.1688751218276,28659.798993566328,-75.30102000219028,281.29791323659305,291.20226579584175,281.29791323659305,19.285787939428136,0.0,296.7746286794854,-9.832548421936872,104.98621580364302,108.58528879561717,107.91813337824382,-0.6671554173733452,0.008720474222586396,0.008720474222586396,172.43963221298705,4.078449901359348,2335.4822178547074,33164.575106190096,0.9865424458814842,996.9465982863942,0.485547962465428,22.13647967848319,0.4843766257371967,22.08307759735923,-0.10341758739738605,-4.71488194532996,4.899745348090295,3.403628042813703,0.0,2092026.5433654126,2.7705732993900654,0.0,0.0,0.0,shutdown,False,False,2092026.5433654126,5600902.630078219,2513071.9934324254,2801287.5975467507,2500177.289855614,2803954.4670202713,False,False,0,0,True,3.63382692588e-06,1,0,36,0,True,7.7264555148e-06,1,0
62.2,-3901.698649892614,28687.879627279577,-75.29447541353827,280.3147610283669,290.2509660245601,280.3147610283669,19.336372710899592,0.0,295.856996988648,-9.830495742460489,105.03515306203086,108.65405563708433,107.9685799711476,-0.6854756659367186,0.008888708629095826,0.008888708629095826,172.43963221298705,4.078449901359348,2335.4822178547074,33164.575106190096,0.9834312743114627,986.4944793152706,0.48375949129226015,21.823715089344617,0.4825184337070209,21.767727583905952,-0.10662322200962697,-4.810065458003069,4.90709938924634,3.4341047985370565,0.0,2092026.5433654126,2.7705732993900654,0.0,0.0,0.0,shutdown,False,False,2092026.5433654126,5600902.630078219,2513071.9934324254,2801287.5975467507,2500177.289855614,2803954.4670202713,False,False,0,0,True,3.63382692588e-06,1,0,36,0,True,7.7264555148e-06,1,0
62.300000000000004,-3909.2277699651763,28715.861955952743,-75.28792603771123,279.33181243494096,289.30007474117406,279.33181243494096,19.386780394558933,0.0,294.9399285892393,-9.828476125937533,105.08440071361797,108.7232041218447,108.0200042062224,-0.703199915622303,0.009061735718394935,0.009061735718394935,172.43963221298705,4.078449901359348,2335.4822178547074,33164.575106190096,0.9803225762789508,976.1528696427517,0.4819724426665205,21.51515940866924,0.48066162943813107,21.456644952100394,-0.10975562714050799,-4.899470602223552,4.914494427956777,3.4647514570966806,0.0,2092026.5433654126,2.7705732993900654,0.0,0.0,0.0,shutdown,False,False,2092026.5433654126,5600902.630078219,2513071.9934324254,2801287.5975467507,2500177.289855614,2803954.4670202713,False,False,0,0,True,3.63382692588e-06,1,0,36,0,True,7.7264555148e-06,1,0
62.400000000000006,-3916.7562349906575,28743.74599978257,-75.28137447191217,278.34906416160584,288.3495914025578,278.34906416160584,19.437011026788802,0.0,294.0234243578601,-9.826489340649609,105.133962325012,108.79273821629545,108.07243313759939,-0.7203050786960481,0.009239413798218417,0.009239413798218417,172.43963221298705,4.078449901359348,2335.4822178547074,33164.575106190096,0.9772163518361191,965.9202421640246,0.480186418761495,21.210732418324174,0.4788060783079678,21.149760198240426,-0.1128101136761664,-4.983033758925149,4.921932926577485,3.4955782230341357,0.0,2092026.5433654126,2.7705732993900654,0.0,0.0,0.0,shutdown,False,False,2092026.5433654126,5600902.630078219,2513071.9934324254,2801287.5975467507,2500177.289855614,2803954.4670202713,False,False,0,0,True,3.63382692588e-06,1,0,36,0,True,7.7264555148e-06,1,0
62.5,-3924.2840448819857,28771.53177863768,-75.27482335465726,277.36651294058805,287.3995155387292,277.36651294058805,19.487064643380755,0.0,293.10748526397975,-9.8245350795966,105.1838415151655,108.86266193911955,108.12589298837425,-0.7367689507453093,0.009421594474704283,0.009421594474704283,172.43963221298705,4.078449901359348,2335.4822178547074,33164.575106190096,0.9741126007966522,955.7945199228872,0.47840102492459313,20.91034328792254,0.4769516503703847,20.846992839444606,-0.11578218514027148,-5.060702447889806,4.929416799977537,3.5265930319858656,0.0,2092026.5433654126,2.7705732993900654,0.0,0.0,0.0,shutdown,False,False,2092026.5433654126,5600902.630078219,2513071.9934324254,2801287.5975467507,2500177.289855614,2803954.4670202713,False,False,0,0,True,3.63382692588e-06,1,0,36,0,True,7.7264555148e-06,1,0
62.6,-3931.811199817594,28799.219312061232,-75.2682753575133,276.3841555304191,286.44984675080093,276.3841555304191,19.536941279540066,0.0,292.1921123676365,-9.822613123676957,105.23404195460012,108.93297936046874,108.18040911305977,-0.7525702474089758,0.009608122949095141,0.009608122949095141,172.43963221298705,4.078449901359348,2335.4822178547074,33164.575106190096,0.971011324101649,945.774512991302,0.4766158704689417,20.61392212391625,0.475098220169366,20.54828283864442,-0.11866750792488512,-5.13244085765751,4.936947564300977,3.557802167184536,0.0,2092026.5433654126,2.7705732993900654,0.0,0.0,0.0,shutdown,False,False,2092026.5433654126,5600902.630078219,2513071.9934324254,2801287.5975467507,2500177.289855614,2803954.4670202713,False,False,0,0,True,3.63382692588e-06,1,0,36,0,True,7.7264555148e-06,1,0
62.7,-3939.337700244258,28826.80861927276,-75.26173317575955,275.4019887001153,285.5005846939681,275.4019887001153,19.58664096988902,0.0,291.2773068023861,-9.820723482299531,105.28456736521137,109.00369460190446,108.23600596183927,-0.7676886400651887,0.009798838349618564,0.009798838349618564,172.43963221298705,4.078449901359348,2335.4822178547074,33164.575106190096,0.9679125247284586,935.860874237706,0.47483054456416035,20.3214393008946,0.473245648763715,20.253610126517128,-0.12146135475329696,-5.198211396213225,4.944528587310739,3.589219585376671,0.0,2092026.5433654126,2.7705732993900654,0.0,0.0,0.0,shutdown,False,False,2092026.5433654126,5600902.630078219,2513071.9934324254,2801287.5975467507,2500177.289855614,2803954.4670202713,False,False,0,0,True,3.63382692588e-06,1,0,36,0,True,7.7264555148e-06,1,0
62.800000000000004,-3946.8635468796424,28854.29971916972,-75.2551995319261,274.42000923911615,284.5517290887311,274.42000923911615,19.636163748469713,0.0,290.3630697867906,-9.81886573758849,105.33542152121512,109.07481183710118,108.29270704572419,-0.7821047913769914,0.009993573715206431,0.009993573715206431,172.43963221298705,4.078449901359348,2335.4822178547074,33164.575106190096,0.9648162024011308,926.0506226573888,0.4730446512968717,20.03278774618746,0.47139380751010757,19.96287679149916,-0.12415938606015155,-5.257978545621515,4.952162028155403,3.620854234546435,0.0,2092026.5433654126,2.7705732993900654,0.0,0.0,0.0,shutdown,False,False,2092026.5433654126,5600902.630078219,2513071.9934324254,2801287.5975467507,2500177.289855614,2803954.4670202713,False,False,0,0,True,3.63382692588e-06,1,0,36,0,True,7.7264555148e-06,1,0
62.900000000000006,-3954.388740714926,28881.692630330133,-75.24867717374379,273.4382139691336,283.6032797324953,273.4382139691336,19.68550964874879,0.0,289.449402635897,-9.817039661973984,105.38660824890873,109.14633529137535,108.35053490209151,-0.7958003892838471,0.010192156144396001,0.010192156144396001,172.43963221298705,4.078449901359348,2335.4822178547074,33164.575106190096,0.9617223588704765,916.3425590956506,0.47125780126466904,19.747900732128944,0.4695425718560718,19.67602461675662,-0.12675737380116797,-5.311725404169974,4.95984995679847,3.6527146930755157,0.0,2092026.5433654126,2.7705732993900654,0.0,0.0,0.0,shutdown,False,False,2092026.5433654126,5600902.630078219,2513071.9934324254,2801287.5975467507,2500177.289855614,2803954.4670202713,False,False,0,0,True,3.63382692588e-06,1,0,36,0,True,7.7264555148e-06,1,0
63.0,-3961.9132830166445,28908.987371015162,-75.2421688606389,272.4565997314589,282.6552364844517,272.4565997314589,19.73467870362213,0.0,288.5363067457426,-9.81524509143742,105.43813142549953,109.21826924064231,108.4095110620379,-0.8087581786044302,0.010394407280550601,0.010394407280550601,172.43963221298705,4.078449901359348,2335.4822178547074,33164.575106190096,0.9586309968063579,906.7361455816655,0.46946961277288957,19.466727105824354,0.46769182113890045,19.39301033343205,-0.12925121118205696,-5.359448168151328,4.967594354950571,3.6848091736063955,0.0,2092026.5433654126,2.7705732993900654,0.0,0.0,0.0,shutdown,False,False,2092026.5433654126,5600902.630078219,2513071.9934324254,2801287.5975467507,2500177.289855614,2803954.4670202713,False,False,0,0,True,3.63382692588e-06,1,0,36,0,True,7.7264555148e-06,1,0
63.1,-3969.4371753274886,28936.183959170947,-75.23567735623605,271.47516338422315,281.70759926161435,271.47516338422315,19.783670945418102,0.0,287.6237835891909,-9.813481853199061,105.48999497856174,109.2906180108489,108.46965602007072,-0.8209619907781976,0.01060014364238108,0.01060014364238108,172.43963221298705,4.078449901359348,2335.4822178547074,33164.575106190096,0.9555421191459339,897.2308485097243,0.4676797132772301,19.189216996042646,0.46584143863649946,19.113791336177872,-0.13163692225433962,-5.401152528359416,4.975397115820681,3.7171455220113265,0.0,2092026.5433654126,2.7705732993900654,0.0,0.0,0.0,shutdown,False,False,2092026.5433654126,5600902.630078219,2513071.9934324254,2801287.5975467507,2500177.289855614,2803954.4670202713,False,False,0,0,True,3.63382692588e-06,1,0,36,0,True,7.7264555148e-06,1,0
63.2,-3976.9604194667845,28963.282412430795,-75.2292054296803,270.49390181274566,280.76036804980924,270.49390181274566,19.832486405901548,0.0,286.7118347270067,-9.8117495762772,105.5422028865038,109.36338597819513,108.53098920491973,-0.8323967732753925,0.010809176684617177,0.010809176684617177,172.43963221298705,4.078449901359348,2335.4822178547074,33164.575106190096,0.9524557273101563,887.824343965005,0.46588774011127004,18.91528356805859,0.46399131090784285,18.83828756009108,-0.13391067180762356,-5.436842638154571,4.98326004712746,3.7497312298719923,0.0,2092026.5433654126,2.7705732993900654,0.0,0.0,0.0,shutdown,False,False,2092026.5433654126,5600902.630078219,2513071.9934324254,2801287.5975467507,2500177.289855614,2803954.4670202713,False,False,0,0,True,3.63382692588e-06,1,0,36,0,True,7.7264555148e-06,1,0
63.300000000000004,-3984.483017530849,28990.28274811811,-75.2227558516071,269.5128119335066,279.81354290708697,269.5128119335066,19.881125116279048,0.0,285.80046181113767,-9.81004800843667,105.59475917832697,109.43657756875479,108.5935289511745,-0.8430486175802767,0.0110213130255302,0.0110213130255302,172.43963221298705,4.078449901359348,2335.4822178547074,33164.575106190096,0.9493718242394718,878.515542895498,0.4640933473123004,18.644868198376265,0.46214133187969536,18.566446323395958,-0.13606886847594782,-5.4665427404393245,4.991184499299459,3.782571893659806,0.0,2092026.5433654126,2.7705732993900654,0.0,0.0,0.0,shutdown,False,False,2092026.5433654126,5600902.630078219,2513071.9934324254,2801287.5975467507,2500177.289855614,2803954.4670202713,False,False,0,0,True,3.63382692588e-06,1,0,36,0,True,7.7264555148e-06,1,0
63.400000000000006,-3992.0049718923074,29017.18498324896,-75.21633137756241,268.53189068352907,278.86712394968697,268.53189068352907,19.92958710720354,0.0,284.8896665700259,-9.80837699105227,105.64766793169935,109.51019725668242,108.65729247340374,-0.8529047832786667,0.011236355085848361,0.011236355085848361,172.43963221298705,4.078449901359348,2335.4822178547074,33164.575106190096,0.9462904142516325,869.3044561288345,0.46229621067022514,18.377937265342915,0.4602914050523817,18.298239030696955,-0.1381082705611437,-5.490300533759442,4.9991709923906456,3.8156696685921987,0.0,2092026.5433654126,2.7705732993900654,0.0,0.0,0.0,shutdown,False,False,2092026.5433654126,5600902.630078219,2513071.9934324254,2801287.5975467507,2500177.289855614,2803954.4670202713,False,False,0,0,True,3.63382692588e-06,1,0,36,0,True,7.7264555148e-06,1,0
63.5,-3999.5262851986754,29043.989134534244,-75.20993474980955,267.5511350221681,277.921111354861,267.5511350221681,19.97787240877822,0.0,283.9794508116933,-9.806736236110806,105.70093327396212,109.58424956506214,108.72229584232717,-0.8619537227349686,0.011454101166200808,0.011454101166200808,172.43963221298705,4.078449901359348,2335.4822178547074,33164.575106190096,0.9432115003117889,860.1895136393455,0.4604959988488495,18.114424048400295,0.45844142575891017,18.03360378441835,-0.14002515965875825,-5.508137151776337,5.007222435707739,3.8490366114728176,0.0,2092026.5433654126,2.7705732993900654,0.0,0.0,0.0,shutdown,False,False,2092026.5433654126,5600902.630078219,2513071.9934324254,2801287.5975467507,2500177.289855614,2803954.4670202713,False,False,0,0,True,3.63382692588e-06,1,0,36,0,True,7.7264555148e-06,1,0
63.6,-4007.046960371249,29070.695218382338,-75.20356870166509,266.5705419396856,276.97550537093304,266.5705419396856,20.025981050561327,0.0,283.06981643409006,-9.805125413488165,105.75455938327413,109.65873906678618,108.78855396118168,-0.8701851056045072,0.011674345437576705,0.011674345437576705,172.43963221298705,4.078449901359348,2335.4822178547074,33164.575106190096,0.9401350855554558,851.1690458553951,0.4586924103170886,17.854261889883006,0.4565913021000864,17.772477810788676,-0.14181635401488255,-5.520096404254247,5.015340261698836,3.882678658680017,0.0,2092026.5433654126,2.7705732993900654,0.0,0.0,0.0,shutdown,False,False,2092026.5433654126,5600902.630078219,2513071.9934324254,2801287.5975467507,2500177.289855614,2803954.4670202713,False,False,0,0,True,3.63382692588e-06,1,0,36,0,True,7.7264555148e-06,1,0
63.7,-4014.567000603664,29097.303250902143,-75.197235946628,265.5901084564479,276.0303063142173,265.5901084564479,20.07391306157162,0.0,282.16076542150637,-9.803544251219057,105.80855048726018,109.73367038316816,108.85608054343425,-0.8775898397339192,0.01189687842094369,0.01189687842094369,172.43963221298705,4.078449901359348,2335.4822178547074,33164.575106190096,0.9370611740437865,842.2420169567088,0.4568851630802901,17.597399088844647,0.45474094869662635,17.514812480019398,-0.14347885856847709,-5.526234903359483,5.023525800948312,3.916601324446599,0.0,2092026.5433654126,2.7705732993900654,0.0,0.0,0.0,shutdown,False,False,2092026.5433654126,5600902.630078219,2513071.9934324254,2801287.5975467507,2500177.289855614,2803954.4670202713,False,False,0,0,True,3.63382692588e-06,1,0,36,0,True,7.7264555148e-06,1,0
63.800000000000004,-4022.08640935928,29123.81324790562,-75.19093916569203,264.6098316130682,275.08551455668305,264.6098316130682,20.121668470292935,0.0,281.25229983178366,-9.80199261633477,105.86291086178488,109.80904818280953,108.92488809353438,-0.8841600892751624,0.012121487568617665,0.012121487568617665,172.43963221298705,4.078449901359348,2335.4822178547074,33164.575106190096,0.9339897716157103,833.4088458552088,0.4550739965973341,17.34381574715721,0.4528902874846833,17.26059005467996,-0.14500987334779603,-5.5266276334575135,5.031780277969041,3.9508096834218525,0.0,2092026.5433654126,2.7705732993900654,0.0,0.0,0.0,shutdown,False,False,2092026.5433654126,5600902.630078219,2513071.9934324254,2801287.5975467507,2500177.289855614,2803954.4670202713,False,False,0,0,True,3.63382692588e-06,1,0,36,0,True,7.7264555148e-06,1,0
63.900000000000006,-4029.605190367932,29150.225224910166,-75.18468100734677,263.62970847789006,274.141130533734,263.62970847789006,20.1692473046785,0.0,280.3444218040947,-9.800470087192346,105.91764483127074,109.8848771816955,108.9949878897609,-0.8898892919345922,0.012347957413986895,0.012347957413986895,172.43963221298705,4.078449901359348,2335.4822178547074,33164.575106190096,0.9309208814810601,824.6672051897093,0.4532586704260635,17.093435984444938,0.4510392452948873,17.009736313865293,-0.14640680250443977,-5.521340174131633,5.040104822130922,3.9853084159617653,0.0,2092026.5433654126,2.7705732993900654,0.0,0.0,0.0,shutdown,False,False,2092026.5433654126,5600902.630078219,2513071.9934324254,2801287.5975467507,2500177.289855614,2803954.4670202713,False,False,0,0,True,3.63382692588e-06,1,0,36,0,True,7.7264555148e-06,1,0
64.0,-4037.123347622739,29176.53919714185,-75.17846408879807,262.64973615585154,273.1971547536488,262.64973615585154,20.216649592156717,0.0,279.4371335684302,-9.798976353548733,105.97275676917836,109.96116214341663,109.06638996781597,-0.89477217560066,0.012576069682546083,0.012576069682546083,172.43963221298705,4.078449901359348,2335.4822178547074,33164.575106190096,0.9278545083549466,816.0159322880987,0.4514389679511963,16.846209907864427,0.4491877566057456,16.762202142552223,-0.1476672620594544,-5.51045405863617,5.048500453792697,4.020101750656234,0.0,2092026.5433654126,2.7705732993900654,0.0,0.0,0.0,shutdown,False,False,2092026.5433654126,5600902.630078219,2513071.9934324254,2801287.5975467507,2500177.289855614,2803954.4670202713,False,False,0,0,True,3.63382692588e-06,1,0,36,0,True,7.7264555148e-06,1,0
64.10000000000001,-4044.640885380854,29202.755179551426,-75.17229107348427,261.6699120356228,272.2535880571039,261.6699120356228,20.263875359660048,0.0,278.5304377050835,-9.797506050998809,106.02825110007018,110.0379078773311,109.13910310627952,-0.898804771051565,0.012805603830405075,0.012805603830405075,172.43963221298705,4.078449901359348,2335.4822178547074,33164.575106190096,0.9247906584682776,807.4542047348201,0.4495896012710093,16.601169481892182,0.44731066397131436,16.517019349763046,-0.14878911839694164,-5.494062506307855,5.056967967986793,4.0551929822935975,0.0,2092026.5433654126,2.7705732993900654,0.0,0.0,0.0,shutdown,False,False,2092026.5433654126,5600902.630078219,2513071.9934324254,2801287.5975467507,2500177.289855614,2803954.4670202713,False,False,0,0,True,3.63382692588e-06,1,0,36,0,True,7.7264555148e-06,1,0
64.2,-4052.157808222534,29228.87318700052,-75.16616576013202,260.69023694633404,271.31043495268557,260.69023694633404,20.310924633960393,0.0,277.6243404841468,-9.795995734757179,106.08413233641859,110.11511922583274,109.21313481551533,-0.9019844103174209,0.013036337710472592,0.013036337710472592,172.43963221298705,4.078449901359348,2335.4822178547074,33164.575106190096,0.9217293514340524,798.9822615507136,0.4473936090970557,16.3467506757863,0.4450910768543807,16.262621354918416,-0.14977082244094034,-5.472287138590741,5.065506671091302,4.090579236352895,0.0,2092026.5433654126,2.7705732993900654,0.0,0.0,0.0,shutdown,False,False,2092026.5433654126,5600902.630078219,2513071.9934324254,2801287.5975467507,2500177.289855614,2803954.4670202713,False,False,0,0,True,3.63382692588e-06,1,0,36,0,True,7.7264555148e-06,1,0
64.3,-4059.6741211001013,29254.89323441842,-75.16009179122099,259.7107114116615,270.36769966106544,259.7107114116615,20.35779744195154,0.0,276.7188479043521,-9.794514958677842,106.14040503405158,110.19280107644825,109.288491328423,-0.9043097480252386,0.013268047550739442,0.013268047550739442,172.43963221298705,4.078449901359348,2335.4822178547074,33164.575106190096,0.9186706031641118,790.597771434749,0.44519306152554355,16.09564919738755,0.4428712116076868,16.01170430921085,-0.15061024764858455,-5.4452100025467045,5.074118786552306,4.12626972728122,0.0,2092026.5433654126,2.7705732993900654,0.0,0.0,0.0,shutdown,False,False,2092026.5433654126,5600902.630078219,2513071.9934324254,2801287.5975467507,2500177.289855614,2803954.4670202713,False,False,0,0,True,3.63382692588e-06,1,0,36,0,True,7.7264555148e-06,1,0
64.4,-4067.189829267395,29280.81533661376,-75.15407155463724,258.73133249508203,269.4253827795745,258.73133249508203,20.40449381030993,0.0,275.8139623537713,-9.793063372899326,106.197073755959,110.27095837578912,109.36517759129012,-0.9057807844990025,0.01350050801087934,0.01350050801087934,172.43963221298705,4.078449901359348,2335.4822178547074,33164.575106190096,0.9156144190812392,782.2997830599398,0.4429878448185586,15.847820544050444,0.4406510332485119,15.764221477302849,-0.15130592940615498,-5.412945850605995,5.082804905249582,4.162266903813652,0.0,2092026.5433654126,2.7705732993900654,0.0,0.0,0.0,shutdown,False,False,2092026.5433654126,5600902.630078219,2513071.9934324254,2801287.5975467507,2500177.289855614,2803954.4670202713,False,False,0,0,True,3.63382692588e-06,1,0,36,0,True,7.7264555148e-06,1,0
64.5,-4074.704938214034,29306.639508103195,-75.14810737815311,257.7520972936421,268.4834849702856,257.7520972936421,20.451013765186033,0.0,274.90968630197443,-9.791640655893298,106.25414311221199,110.34959611570054,109.44319725698297,-0.9063988587175649,0.013733492942032091,0.013733492942032091,172.43963221298705,4.078449901359348,2335.4822178547074,33164.575106190096,0.9125608052987539,774.0877294314389,0.4407778730152565,15.60322938944432,0.4384305149233822,15.52013454959646,-0.1518566502552669,-5.375619542870145,5.091565502530232,4.198572735892598,0.0,2092026.5433654126,2.7705732993900654,0.0,0.0,0.0,shutdown,False,False,2092026.5433654126,5600902.630078219,2513071.9934324254,2801287.5975467507,2500177.289855614,2803954.4670202713,False,False,0,0,True,3.63382692588e-06,1,0,36,0,True,7.7264555148e-06,1,0
64.60000000000001,-4082.2194536590737,29332.365763114656,-75.14220152262705,256.7730029355084,267.5420069562642,256.7730029355084,20.497357332210207,0.0,274.0060222959825,-9.790246506779303,106.31161775943748,110.4287193326758,109.52255268167887,-0.9061666509969115,0.013966775863205407,0.013966775863205407,172.43963221298705,4.078449901359348,2335.4822178547074,33164.575106190096,0.9095097685478214,765.9613619289838,0.43856308836098473,15.361848027091334,0.4362096379702213,15.279412117180811,-0.152261445464372,-5.333365364491583,5.10040093672351,4.235188708512896,0.0,2092026.5433654126,2.7705732993900654,0.0,0.0,0.0,shutdown,False,False,2092026.5433654126,5600902.630078219,2513071.9934324254,2801287.5975467507,2500177.289855614,2803954.4670202713,False,False,0,0,True,3.63382692588e-06,1,0,36,0,True,7.7264555148e-06,1,0
64.7,-4089.733381544383,29357.99411559082,-75.13635618356744,255.7940465878145,266.60094953002874,255.7940465878145,20.54352453649894,0.0,273.1029729687598,-9.788880447102933,106.36950240138582,110.50833310815044,109.60324492341866,-0.90508818473178,0.014200130120283436,0.014200130120283436,172.43963221298705,4.078449901359348,2335.4822178547074,33164.575106190096,0.9064613138680448,757.9186754679143,0.43634345998611845,15.123614707379048,0.43398839033705494,15.041988261132753,-0.15251960861451436,-5.2863122918802254,5.1093114540263755,4.272115841968618,0.0,2092026.5433654126,2.7705732993900654,0.0,0.0,0.0,shutdown,False,False,2092026.5433654126,5600902.630078219,2513071.9934324254,2801287.5975467507,2500177.289855614,2803954.4670202713,False,False,0,0,True,3.63382692588e-06,1,0,36,0,True,7.7264555148e-06,1,0
64.8,-4097.246728028054,29383.524579193243,-75.13057348986027,254.81522546064545,265.6603135575106,254.81522546064545,20.589515402662315,0.0,272.20054104309196,-9.787542096287659,106.4278017891466,110.58844256851204,109.68527374190754,-0.9031688266044983,0.014433329162750126,0.014433329162750126,172.43963221298705,4.078449901359348,2335.4822178547074,33164.575106190096,0.9034154478076699,749.9587646692279,0.43411898644556174,14.888491269297946,0.4317667689925066,14.807819909355725,-0.15263069594891876,-5.234603541919282,5.1182971774453865,4.309354646025854,0.0,2092026.5433654126,2.7705732993900654,0.0,0.0,0.0,shutdown,False,False,2092026.5433654126,5600902.630078219,2513071.9934324254,2801287.5975467507,2500177.289855614,2803954.4670202713,False,False,0,0,True,3.63382692588e-06,1,0,36,0,True,7.7264555148e-06,1,0
64.9,-4104.75949947725,29408.957167306293,-75.12485549402892,253.8365368002817,264.72009996930626,253.8365368002817,20.63532995481109,0.0,271.298729322415,-9.786231110998717,106.4865207202643,110.66905288422768,109.76863760089633,-0.9004152833313499,0.014666147167699225,0.014666147167699225,172.43963221298705,4.078449901359348,2335.4822178547074,33164.575106190096,0.9003721777398547,742.0812167610881,0.4318896952879774,14.656450525052938,0.42954477948667164,14.576874321216131,-0.15259453050336177,-5.1783921013094405,5.127358107121406,4.346905121268372,0.0,2092026.5433654126,2.7705732993900654,0.0,0.0,0.0,shutdown,False,False,2092026.5433654126,5600902.630078219,2513071.9934324254,2801287.5975467507,2500177.289855614,2803954.4670202713,False,False,0,0,True,3.63382692588e-06,1,0,36,0,True,7.7264555148e-06,1,0
65.0,-4112.271702414732,29434.2918920971,-75.11920325563166,252.85795901583663,263.7802914082389,252.85795901583663,20.680968214863263,0.0,270.39752271688945,-9.785324577962152,106.54566501605316,110.75017050530768,109.85333005023504,-0.8968404550726375,0.014897094683084583,0.014897094683084583,172.43963221298705,4.078449901359348,2335.4822178547074,33164.575106190096,0.8973314515605674,734.2854302228309,0.43150146409229206,14.48944363521882,0.42917739638467817,14.411403464197056,-0.15184103591018838,-5.098689840976629,5.1288802032701515,4.353213020765867,0.0,2092026.5433654126,2.7705732993900654,0.0,0.0,0.0,shutdown,False,False,2092026.5433654126,5600902.630078219,2513071.9934324254,2801287.5975467507,2500177.289855614,2803954.4670202713,False,False,0,0,True,3.63382692588e-06,1,0,36,0,True,7.7264555148e-06,1,0
65.10000000000001,-4119.783343453009,29459.52876346793,-75.11361750990466,251.8794684007373,262.8408684684752,251.8794684007373,20.7264302006569,0.0,269.49690415105096,-9.784487724087928,106.60524065858152,110.83180207793389,109.93933571642407,-0.8924663615098101,0.015124546324307405,0.015124546324307405,172.43963221298705,4.078449901359348,2335.4822178547074,33164.575106190096,0.8942932091234859,726.5695316121788,0.43136456602635564,14.332639409272623,0.42906667813708066,14.256289145218018,-0.15087066506174968,-5.012870805978733,5.129417925332629,4.355441458654295,0.0,2092026.5433654126,2.7705732993900654,0.0,0.0,0.0,shutdown,False,False,2092026.5433654126,5600902.630078219,2513071.9934324254,2801287.5975467507,2500177.289855614,2803954.4670202713,False,False,0,0,True,3.63382692588e-06,1,0,36,0,True,7.7264555148e-06,1,0
65.2,-4127.294429311618,29484.667789921703,-75.10809966228267,250.90106067474838,261.9018306209278,250.90106067474838,20.771715927509245,0.0,268.5968750474329,-9.783666795758231,106.66525265308313,110.91395300919254,110.0266336738251,-0.887319335367436,0.015348189413968608,0.015348189413968608,172.43963221298705,4.078449901359348,2335.4822178547074,33164.575106190096,0.8912574527044883,718.9326551425494,0.43122187718135246,14.1772997406165,0.42895399745796986,14.102738563840814,-0.14976845563909377,-4.923943797015865,5.130030185942317,4.3579788005924955,0.0,2092026.5433654126,2.7705732993900654,0.0,0.0,0.0,shutdown,False,False,2092026.5433654126,5600902.630078219,2513071.9934324254,2801287.5975467507,2500177.289855614,2803954.4670202713,False,False,0,0,True,3.63382692588e-06,1,0,36,0,True,7.7264555148e-06,1,0
65.3,-4134.804966848726,29509.708979668878,-75.10265107987146,249.9227342688068,260.96317997683417,249.9227342688068,20.81682541021072,0.0,267.69743942467596,-9.78286132314239,106.72570589601277,110.99662855873295,110.11520175051214,-0.881426808220812,0.015567901592984983,0.015567901592984983,172.43963221298705,4.078449901359348,2335.4822178547074,33164.575106190096,0.8882241937894256,711.3744589583697,0.4310737135162606,14.02343268894856,0.4288394428150766,13.95074872839952,-0.14853967771622198,-4.832204114466323,5.130714119958721,4.360813172811328,0.0,2092026.5433654126,2.7705732993900654,0.0,0.0,0.0,shutdown,False,False,2092026.5433654126,5600902.630078219,2513071.9934324254,2801287.5975467507,2500177.289855614,2803954.4670202713,False,False,0,0,True,3.63382692588e-06,1,0,36,0,True,7.7264555148e-06,1,0
65.4,-4142.314963051347,29534.652340765406,-75.09727297253991,248.9444876616892,260.0249187002144,248.9444876616892,20.8617586632734,0.0,266.79860136369524,-9.78207081927724,106.7866053143896,111.07983401413814,110.20501710629387,-0.8748169078442786,0.015783571951835947,0.015783571951835947,172.43963221298705,4.078449901359348,2335.4822178547074,33164.575106190096,0.8851934438102145,703.8943768379812,0.4309204047237711,13.871041786442907,0.42872310743617953,13.800312245304195,-0.1471897178574584,-4.7379393144409185,5.1314668155364735,4.36393250798643,0.0,2092026.5433654126,2.7705732993900654,0.0,0.0,0.0,shutdown,False,False,2092026.5433654126,5600902.630078219,2513071.9934324254,2801287.5975467507,2500177.289855614,2803954.4670202713,False,False,0,0,True,3.63382692588e-06,1,0,36,0,True,7.7264555148e-06,1,0
65.5,-4149.824425020041,29559.497881117768,-75.09196640135647,247.96631938556547,259.08704901566716,247.96631938556547,20.90651570094011,0.0,265.9003650158631,-9.781294703268628,106.84795586766549,111.16357469247522,110.29605629699957,-0.8675183954756696,0.015995100571475768,0.015995100571475768,172.43963221298705,4.078449901359348,2335.4822178547074,33164.575106190096,0.8821652131670181,696.4907890495562,0.4307622919467631,13.720109628825227,0.4286050887731123,13.651401051989547,-0.14572406616439793,-4.641423357411274,5.132285318672588,4.367324564083051,0.0,2092026.5433654126,2.7705732993900654,0.0,0.0,0.0,shutdown,False,False,2092026.5433654126,5600902.630078219,2513071.9934324254,2801287.5975467507,2500177.289855614,2803954.4670202713,False,False,0,0,True,3.63382692588e-06,1,0,36,0,True,7.7264555148e-06,1,0
65.60000000000001,-4157.333359954274,29584.24560848838,-75.08673228327139,246.98822802669494,258.1495732104671,246.98822802669494,20.95109653719416,0.0,265.002734605354,-9.78053247421095,106.90976254913716,111.24785594148317,110.38829533658559,-0.8595606048975839,0.01620239822159489,0.01620239822159489,172.43963221298705,4.078449901359348,2335.4822178547074,33164.575106190096,0.8791395134414514,689.1628835887682,0.4305997256439536,13.570634491629358,0.428485488072936,13.504002899466027,-0.14414830378184068,-4.542928912196306,5.133166637483469,4.370976942080898,0.0,2092026.5433654126,2.7705732993900654,0.0,0.0,0.0,shutdown,False,False,2092026.5433654126,5600902.630078219,2513071.9934324254,2801287.5975467507,2500177.289855614,2803954.4670202713,False,False,0,0,True,3.63382692588e-06,1,0,36,0,True,7.7264555148e-06,1,0
65.7,-4164.841775137952,29608.895530500668,-75.08157139029188,246.01021221908675,257.2124936283531,246.01021221908675,20.995501185768468,0.0,264.10571442296674,-9.77978367802462,106.97203038666854,111.33268314021942,110.48170975815096,-0.8509733820684598,0.016405386281638984,0.016405386281638984,172.43963221298705,4.078449901359348,2335.4822178547074,33164.575106190096,0.8761163569726506,681.9102967412937,0.43043306340784476,13.422623156040993,0.42836440986265795,13.358114271064512,-0.14246809025703108,-4.4427244323213655,5.134107746559331,4.374877104019822,0.0,2092026.5433654126,2.7705732993900654,0.0,0.0,0.0,shutdown,False,False,2092026.5433654126,5600902.630078219,2513071.9934324254,2801287.5975467507,2500177.289855614,2803954.4670202713,False,False,0,0,True,3.63382692588e-06,1,0,36,0,True,7.7264555148e-06,1,0
65.8,-4172.349677924901,29633.447654643773,-75.07648434869593,245.03227064303945,256.2758126679998,245.03227064303945,21.039729660154066,0.0,263.2093088245148,-9.779047842993371,107.03476444312442,111.41806169934846,110.57627467427369,-0.8417870250747588,0.01660399658264257,0.01660399658264257,172.43963221298705,4.078449901359348,2335.4822178547074,33164.575106190096,0.8730957561817467,674.7325515189527,0.4302627519128228,13.276082372579804,0.42824203953636353,13.21373176509194,-0.14068955841446587,-4.341082648146058,5.135103266139758,4.379002754995484,0.0,2092026.5433654126,2.7705732993900654,0.0,0.0,0.0,shutdown,False,False,2092026.5433654126,5600902.630078219,2513071.9934324254,2801287.5975467507,2500177.289855614,2803954.4670202713,False,False,0,0,True,3.63382692588e-06,1,0,36,0,True,7.7264555148e-06,1,0
65.9,-4179.857075724818,29657.90198827742,-75.071471649632,244.0544020298655,255.33953279074655,244.0544020298655,21.08378197360884,0.0,262.3135222391423,-9.778324420554693,107.09796981884777,111.50399706325504,110.67196483550649,-0.8320322277485476,0.016798170922884215,0.016798170922884215,172.43963221298705,4.078449901359348,2335.4822178547074,33164.575106190096,0.870077722385348,667.6280792832574,0.4300891208281267,13.13099319899376,0.42811845374751256,13.070827026961322,-0.13881829623392763,-4.238242762880872,5.136151171076262,4.383345502349417,0.0,2092026.5433654126,2.7705732993900654,0.0,0.0,0.0,shutdown,False,False,2092026.5433654126,5600902.630078219,2513071.9934324254,2801287.5975467507,2500177.289855614,2803954.4670202713,False,False,0,0,True,3.63382692588e-06,1,0,36,0,True,7.7264555148e-06,1,0
66.0,-4187.363975990323,29682.258538636994,-75.06653366046682,243.07660516166462,254.40365652387504,243.07660516166462,21.127658139166698,0.0,261.41835917338415,-9.77761294353479,107.16165165466815,111.5904947127332,110.76875468625643,-0.821740026476779,0.016987860639125784,0.016987860639125784,172.43963221298705,4.078449901359348,2335.4822178547074,33164.575106190096,0.867062268108777,660.5961059544373,0.42991248711603386,12.987351482149684,0.42799371787956886,12.929386823680993,-0.13685987963158427,-4.134439947310367,5.137249751137352,4.387898258508098,0.0,2092026.5433654126,2.7705732993900654,0.0,0.0,0.0,shutdown,False,False,2092026.5433654126,5600902.630078219,2513071.9934324254,2801287.5975467507,2500177.289855614,2803954.4670202713,False,False,0,0,True,3.63382692588e-06,1,0,36,0,True,7.7264555148e-06,1,0
66.10000000000001,-4194.870386204512,29706.517312838372,-75.06167062330648,242.09887886583311,253.468186455135,242.09887886583311,21.171358169646254,0.0,260.52382420569256,-9.776912973163746,107.22581513255226,111.67756016552515,110.86661841918024,-0.8109417463449095,0.01717302651713237,0.01717302651713237,172.43963221298705,4.078449901359348,2335.4822178547074,33164.575106190096,0.8640494065036887,653.6361743628393,0.42973321637499023,12.845160305804466,0.4278679445041128,12.789405443759032,-0.134820159169786,-4.0299108632989595,5.1383958956649,4.392648132223587,0.0,2092026.5433654126,2.7705732993900654,0.0,0.0,0.0,shutdown,False,False,2092026.5433654126,5600902.630078219,2513071.9934324254,2801287.5975467507,2500177.289855614,2803954.4670202713,False,False,0,0,True,3.63382692588e-06,1,0,36,0,True,7.7264555148e-06,1,0
66.2,-4202.376313868449,29730.678317882277,-75.05688265544477,241.12122201231463,252.53312523046384,241.12122201231463,21.2148820776587,0.0,259.62992198423115,-9.776224097276442,107.29046547650752,111.76519897704928,110.9655300288298,-0.7996689482194657,0.01735363861951337,0.01735363861951337,172.43963221298705,4.078449901359348,2335.4822178547074,33164.575106190096,0.8610391512211117,646.7480387072397,0.4295516715301156,12.704426321554976,0.42774124700685023,12.650881180211142,-0.13270500505614316,-3.924885109239183,5.1395864798122615,4.397582173447631,0.0,2092026.5433654126,2.7705732993900654,0.0,0.0,0.0,shutdown,False,False,2092026.5433654126,5600902.630078219,2513071.9934324254,2801287.5975467507,2500177.289855614,2803954.4670202713,False,False,0,0,True,3.63382692588e-06,1,0,36,0,True,7.7264555148e-06,1,0
66.3,-4209.881766489133,29754.7415606588,-75.05216975823728,240.1436335181999,251.59847556124575,240.1436335181999,21.258229875615918,0.0,258.7366572346408,-9.775545785087983,107.3556079548392,111.85341674227035,111.06546336352596,-0.7879533787443946,0.017529675839394028,0.017529675839394028,172.43963221298705,4.078449901359348,2335.4822178547074,33164.575106190096,0.8580315144629368,639.9301052385292,0.4293682110600554,12.565129087345099,0.42761373904626526,12.51378581887401,-0.13052029617014813,-3.819575664084361,5.140818368381732,4.402687389234909,0.0,2092026.5433654126,2.7705732993900654,0.0,0.0,0.0,shutdown,False,False,2092026.5433654126,5600902.630078219,2513071.9934324254,2801287.5975467507,2500177.289855614,2803954.4670202713,False,False,0,0,True,3.63382692588e-06,1,0,36,0,True,7.7264555148e-06,1,0
66.4,-4217.386751568227,29778.707047952175,-75.04753182361797,239.16611234929556,250.66424022802457,239.16611234929556,21.301401575739106,0.0,257.844034764176,-9.774877593064618,107.42124788213732,111.94221909735496,111.16639217494162,-0.7758269224133486,0.01770112554715694,0.01770112554715694,172.43963221298705,4.078449901359348,2335.4822178547074,33164.575106190096,0.8550265097582121,633.1816359411794,0.4291831874820457,12.4272643506035,0.42748553417455354,12.37810775024444,-0.1282719097964179,-3.7141923968387913,5.142088419411435,4.407950758607901,0.0,2092026.5433654126,2.7705732993900654,0.0,0.0,0.0,shutdown,False,False,2092026.5433654126,5600902.630078219,2513071.9934324254,2801287.5975467507,2500177.289855614,2803954.4670202713,False,False,0,0,True,3.63382692588e-06,1,0,36,0,True,7.7264555148e-06,1,0
66.5,-4224.89127659117,29802.574786445377,-75.04296863524607,238.18865751479024,249.73042207606298,238.18865751479024,21.34439719006705,0.0,256.95205945748086,-9.774219097109635,107.48739062060054,112.03161172081622,111.26829016624079,-0.763321554575425,0.017867983439628567,0.017867983439628567,172.43963221298705,4.078449901359348,2335.4822178547074,33164.575106190096,0.852024151044455,626.5020178797611,0.4289969458087466,12.290829655251013,0.4273567453443221,12.243837655178144,-0.1259657113403471,-3.60893734935108,5.143393487889846,4.413359247950678,0.0,2092026.5433654126,2.7705732993900654,0.0,0.0,0.0,shutdown,False,False,2092026.5433654126,5600902.630078219,2513071.9934324254,2801287.5975467507,2500177.289855614,2803954.4670202713,False,False,0,0,True,3.63382692588e-06,1,0,36,0,True,7.7264555148e-06,1,0
66.60000000000001,-4232.3953490163785,29826.344782724253,-75.03847986891988,237.2112680627143,248.7970240114604,237.2112680627143,21.387216730463564,0.0,256.0607362728563,-9.773569944472664,107.55404158117784,112.1216003344684,111.3711310393623,-0.7504692951061007,0.01803025339228753,0.01803025339228753,172.43963221298705,4.078449901359348,2335.4822178547074,33164.575106190096,0.8490244534363414,619.8913598594148,0.4288098606426955,12.15583711113606,0.427227520818415,12.110981180981868,-0.12360770813189151,-3.5040126257360504,5.144729466971626,4.418895837597504,0.0,2092026.5433654126,2.7705732993900654,0.0,0.0,0.0,shutdown,False,False,2092026.5433654126,5600902.630078219,2513071.9934324254,2801287.5975467507,2500177.289855614,2803954.4670202713,False,False,0,0,True,3.63382692588e-06,1,0,36,0,True,7.7264555148e-06,1,0
66.7,-4239.898976264827,29850.0170432816,-75.0340651000679,236.23394308430403,247.86404900791769,236.23394308430403,21.429860208624856,0.0,255.1700702494696,-9.772929623798106,107.62120622567599,112.21219070512088,111.47488854073148,-0.7373021643893841,0.018187947058412347,0.018187947058412347,172.43963221298705,4.078449901359348,2335.4822178547074,33164.575106190096,0.8460274299882844,613.3479763707402,0.4286222981203553,12.022262945184705,0.4270980093880594,11.979508753383659,-0.12120386650668515,-3.399600906220876,5.146092271385855,4.42454359729178,0.0,2092026.5433654126,2.7705732993900654,0.0,0.0,0.0,shutdown,False,False,2092026.5433654126,5600902.630078219,2513071.9934324254,2801287.5975467507,2500177.289855614,2803954.4670202713,False,False,0,0,True,3.63382692588e-06,1,0,36,0,True,7.7264555148e-06,1,0
66.8,-4247.40216571062,29873.59157452163,-75.02972381579855,235.25668171627737,246.93150011294398,235.25668171627737,21.472327636087538,0.0,254.28006651441694,-9.772297736798677,107.68889007005536,112.3033886474172,111.57953650438647,-0.7238521430307229,0.018341083367329827,0.018341083367329827,172.43963221298705,4.078449901359348,2335.4822178547074,33164.575106190096,0.8430330952956028,606.8711637000157,0.4284344923637158,11.890098564794576,0.42696824382670717,11.8494066038618,-0.11875960728116072,-3.295867772687493,5.147480812159361,4.430298014090398,0.0,2092026.5433654126,2.7705732993900654,0.0,0.0,0.0,shutdown,False,False,2092026.5433654126,5600902.630078219,2513071.9934324254,2801287.5975467507,2500177.289855614,2803954.4670202713,False,False,0,0,True,3.63382692588e-06,1,0,36,0,True,7.7264555148e-06,1,0
66.9,-4254.904924672279,29897.068382764206,-75.02545541736936,234.27948313517513,245.99938044366795,234.27948313517513,21.51461902423629,0.0,253.3907302789026,-9.771673885305821,107.75709868622633,112.39520002539507,111.68504889310955,-0.7101511322855216,0.0184896883299027,0.0184896883299027,172.43963221298705,4.078449901359348,2335.4822178547074,33164.575106190096,0.8400414642337783,600.4602263303561,0.4282467453554075,11.75933714219242,0.4268383302333088,11.720663110371872,-0.1162806531579214,-3.1929802582936855,5.148891970147894,4.436146161577067,0.0,2092026.5433654126,2.7705732993900654,0.0,0.0,0.0,shutdown,False,False,2092026.5433654126,5600902.630078219,2513071.9934324254,2801287.5975467507,2500177.289855614,2803954.4670202713,False,False,0,0,True,3.63382692588e-06,1,0,36,0,True,7.7264555148e-06,1,0
67.0,-4262.407260404094,29920.4474742486,-75.02125921893584,233.3023465527544,245.0676931825496,233.3023465527544,21.5567343843106,0.0,252.50206683401666,-9.771057763169512,107.8258377029867,112.48763075321143,111.79139983867164,-0.6962309145397958,0.018633794923454346,0.018633794923454346,172.43963221298705,4.078449901359348,2335.4822178547074,33164.575106190096,0.8370525531168924,594.115353162976,0.4280593456902472,11.629988467602262,0.426708372015404,11.593283724634613,-0.11377266982480067,-3.0911013888906633,5.150322639837248,4.4420751698213845,0.0,2092026.5433654126,2.7705732993900654,0.0,0.0,0.0,shutdown,False,False,2092026.5433654126,5600902.630078219,2513071.9934324254,2801287.5975467507,2500177.289855614,2803954.4670202713,False,False,0,0,True,3.63382692588e-06,1,0,36,0,True,7.7264555148e-06,1,0
67.10000000000001,-4269.909180087793,29943.728855137175,-75.0171344550418,232.3252712186309,244.13644158268593,232.3252712186309,21.59867372741142,0.0,251.61408155657543,-9.770448919356795,107.89511280841444,112.5806867970919,111.8985636806342,-0.6821231164576953,0.018773442703214512,0.018773442703214512,172.43963221298705,4.078449901359348,2335.4822178547074,33164.575106190096,0.8340663763527776,587.835090044928,0.4278725676191328,11.502029459534128,0.42657846940449046,11.467241635039626,-0.11124125790156836,-2.9903768606133436,5.151769732719813,4.448072239372005,0.0,2092026.5433654126,2.7705732993900654,0.0,0.0,0.0,shutdown,False,False,2092026.5433654126,5600902.630078219,2513071.9934324254,2801287.5975467507,2500177.289855614,2803954.4670202713,False,False,0,0,True,3.63382692588e-06,1,0,36,0,True,7.7264555148e-06,1,0
67.2,-4277.410690824986,29966.912531519305,-75.01308028883004,231.34825642398292,243.2056289744039,231.34825642398292,21.64043706450822,0.0,250.72677991628458,-9.769846973660115,107.96492975238704,112.67437417736257,112.00651500285954,-0.6678591745030195,0.018908677391062268,0.018908677391062268,172.43963221298705,4.078449901359348,2335.4822178547074,33164.575106190096,0.831082949508927,581.6186389198698,0.4276866704276633,11.375449214635145,0.42644871920450084,11.34252265357305,-0.10869194580488281,-2.890947497397961,5.153230180352566,4.454124653929624,0.0,2092026.5433654126,2.7705732993900654,0.0,0.0,0.0,shutdown,False,False,2092026.5433654126,5600902.630078219,2513071.9934324254,2801287.5975467507,2500177.289855614,2803954.4670202713,False,False,0,0,True,3.63382692588e-06,1,0,36,0,True,7.7264555148e-06,1,0
67.3,-4284.911799630124,29989.99850941535,-75.00909581393267,230.37130149689938,242.2752587620103,230.37130149689938,21.682024406446143,0.0,249.84016747282064,-9.769251568066641,108.03529434833486,112.76869896990922,112.11522866828886,-0.6534703016203497,0.019039550682004944,0.019039550682004944,172.43963221298705,4.078449901359348,2335.4822178547074,33164.575106190096,0.828102288620938,575.4653365201192,0.4275018978014037,11.25023880036485,0.42631921443972615,11.219115031528922,-0.10613018274153027,-2.792946431136651,5.154700937482937,4.4602197933012375,0.0,2092026.5433654126,2.7705732993900654,0.0,0.0,0.0,shutdown,False,False,2092026.5433654126,5600902.630078219,2513071.9934324254,2801287.5975467507,2500177.289855614,2803954.4670202713,False,False,0,0,True,3.63382692588e-06,1,0,36,0,True,7.7264555148e-06,1,0
67.4,-4292.412513423661,30012.986794780107,-75.00518005679895,229.39440579823767,241.3453344211969,229.39440579823767,21.72343576395223,0.0,248.95424987359627,-9.768662405218922,108.1062124750979,112.8636673077162,112.22467985254544,-0.6389874551707585,0.019166120027673417,0.019166120027673417,172.43963221298705,4.078449901359348,2335.4822178547074,33164.575106190096,0.8251244107500685,569.3750602016696,0.4273184773457211,11.126399196311262,0.42619004406842637,11.097017365720713,-0.10356133214605297,-2.6965010497931967,5.156178985092942,4.4663451460157235,0.0,2092026.5433654126,2.7705732993900654,0.0,0.0,0.0,shutdown,False,False,2092026.5433654126,5600902.630078219,2513071.9934324254,2801287.5975467507,2500177.289855614,2803954.4670202713,False,False,0,0,True,3.63382692588e-06,1,0,36,0,True,7.7264555148e-06,1,0
67.5,-4299.912839025459,30035.87739350609,-75.00133197917071,228.41756872145646,240.41585950030637,228.41756872145646,21.76467114764132,0.0,248.06903285529108,-9.768079130457323,108.17769007856458,112.95928538211156,112.33484407625984,-0.624441305851708,0.019288448406730264,0.019288448406730264,172.43963221298705,4.078449901359348,2335.4822178547074,33164.575106190096,0.8221493323390898,563.3470198842057,0.42713672729820995,11.003920452466511,0.4260613962213761,10.976217712633316,-0.10099099481767784,-2.6017357028006662,5.15765923309281,4.472479617627276,0.0,2092026.5433654126,2.7705732993900654,0.0,0.0,0.0,shutdown,False,False,2092026.5433654126,5600902.630078219,2513071.9934324254,2801287.5975467507,2500177.289855614,2803954.4670202713,False,False,0,0,True,3.63382692588e-06,1,0,36,0,True,7.7264555148e-06,1,0
67.60000000000001,-4307.412783148843,30058.67031142695,-74.99755048849028,227.44078969573337,239.48683762723257,227.44078969573337,21.805730568022224,0.0,247.18452225154584,-9.76750138405193,108.24973317489874,113.05555944542397,112.44569723537981,-0.6098622100441509,0.0194066038508772,0.0194066038508772,172.43963221298705,4.078449901359348,2335.4822178547074,33164.575106190096,0.8191770697677766,557.3801607421958,0.4269567381515718,10.882781346839081,0.4259332509239289,10.856693486607757,-0.09842400013304314,-2.5087480229645975,5.159140858074206,4.478619795751588,0.0,2092026.5433654126,2.7705732993900654,0.0,0.0,0.0,shutdown,False,False,2092026.5433654126,5600902.630078219,2513071.9934324254,2801287.5975467507,2500177.289855614,2803954.4670202713,False,False,0,0,True,3.63382692588e-06,1,0,36,0,True,7.7264555148e-06,1,0
67.7,-4314.912352395489,30081.365554320935,-74.99383444442178,226.4640681840032,238.5582725103579,226.4640681840032,21.84661403550393,0.0,246.30072399455506,-9.766928850600257,108.32234785332321,113.15249581330667,112.55721562911994,-0.5952801841867372,0.019520659095137456,0.019520659095137456,172.43963221298705,4.078449901359348,2335.4822178547074,33164.575106190096,0.8162076403106879,551.4738502053895,0.42677868265830643,10.762970938173483,0.4258056787705217,10.738432663436502,-0.09586540512795755,-2.4176384887399025,5.160621029854789,4.484753951493746,0.0,2092026.5433654126,2.7705732993900654,0.0,0.0,0.0,shutdown,False,False,2092026.5433654126,5600902.630078219,2513071.9934324254,2801287.5975467507,2500177.289855614,2803954.4670202713,False,False,0,0,True,3.63382692588e-06,1,0,36,0,True,7.7264555148e-06,1,0
67.8,-4322.411553250632,30103.963127914107,-74.99018265845687,225.48740367947403,237.63016793593107,225.48740367947403,21.88732156040144,0.0,245.41764411261263,-9.766361240029921,108.395540277496,113.25010086575894,112.66937598650502,-0.5807248792539244,0.019630691436524777,0.019630691436524777,172.43963221298705,4.078449901359348,2335.4822178547074,33164.575106190096,0.8132410617823995,545.6276187439938,0.42660272132202615,10.64448102552188,0.42567874989284815,10.62142632883469,-0.09332017463736944,-2.3285009180146066,5.162096860689588,4.490870117406714,0.0,2092026.5433654126,2.7705732993900654,0.0,0.0,0.0,shutdown,False,False,2092026.5433654126,5600902.630078219,2513071.9934324254,2801287.5975467507,2500177.289855614,2803954.4670202713,False,False,0,0,True,3.63382692588e-06,1,0,36,0,True,7.7264555148e-06,1,0
67.9,-4329.910392078363,30126.463037883175,-74.98659389613724,224.5107957018922,236.702527766057,224.5107957018922,21.927853152940845,0.0,244.5352887284887,-9.765798311648966,108.46931668753966,113.3483810487557,112.78215549186176,-0.5662255568939417,0.01973678250838655,0.01973678250838655,172.43963221298705,4.078449901359348,2335.4822178547074,33164.575106190096,0.8102773528965593,539.8414099118559,0.4264289977564785,10.527310923606613,0.42555252928507714,10.505673426715632,-0.09079316196869752,-2.241423193100223,5.16356550214066,4.496956488940373,0.0,2092026.5433654126,2.7705732993900654,0.0,0.0,0.0,shutdown,False,False,2092026.5433654126,5600902.630078219,2513071.9934324254,2801287.5975467507,2500177.289855614,2803954.4670202713,False,False,0,0,True,3.63382692588e-06,1,0,36,0,True,7.7264555148e-06,1,0
68.0,-4337.408875117375,30148.865289858302,-74.98306688411706,223.53424380068643,235.77535594479056,223.53424380068643,21.968208823264376,0.0,243.65366406609488,-9.76523971250937,108.54368340270148,113.44734287631124,112.89553180860415,-0.5518110677070903,0.01983901791039014,0.01983901791039014,172.43963221298705,4.078449901359348,2335.4822178547074,33164.575106190096,0.8073165308561818,534.1138732971061,0.42625763876009365,10.411434199139164,0.42542707661048007,10.391147540595869,-0.08828910499483268,-2.156480315117456,5.1650241475170375,4.50300143455321,0.0,2092026.5433654126,2.7705732993900654,0.0,0.0,0.0,shutdown,False,False,2092026.5433654126,5600902.630078219,2513071.9934324254,2801287.5975467507,2500177.289855614,2803954.4670202713,False,False,0,0,True,3.63382692588e-06,1,0,36,0,True,7.7264555148e-06,1,0
68.10000000000001,-4344.907008477379,30171.169889426164,-74.97960031596786,222.55774755653619,234.8486565023977,222.55774755653619,22.00838858143594,0.0,242.7727764552727,-9.764685170533559,108.61864682389248,113.54699293244208,113.00948310101523,-0.5375098314268549,0.01993748687912984,0.01993748687912984,172.43963221298705,4.078449901359348,2335.4822178547074,33164.575106190096,0.8043586142572112,528.4444055544263,0.42608875466681106,10.296838524829543,0.4253024462190476,10.277836636071271,-0.0858126230121421,-2.0737433524596236,5.16647003405008,4.508993504727445,0.0,2092026.5433654126,2.7705732993900654,0.0,0.0,0.0,shutdown,False,False,2092026.5433654126,5600902.630078219,2513071.9934324254,2801287.5975467507,2500177.289855614,2803954.4670202713,False,False,0,0,True,3.63382692588e-06,1,0,36,0,True,7.7264555148e-06,1,0
68.2,-4352.404798135855,30193.376842132828,-74.97619285356035,221.5813065767837,233.92243355242542,221.5813065767837,22.04839243744628,0.0,241.8926323292349,-9.76413442455545,108.69421343573106,113.64733787277959,113.12398805451745,-0.5233498182621465,0.020032282090006046,0.020032282090006046,172.43963221298705,4.078449901359348,2335.4822178547074,33164.575106190096,0.8014036220389046,522.832410323401,0.4259224396565248,10.18351126639716,0.4251786870710745,10.165728655930678,-0.08336821378627673,-1.9932763933184574,5.167900445067395,4.51492144097823,0.0,2092026.5433654126,2.7705732993900654,0.0,0.0,0.0,shutdown,False,False,2092026.5433654126,5600902.630078219,2513071.9934324254,2801287.5975467507,2500177.289855614,2803954.4670202713,False,False,0,0,True,3.63382692588e-06,1,0,36,0,True,7.7264555148e-06,1,0
68.3,-4359.902249934871,30215.48615348624,-74.97284312676005,220.60492049146816,232.99669128886092,220.60492049146816,22.08822040121748,0.0,241.01323822194723,-9.763587281792802,108.77038980819432,113.74838442579112,113.23902589496345,-0.5093585308276679,0.020123499513330718,0.020123499513330718,172.43963221298705,4.078449901359348,2335.4822178547074,33164.575106190096,0.7984515743209402,517.2778744307776,0.42575891869143806,10.071454199582364,0.4250559867018805,10.05482613372761,-0.08096053670642538,-1.9151456413842292,5.169310715912794,4.520765911949632,0.0,2092026.5433654126,2.7705732993900654,0.0,0.0,0.0,shutdown,False,False,2092026.5433654126,5600902.630078219,2513071.9934324254,2801287.5975467507,2500177.289855614,2803954.4670202713,False,False,0,0,True,3.63382692588e-06,1,0,36,0,True,7.7264555148e-06,1,0
68.4,-4367.399369578146,30237.497828958505,-74.96954973872859,219.62858895381356,232.07143398934497,219.62858895381356,22.12787248260705,0.0,240.13460077188276,-9.763043471331914,108.8471825992641,113.85013939482147,113.35457640660614,-0.49556298821532685,0.020211238097249184,0.020211238097249184,172.43963221298705,4.078449901359348,2335.4822178547074,33164.575106190096,0.7955024902269561,511.7798669148558,0.4255982392049412,9.96064689725726,0.4249343682974838,9.9451097472284,-0.07859376996013473,-1.8393985660269572,5.170698605403386,4.526517629689341,0.0,2092026.5433654126,2.7705732993900654,0.0,0.0,0.0,shutdown,False,False,2092026.5433654126,5600902.630078219,2513071.9934324254,2801287.5975467507,2500177.289855614,2803954.4670202713,False,False,0,0,True,3.63382692588e-06,1,0,36,0,True,7.7264555148e-06,1,0
68.5,-4374.896162628898,30259.41187398836,-74.96631127631373,218.65231164330652,231.1466660225468,218.65231164330652,22.167348691412386,0.0,239.25672673027915,-9.762502738843116,108.92459855861016,113.95260966102511,113.47061994778284,-0.481989713242273,0.020295599286892632,0.020295599286892632,172.43963221298705,4.078449901359348,2335.4822178547074,33164.575106190096,0.7925563893890044,506.33756312571023,0.42544031660525056,9.851067967328598,0.4248137339340564,9.83655944935283,-0.076271764017756,-1.7660722362241896,5.172063407205673,4.53217366699679,0.0,2092026.5433654126,2.7705732993900654,0.0,0.0,0.0,shutdown,False,False,2092026.5433654126,5600902.630078219,2513071.9934324254,2801287.5975467507,2500177.289855614,2803954.4670202713,False,False,0,0,True,3.63382692588e-06,1,0,36,0,True,7.7264555148e-06,1,0
68.60000000000001,-4382.392634508299,30281.22829398368,-74.96312631168267,217.6760882630553,230.22239184737597,217.6760882630553,22.2066490373753,0.0,238.3796229607133,-9.761964866210588,109.00264452974471,114.05580218497292,113.58713746463633,-0.4686647203365849,0.02037668681993134,0.02037668681993134,172.43963221298705,4.078449901359348,2335.4822178547074,33164.575106190096,0.7896132921750715,500.95039419694484,0.42528518576364166,9.742703879844445,0.4246941114087131,9.729163172093953,-0.0739985134066351,-1.6952050713335236,5.173402598531637,4.537723568886403,0.0,2092026.5433654126,2.7705732993900654,0.0,0.0,0.0,shutdown,False,False,2092026.5433654126,5600902.630078219,2513071.9934324254,2801287.5975467507,2500177.289855614,2803954.4670202713,False,False,0,0,True,3.63382692588e-06,1,0,36,0,True,7.7264555148e-06,1,0
68.7,-4389.888790493998,30302.94709432368,-74.95999340231958,216.69991853694933,229.29861601151515,216.69991853694933,22.24577353018597,0.0,237.50329643787487,-9.761429655939423,109.08132745185526,114.15972400794786,113.70411050382349,-0.4556135041243836,0.02045460657767193,0.02045460657767193,172.43963221298705,4.078449901359348,2335.4822178547074,33164.575106190096,0.7866732194803643,495.6179028181854,0.42513286837795233,9.635542999074243,0.42457552348914857,9.622910899698176,-0.07177788331423299,-1.6268299454135864,5.174713710723987,4.543157104702192,0.0,2092026.5433654126,2.7705732993900654,0.0,0.0,0.0,shutdown,False,False,2092026.5433654126,5600902.630078219,2513071.9934324254,2801287.5975467507,2500177.289855614,2803954.4670202713,False,False,0,0,True,3.63382692588e-06,1,0,36,0,True,7.7264555148e-06,1,0
68.8,-4397.384635718734,30324.568280360825,-74.95691109240646,215.7238022059713,228.3753431496403,215.7238022059713,22.284722179486387,0.0,236.62775424617107,-9.760896963649605,109.16065436207656,114.26438225365465,113.82152122420845,-0.4428610294461863,0.020529466379456403,0.020529466379456403,172.43963221298705,4.078449901359348,2335.4822178547074,33164.575106190096,0.7837361932464878,490.3400841033425,0.42498337379419404,9.529582238814072,0.424457988108492,9.517801292998959,-0.06961360921450366,-1.560975451880938,5.175994330687103,4.548464274047886,0.0,2092026.5433654126,2.7705732993900654,0.0,0.0,0.0,shutdown,False,False,2092026.5433654126,5600902.630078219,2513071.9934324254,2801287.5975467507,2500177.289855614,2803954.4670202713,False,False,0,0,True,3.63382692588e-06,1,0,36,0,True,7.7264555148e-06,1,0
68.9,-4404.880175169267,30346.09185742267,-74.95387791823804,214.74773903087876,227.45257798903168,214.74773903087876,22.323494994873666,0.0,235.75300358585255,-9.76036653822534,109.24063239824677,114.3697841302178,113.93935240710185,-0.4304317231159491,0.02060137568072549,0.02060137568072549,172.43963221298705,4.078449901359348,2335.4822178547074,33164.575106190096,0.7808022339448915,485.1157131061958,0.42483669978743493,9.424794586330313,0.42434151849577306,9.413809231347464,-0.06750929683351786,-1.4976607615157909,5.1772421021928245,4.553635312198411,0.0,2092026.5433654126,2.7705732993900654,0.0,0.0,0.0,shutdown,False,False,2092026.5433654126,5600902.630078219,2513071.9934324254,2801287.5975467507,2500177.289855614,2803954.4670202713,False,False,0,0,True,3.63382692588e-06,1,0,36,0,True,7.7264555148e-06,1,0
69.0,-4412.375413685816,30367.517830813904,-74.95089241275245,213.77172879380808,226.53032535393893,213.77172879380808,22.36209198590374,0.0,234.8790517778598,-9.759838203213366,109.32126880159224,114.47593693211273,114.05758746484764,-0.41834946726509487,0.020670445298272062,0.020670445298272062,172.43963221298705,4.078449901359348,2335.4822178547074,33164.575106190096,0.7778713634608875,479.94424714167707,0.42469283357540405,9.321166124293438,0.42422612351773237,9.310922763361697,-0.06546842275334684,-1.4369021469986027,5.178454726944614,4.558660694510014,0.0,2092026.5433654126,2.7705732993900654,0.0,0.0,0.0,shutdown,False,False,2092026.5433654126,5600902.630078219,2513071.9934324254,2801287.5975467507,2500177.289855614,2803954.4670202713,False,False,0,0,True,3.63382692588e-06,1,0,36,0,True,7.7264555148e-06,1,0
69.10000000000001,-4419.870355961759,30388.8462058183,-74.94795310608522,212.79577129403867,225.6085901631779,212.79577129403867,22.400513162094853,0.0,234.00590626176898,-9.759311792195447,109.4025709190024,114.58284804182794,114.1762104481231,-0.40663759370483976,0.020736787235627215,0.020736787235627215,172.43963221298705,4.078449901359348,2335.4822178547074,33164.575106190096,0.7749436040731942,474.82514978433505,0.4245517527483796,9.218682915187483,0.424111807923969,9.209129988341312,-0.06349433518638664,-1.378710932659467,5.179629965597329,4.563531140646417,0.0,2092026.5433654126,2.7705732993900654,0.0,0.0,0.0,shutdown,False,False,2092026.5433654126,5600902.630078219,2513071.9934324254,2801287.5975467507,2500177.289855614,2803954.4670202713,False,False,0,0,True,3.63382692588e-06,1,0,36,0,True,7.7264555148e-06,1,0
69.2,-4427.365006543417,30410.076987700268,-74.94505852707826,211.8198663453719,224.6873774296153,211.8198663453719,22.438758532930372,0.0,233.1335745956563,-9.758787181162145,109.48454620545176,114.69052493160898,114.29520605216761,-0.3953188794413574,0.020800514483900173,0.020800514483900173,172.43963221298705,4.078449901359348,2335.4822178547074,33164.575106190096,0.7720189789851057,469.7582307264891,0.42441342629154405,9.117337629388677,0.4239985726733932,9.108425657549086,-0.061590255152241036,-1.3230946904998162,5.180765638632874,4.568237618207732,0.0,2092026.5433654126,2.7705732993900654,0.0,0.0,0.0,shutdown,False,False,2092026.5433654126,5600902.630078219,2513071.9934324254,2801287.5975467507,2500177.289855614,2803954.4670202713,False,False,0,0,True,3.63382692588e-06,1,0,36,0,True,7.7264555148e-06,1,0
69.3,-4434.859369830052,30431.210181706287,-74.9422072056388,210.84401377504776,223.76669226143875,210.84401377504776,22.47682810786137,0.0,232.26206445777046,-9.758264225341513,109.56720222654933,114.79897516526458,114.41455962182359,-0.38441554344098855,0.02086174080620387,0.02086174080620387,172.43963221298705,4.078449901359348,2335.4822178547074,33164.575106190096,0.7690975113119217,464.7429876162019,0.42427781559210964,9.017116794587082,0.423886415238615,9.00879841787446,-0.05975927794958207,-1.2700555367938855,5.181859627125672,4.572771345902709,0.0,2092026.5433654126,2.7705732993900654,0.0,0.0,0.0,shutdown,False,False,2092026.5433654126,5600902.630078219,2513071.9934324254,2801287.5975467507,2500177.289855614,2803954.4670202713,False,False,0,0,True,3.63382692588e-06,1,0,36,0,True,7.7264555148e-06,1,0
69.4,-4442.353450074195,30452.24579306635,-74.93939767721938,209.8682134262372,222.8465398675624,209.8682134262372,22.51472189630921,0.0,231.39138365240018,-9.757742750886234,109.65054666134606,114.90820640010367,114.53425715522513,-0.37394924487851944,0.020920580481251817,0.020920580481251817,172.43963221298705,4.078449901359348,2335.4822178547074,33164.575106190096,0.7661792239507428,459.77852237070795,0.4241448755070023,8.917999212156825,0.42377532996643896,8.910229209429195,-0.05800437504209786,-1.2195902881267695,5.18290987333927,4.577123796021226,0.0,2092026.5433654126,2.7705732993900654,0.0,0.0,0.0,shutdown,False,False,2092026.5433654126,5600902.630078219,2513071.9934324254,2801287.5975467507,2500177.289855614,2803954.4670202713,False,False,0,0,True,3.63382692588e-06,1,0,36,0,True,7.7264555148e-06,1,0
69.5,-4449.847251382306,30473.183826995522,-74.93662848500817,208.89246515721516,221.92692555919953,208.89246515721516,22.552439907668372,0.0,230.52154011183057,-9.757222629572134,109.73458730492584,115.01822638872343,114.65428530617932,-0.36394108254410973,0.020977148103370594,0.020977148103370594,172.43963221298705,4.078449901359348,2335.4822178547074,33164.575106190096,0.7632641408136368,454.864323202401,0.42401455550039313,8.819971162164146,0.4236653085077343,8.812706438904614,-0.05632839630832572,-1.171692869043326,5.183914381181117,4.5812866963189744,0.0,2092026.5433654126,2.7705732993900654,0.0,0.0,0.0,shutdown,False,False,2092026.5433654126,5600902.630078219,2513071.9934324254,2801287.5975467507,2500177.289855614,2803954.4670202713,False,False,0,0,True,3.63382692588e-06,1,0,36,0,True,7.7264555148e-06,1,0
69.60000000000001,-4457.340777715595,30494.024288695316,-74.93389818076774,207.91676883862934,221.00785474924118,207.91676883862934,22.589982151308917,0.0,229.65254189605923,-9.756703742157551,109.81933207088797,115.12904298071945,114.77463138549501,-0.3544115952244378,0.021031558415126286,0.021031558415126286,172.43963221298705,4.078449901359348,2335.4822178547074,33164.575106190096,0.7603522862358773,449.99988421555486,0.42388680073960827,8.723019044584289,0.42355634020926514,8.716218612264536,-0.05473407250887228,-1.1263534416487844,5.1848712165745106,4.5852520315589,0.0,2092026.5433654126,2.7705732993900654,0.0,0.0,0.0,shutdown,False,False,2092026.5433654126,5600902.630078219,2513071.9934324254,2801287.5975467507,2500177.289855614,2803954.4670202713,False,False,0,0,True,3.63382692588e-06,1,0,36,0,True,7.7264555148e-06,1,0
69.7,-4464.834032890898,30514.767183354765,-74.93120532529313,206.94112435035325,220.0893329511669,206.94112435035325,22.627348636578425,0.0,228.7843971920283,-9.75618602337912,109.90478899382916,115.24066412438357,114.89528336137774,-0.34538076300583703,0.021083926148677445,0.021083926148677445,172.43963221298705,4.078449901359348,2335.4822178547074,33164.575106190096,0.7574436857373872,445.18517700095157,0.4237615532495722,8.627138544524323,0.42344841256966537,8.620763478148511,-0.05322401806332612,-1.0835597854677326,5.185778507710659,4.589012044555787,0.0,2092026.5433654126,2.7705732993900654,0.0,0.0,0.0,shutdown,False,False,2092026.5433654126,5600902.630078219,2513071.9934324254,2801287.5975467507,2500177.289855614,2803954.4670202713,False,False,0,0,True,3.63382692588e-06,1,0,36,0,True,7.7264555148e-06,1,0
69.8,-4472.327020581715,30535.412516151384,-74.928548491055,205.96553158204426,219.17136578223545,205.96553158204426,22.66453937280374,0.0,227.9171143171941,-9.755669342814434,109.99096623208855,115.3530978685307,115.01622985880581,-0.3368680097248758,0.021134365828822645,0.021134365828822645,172.43963221298705,4.078449901359348,2335.4822178547074,33164.575106190096,0.754538364039338,440.41941119285326,0.4236387529858699,8.532310630110498,0.4233415116224681,8.52632403037951,-0.05180073403200971,-1.0432944354445897,5.186634445209109,4.592559236841116,0.0,2092026.5433654126,2.7705732993900654,0.0,0.0,0.0,shutdown,False,False,2092026.5433654126,5600902.630078219,2513071.9934324254,2801287.5975467507,2500177.289855614,2803954.4670202713,False,False,0,0,True,3.63382692588e-06,1,0,36,0,True,7.7264555148e-06,1,0
69.9,-4479.8197443195595,30555.960292252264,-74.92592626581155,204.98999043549688,218.25395896875486,204.98999043549688,22.701554369292914,0.0,227.05070172519353,-9.755153588142552,110.07787207062353,115.4663523643723,115.13746015774434,-0.32889220662796664,0.021182991564254492,0.021182991564254492,172.43963221298705,4.078449901359348,2335.4822178547074,33164.575106190096,0.75163634647078,435.70190553552516,0.4235183390250176,8.43851846856839,0.4232356224456986,8.432885397090432,-0.05046661149821021,-1.0055371726147533,5.187437282106441,4.595886368616218,0.0,2092026.5433654126,2.7705732993900654,0.0,0.0,0.0,shutdown,False,False,2092026.5433654126,5600902.630078219,2513071.9934324254,2801287.5975467507,2500177.289855614,2803954.4670202713,False,False,0,0,True,3.63382692588e-06,1,0,36,0,True,7.7264555148e-06,1,0
70.0,-4487.31220749551,30576.41051681516,-74.92333725319915,204.01450082241684,217.3371183460767,204.01450082241684,22.73839363533718,0.0,226.18516800613787,-9.754638673469543,110.16551492360568,115.58043586721617,115.25896419035014,-0.3214716768660248,0.021229916904189055,0.021229916904189055,172.43963221298705,4.078449901359348,2335.4822178547074,33164.575106190096,0.7487376591231663,431.0321773237062,0.42340025071238985,8.34574917640391,0.42313072964205223,8.34043657857949,-0.0492239351314404,-0.9702654058219639,5.188185333767501,4.598986458384387,0.0,2092026.5433654126,2.7705732993900654,0.0,0.0,0.0,shutdown,False,False,2092026.5433654126,5600902.630078219,2513071.9934324254,2801287.5975467507,2500177.289855614,2803954.4670202713,False,False,0,0,True,3.63382692588e-06,1,0,36,0,True,7.7264555148e-06,1,0
70.10000000000001,-4494.804413361847,30596.763194989417,-74.92078007352038,203.03906266271687,216.42084985920252,203.03906266271687,22.775057180212634,0.0,225.32052188751595,-9.754124520536692,110.25390333707551,115.69535673818072,115.38073253735695,-0.3146242008237797,0.021275254695395165,0.021275254695395165,172.43963221298705,4.078449901359348,2335.4822178547074,33164.575106190096,0.7458423285429018,426.4097493992599,0.42328442878972733,8.253990097822905,0.4230268178129801,8.248966718018357,-0.048074886951418136,-0.9374539053693416,5.188876977708687,4.601852782218562,0.0,2092026.5433654126,2.7705732993900654,0.0,0.0,0.0,shutdown,False,False,2092026.5433654126,5600902.630078219,2513071.9934324254,2801287.5975467507,2500177.289855614,2803954.4670202713,False,False,0,0,True,3.63382692588e-06,1,0,36,0,True,7.7264555148e-06,1,0
70.2,-4502.296365033695,30617.018331916617,-74.91825336346194,202.0636758813026,215.50515956165873,202.0636758813026,22.811545013181373,0.0,224.45677223332663,-9.753611107757296,110.34304599152713,115.81112344585675,115.50275642370637,-0.3083670221503873,0.021319116962146018,0.021319116962146018,172.43963221298705,4.078449901359348,2335.4822178547074,33164.575106190096,0.7429503825916558,421.83466467579154,0.4231708165517532,8.1632387805643,0.42292387207751386,8.158475061919466,-0.0470215503104985,-0.9070761215169301,5.189510653328906,4.6044788726463235,0.0,2092026.5433654126,2.7705732993900654,0.0,0.0,0.0,shutdown,False,False,2092026.5433654126,5600902.630078219,2513071.9934324254,2801287.5975467507,2500177.289855614,2803954.4670202713,False,False,0,0,True,3.63382692588e-06,1,0,36,0,True,7.7264555148e-06,1,0
70.3,-4509.788065490794,30637.175932731152,-74.91575577851629,201.08834040942426,214.59005361964657,201.08834040942426,22.847857143492558,0.0,223.5939280485516,-9.75309832981737,110.4329517048035,115.92774456811065,115.62502771337293,-0.3027168547377188,0.02136161474467952,0.02136161474467952,172.43963221298705,4.078449901359348,2335.4822178547074,33164.575106190096,0.7400618480231582,417.3060251375601,0.4230593608813959,8.073474712514102,0.42282187848670155,8.068942705222648,-0.046065913997084665,-0.8791011998634808,5.1900848615729975,4.606858517255075,0.0,2092026.5433654126,2.7705732993900654,0.0,0.0,0.0,shutdown,False,False,2092026.5433654126,5600902.630078219,2513071.9934324254,2801287.5975467507,2500177.289855614,2803954.4670202713,False,False,0,0,True,3.63382692588e-06,1,0,36,0,True,7.7264555148e-06,1,0
70.4,-4517.279517579512,30657.23600256097,-74.91328599582661,200.11305618692884,213.67553831724737,200.11305618692884,22.883993580383724,0.0,222.731998484682,-9.752586120094836,110.5236294350682,116.04522879389934,115.74753890326312,-0.29768989063622775,0.021402857937710653,0.021402857937710653,172.43963221298705,4.078449901359348,2335.4822178547074,33164.575106190096,0.7371767526229044,412.8232712363266,0.42295001341973937,7.98468410810566,0.42272082458946625,7.980357354700357,-0.0452098766724989,-0.8534970382849296,5.19059816444545,4.608985756676758,0.0,2092026.5433654126,2.7705732993900654,0.0,0.0,0.0,shutdown,False,False,2092026.5433654126,5600902.630078219,2513071.9934324254,2801287.5975467507,2500177.289855614,2803954.4670202713,False,False,0,0,True,3.63382692588e-06,1,0,36,0,True,7.7264555148e-06,1,0
70.5,-4524.770724014993,30677.198546528292,-74.91084271380788,199.1378231595306,212.76162005589575,199.1378231595306,22.9199543330821,0.0,221.87099283941166,-9.75207442787575,110.61508828349,116.16358492491815,115.87028311636927,-0.2933018085488878,0.0214429551917284,0.0214429551917284,172.43963221298705,4.078449901359348,2335.4822178547074,33164.575106190096,0.7342951248251897,408.38594764831765,0.4228427316317277,7.896855383600653,0.4226206999132226,7.892708800863281,-0.04445525137262808,-0.8302299291666886,5.191049184486959,4.61085488241861,0.0,2092026.5433654126,2.7705732993900654,0.0,0.0,0.0,shutdown,False,False,2092026.5433654126,5600902.630078219,2513071.9934324254,2801287.5975467507,2500177.289855614,2803954.4670202713,False,False,0,0,True,3.63382692588e-06,1,0,36,0,True,7.7264555148e-06,1,0
70.60000000000001,-4532.261687383317,30697.063569750157,-74.90842465265807,198.16264127770933,211.8483053557452,198.16264127770933,22.955739410805577,0.0,221.0109205582354,-9.751563208551753,110.70733749705786,116.28282187729509,115.9932540943285,-0.2895677829665859,0.021482013803997387,0.021482013803997387,172.43963221298705,4.078449901359348,2335.4822178547074,33164.575106190096,0.7314169935535135,403.99360427399216,0.4227374798557173,7.8099772527139235,0.42252149644712184,7.805987009150306,-0.04380377015623911,-0.8092645313117242,5.191436604178318,4.61246043439275,0.0,2092026.5433654126,2.7705732993900654,0.0,0.0,0.0,shutdown,False,False,2092026.5433654126,5600902.630078219,2513071.9934324254,2801287.5975467507,2500177.289855614,2803954.4670202713,False,False,0,0,True,3.63382692588e-06,1,0,36,0,True,7.7264555148e-06,1,0
70.7,-4539.75241014363,30716.83107733873,-74.90603055362679,197.18751049381555,210.93560085497538,197.18751049381555,22.99134882276328,0.0,220.15179123394265,-9.751052469327721,110.80038647131224,116.40294868322448,116.11644618943004,-0.2865024937944398,0.021520139635040514,0.021520139635040514,172.43963221298705,4.078449901359348,2335.4822178547074,33164.575106190096,0.728542389055629,399.64627789977646,0.4226342303592261,7.724048046825001,0.4224232091505319,7.720191430777911,-0.04325708888785989,-0.7905650061794995,5.191759165279967,4.613797198179109,0.0,2092026.5433654126,2.7705732993900654,0.0,0.0,0.0,shutdown,False,False,2092026.5433654126,5600902.630078219,2513071.9934324254,2801287.5975467507,2500177.289855614,2803954.4670202713,False,False,0,0,True,3.63382692588e-06,1,0,36,0,True,7.7264555148e-06,1,0
70.8,-4547.2428946303535,30736.501074401596,-74.90365918084488,196.2124307634787,210.02351331408846,196.2124307634787,23.026782578156045,0.0,219.2936146111555,-9.750542137412474,110.89424475337273,116.523974492724,116.23985435604432,-0.28412013667966973,0.021557436990338408,0.021557436990338408,172.43963221298705,4.078449901359348,2335.4822178547074,33164.575106190096,0.7256713405420238,395.3431169531368,0.4225329642601911,7.639049138132565,0.42232583634620074,7.6353044354781305,-0.042816792069089955,-0.7740924524685626,5.192015668129338,4.614860202113511,0.0,2092026.5433654126,2.7705732993900654,0.0,0.0,0.0,shutdown,False,False,2092026.5433654126,5600902.630078219,2513071.9934324254,2801287.5975467507,2500177.289855614,2803954.4670202713,False,False,0,0,True,3.63382692588e-06,1,0,36,0,True,7.7264555148e-06,1,0
70.9,-4554.733143055572,30756.07356604216,-74.90130932352366,195.23740204778355,209.11204962112072,195.23740204778355,23.062040686177223,0.0,218.43640059177645,-9.750032176489817,110.98892204504132,116.64590857540064,116.36347414137758,-0.28243443402306045,0.021594008503135254,0.021594008503135254,172.43963221298705,4.078449901359348,2335.4822178547074,33164.575106190096,0.7228038783000543,391.0836019580436,0.42243367256538583,7.554968546048969,0.4222293802484855,7.551314902581089,-0.04248439790998682,-0.7598075408112699,5.192204970823142,4.615644713898857,0.0,2092026.5433654126,2.7705732993900654,0.0,0.0,0.0,shutdown,False,False,2092026.5433654126,5600902.630078219,2513071.9934324254,2801287.5975467507,2500177.289855614,2803954.4670202713,False,False,0,0,True,3.63382692588e-06,1,0,36,0,True,7.7264555148e-06,1,0
71.0,-4562.223157511506,30775.54855736009,-74.89897979515251,194.26242431079933,208.20121679150606,194.26242431079933,23.09712315601341,0.0,217.58015923499218,-9.74952256319614,111.0844282056508,116.76876032207136,116.48730167571041,-0.2814586463609451,0.021629955071553023,0.021629955071553023,172.43963221298705,4.078449901359348,2335.4822178547074,33164.575106190096,0.7199400332840438,386.86730337994715,0.42233635709148887,7.471796258540714,0.4221338473930418,7.4682135425803935,-0.04226136339905723,-0.7476701724201825,5.192325988385262,4.616146237156709,0.0,2092026.5433654126,2.7705732993900654,0.0,0.0,0.0,shutdown,False,False,2092026.5433654126,5600902.630078219,2513071.9934324254,2801287.5975467507,2500177.289855614,2803954.4670202713,False,False,0,0,True,3.63382692588e-06,1,0,36,0,True,7.7264555148e-06,1,0
71.10000000000001,-4569.712939972943,30794.926053451567,-74.89666943358351,193.2874975187056,207.29102196980725,193.2874975187056,23.13202999684492,0.0,216.72490075915343,-9.749013278675996,111.1807732550454,116.89253924642556,116.61133366225158,-0.2812055841739686,0.021665375787101575,0.021665375787101575,172.43963221298705,4.078449901359348,2335.4822178547074,33164.575106190096,0.7170798369748755,382.6937966064037,0.42224103135974217,7.389522593203767,0.4220392490577539,7.385991257382023,-0.042149089448438745,-0.7376394656843395,5.192377691887767,4.61636050778458,0.0,2092026.5433654126,2.7705732993900654,0.0,0.0,0.0,shutdown,False,False,2092026.5433654126,5600902.630078219,2513071.9934324254,2801287.5975467507,2500177.289855614,2803954.4670202713,False,False,0,0,True,3.63382692588e-06,1,0,36,0,True,7.7264555148e-06,1,0
71.2,-4577.202492299628,30814.20605940938,-74.89437710012695,192.31262163753252,206.38147242985926,192.31262163753252,23.166761217845966,0.0,215.870635542024,-9.748504344785625,111.27796737650694,117.01725498663863,116.73556736664197,-0.28168761999665526,0.021700367884132373,0.021700367884132373,172.43963221298705,4.078449901359348,2335.4822178547074,33164.575106190096,0.7142233220728319,378.5630466846796,0.4221477214810847,7.308145628418339,0.4219456016910533,7.304646566870044,-0.04214892610243953,-0.7296746479108336,5.192359107532832,4.616283490151198,0.0,2092026.5433654126,2.7705732993900654,0.0,0.0,0.0,shutdown,False,False,2092026.5433654126,5600902.630078219,2513071.9934324254,2801287.5975467507,2500177.289855614,2803954.4670202713,False,False,0,0,True,3.63382692588e-06,1,0,36,0,True,7.7264555148e-06,1,0
71.3,-4584.691816238659,30833.388580322953,-74.892101680504,191.3377966339967,205.4725755785322,191.3377966339967,23.201316828184694,0.0,215.0173741246819,-9.747995725930018,111.37602091991292,117.14291730707174,116.8600006061049,-0.28291670096683424,0.021735026666886155,0.021735026666886155,172.43963221298705,4.078449901359348,2335.4822178547074,33164.575106190096,0.71137052067007,374.4743788933892,0.4220564669199165,7.227651327621366,0.4218529272349915,7.224165742186062,-0.04226217773793143,-0.7237332181281073,5.192269315715375,4.615911373211882,0.0,2092026.5433654126,2.7705732993900654,0.0,0.0,0.0,shutdown,False,False,2092026.5433654126,5600902.630078219,2513071.9934324254,2801287.5975467507,2500177.289855614,2803954.4670202713,False,False,0,0,True,3.63382692588e-06,1,0,36,0,True,7.7264555148e-06,1,0
71.4,-4592.180913427012,30852.473621278536,-74.88984208652856,190.3630224776159,204.56433896101854,190.3630224776159,23.235696837023525,0.0,214.16512721694642,-9.747487401681887,111.47494440501373,117.26953609999929,116.98463173816383,-0.28490436183545687,0.02176944543143789,0.02176944543143789,172.43963221298705,4.078449901359348,2335.4822178547074,33164.575106190096,0.7085214656249954,370.42724436264785,0.42196732132499326,7.1480283285012325,0.4217612535296726,7.1445375879530815,-0.042490108400637376,-0.7197725586312,5.192107450010489,4.615240566312231,0.0,2092026.5433654126,2.7705732993900654,0.0,0.0,0.0,shutdown,False,False,2092026.5433654126,5600902.630078219,2513071.9934324254,2801287.5975467507,2500177.289855614,2803954.4670202713,False,False,0,0,True,3.63382692588e-06,1,0,36,0,True,7.7264555148e-06,1,0
71.5,-4599.669785394106,30871.46118735937,-74.88759725536785,189.38829913912804,203.6567702618649,189.38829913912804,23.269901253519475,0.0,213.31390569846604,-9.746979368073713,111.57474852451713,117.39712138722156,117.10945964903495,-0.28766173818661034,0.021803715430304155,0.021803715430304155,172.43963221298705,4.078449901359348,2335.4822178547074,33164.575106190096,0.7056761906058586,366.4212378578629,0.4218803532760671,7.069268283223104,0.4216706146472952,7.065753782904163,-0.04283394711718352,-0.71775009537506,5.191872696153842,4.6142676949626775,0.0,2092026.5433654126,2.7705732993900654,0.0,0.0,0.0,shutdown,False,False,2092026.5433654126,5600902.630078219,2513071.9934324254,2801287.5975467507,2500177.289855614,2803954.4670202713,False,False,0,0,True,3.63382692588e-06,1,0,36,0,True,7.7264555148e-06,1,0
71.60000000000001,-4607.15843356433,30890.351283645807,-74.88536614909647,188.41362658951988,202.74987730674283,188.41362658951988,23.30393008682434,0.0,212.46372062053427,-9.746471624084393,111.67544414725161,117.52568332168909,117.23448374181963,-0.2911995798694579,0.021837925837922982,0.021837925837922982,172.43963221298705,4.078449901359348,2335.4822178547074,33164.575106190096,0.7028347298485219,362.4559587840794,0.4217956469803674,6.991363173060422,0.4215810511883625,6.987806196766195,-0.04329489320498809,-0.71762315259035,5.191564291005494,4.612989596544327,0.0,2092026.5433654126,2.7705732993900654,0.0,0.0,0.0,shutdown,False,False,2092026.5433654126,5600902.630078219,2513071.9934324254,2801287.5975467507,2500177.289855614,2803954.4670202713,False,False,0,0,True,3.63382692588e-06,1,0,36,0,True,7.7264555148e-06,1,0
71.7,-4614.646859259478,30909.143915215212,-74.8831477538828,187.43900479864786,201.84366806377002,187.43900479864786,23.33778334608455,0.0,211.6145832074247,-9.745964193352885,111.77704232134087,117.65523218910539,117.35970392453093,-0.29552826457444953,0.02187216372730372,0.02187216372730372,172.43963221298705,4.078449901359348,2335.4822178547074,33164.575106190096,0.6999971185972076,358.5312454930744,0.4217133030922972,6.914309827230816,0.42149261071049293,6.9106914080509725,-0.04387412186256415,-0.7193495432347214,5.1911815187331944,4.611403304491697,0.0,2092026.5433654126,2.7705732993900654,0.0,0.0,0.0,shutdown,False,False,2092026.5433654126,5600902.630078219,2513071.9934324254,2801287.5975467507,2500177.289855614,2803954.4670202713,False,False,0,0,True,3.63382692588e-06,1,0,36,0,True,7.7264555148e-06,1,0
71.8,-4622.135063701091,30927.839087141892,-74.8809410783711,186.46443373500605,200.93815064566246,186.46443373500605,23.371461040441016,0.0,210.76650485841725,-9.745457079479749,111.87955427711015,117.78577840920663,117.48512059815631,-0.30065781105030764,0.021906514105944377,0.021906514105944377,172.43963221298705,4.078449901359348,2335.4822178547074,33164.575106190096,0.697163392252347,354.6467092076597,0.421633578559461,6.838103186487555,0.42140548575097886,6.8344039503739955,-0.044573064923915016,-0.722891232546262,5.190720952410564,4.609494616872012,0.0,2092026.5433654126,2.7705732993900654,0.0,0.0,0.0,shutdown,False,False,2092026.5433654126,5600902.630078219,2513071.9934324254,2801287.5975467507,2500177.289855614,2803954.4670202713,False,False,0,0,True,3.63382692588e-06,1,0,36,0,True,7.7264555148e-06,1,0
71.9,-4629.623048012829,30946.436804497036,-74.87874515637021,185.48991336780827,200.03333331569928,185.48991336780827,23.404963179029036,0.0,209.91949715392053,-9.744950264469416,111.98299143094492,117.91733253778938,117.61073464451789,-0.30659789327148984,0.021941059809292972,0.021941059809292972,172.43963221298705,4.078449901359348,2335.4822178547074,33164.575106190096,0.6943335863369571,350.80171315749504,0.4215564693247346,6.762729074782249,0.4213196003276497,6.758929154795096,-0.045392608816824484,-0.7282011729472093,5.19018462331014,4.607271951723132,0.0,2092026.5433654126,2.7705732993900654,0.0,0.0,0.0,shutdown,False,False,2092026.5433654126,5600902.630078219,2513071.9934324254,2801287.5975467507,2500177.289855614,2803954.4670202713,False,False,0,0,True,3.63382692588e-06,1,0,36,0,True,7.7264555148e-06,1,0
72.0,-4637.11081322305,30964.937072348766,-74.8765590480582,184.51544366678593,199.12922449110326,184.51544366678593,23.43828977097838,0.0,209.0735718589532,-9.744443755972929,112.0873653890712,118.04990526868109,117.73654741359621,-0.3133578550848722,0.021975881420067945,0.021975881420067945,172.43963221298705,4.078449901359348,2335.4822178547074,33164.575106190096,0.6915077374467364,346.99587501612996,0.4214821285459793,6.688180755451459,0.42123502373875127,6.684259636371076,-0.04633389193759587,-0.7352374475550048,5.189571936387218,4.604732843049608,0.0,2092026.5433654126,2.7705732993900654,0.0,0.0,0.0,shutdown,False,False,2092026.5433654126,5600902.630078219,2513071.9934324254,2801287.5975467507,2500177.289855614,2803954.4670202713,False,False,0,0,True,3.63382692588e-06,1,0,36,0,True,7.7264555148e-06,1,0
72.10000000000001,-4644.598360267329,30983.33989576215,-74.87438183750595,183.5410246008302,198.22583274404778,183.5410246008302,23.47144082541332,0.0,208.22874092393906,-9.743937563133617,112.19268795055234,118.18350743498284,117.8625607107999,-0.3209467241829438,0.022011057329896198,0.022011057329896198,172.43963221298705,4.078449901359348,2335.4822178547074,33164.575106190096,0.6886858827902701,343.22881683280065,0.4214107279336252,6.6144517952205195,0.4211518328572206,6.610388184853276,-0.04739804976742136,-0.7439585530044974,5.188882341620537,4.601875011442971,0.0,2092026.5433654126,2.7705732993900654,0.0,0.0,0.0,shutdown,False,False,2092026.5433654126,5600902.630078219,2513071.9934324254,2801287.5975467507,2500177.289855614,2803954.4670202713,False,False,0,0,True,3.63382692588e-06,1,0,36,0,True,7.7264555148e-06,1,0
72.2,-4652.085689990814,31001.645279799075,-74.87221263221407,182.5666561376728,197.32316680444478,182.5666561376728,23.5044163514524,0.0,207.38501648740495,-9.743431700009458,112.29897111077375,118.3181500106727,117.98877678439793,-0.3293732262747808,0.022046663734604423,0.022046663734604423,172.43963221298705,4.078449901359348,2335.4822178547074,33164.575106190096,0.6858680602748041,339.5002048770191,0.421342458214966,6.541536825489147,0.42107011223325985,6.537308527975166,-0.04858622010801954,-0.7543235718385094,5.188115332873264,4.598696359361441,0.0,2092026.5433654126,2.7705732993900654,0.0,0.0,0.0,shutdown,False,False,2092026.5433654126,5600902.630078219,2513071.9934324254,2801287.5975467507,2500177.289855614,2803954.4670202713,False,False,0,0,True,3.63382692588e-06,1,0,36,0,True,7.7264555148e-06,1,0
72.3,-4659.572803150504,31019.853229518063,-74.87005056158982,181.59233824213365,196.421235561078,181.59233824213365,23.53721635820809,0.0,206.54241087696693,-9.742926210767703,112.40622706486965,118.45384411214783,118.1151983129887,-0.33864579915913584,0.022082774651661915,0.022082774651661915,172.43963221298705,4.078449901359348,2335.4822178547074,33164.575106190096,0.683054309049009,335.81002628087685,0.4212775295736344,6.46943686444408,0.42098995417247775,6.465020652396328,-0.04989954826518711,-0.7662928934107381,5.187270446762135,4.595194966443376,0.0,2092026.5433654126,2.7705732993900654,0.0,0.0,0.0,shutdown,False,False,2092026.5433654126,5600902.630078219,2513071.9934324254,2801287.5975467507,2500177.289855614,2803954.4670202713,False,False,0,0,True,3.63382692588e-06,1,0,36,0,True,7.7264555148e-06,1,0
72.4,-4667.059700417482,31037.96374997408,-74.86789477795696,180.6180708781189,195.5200480672415,180.6180708781189,23.569840854786474,0.0,205.70093661487076,-9.742421069518297,112.51446821148704,118.59060099989883,118.24182839296007,-0.3487726069387442,0.02211946189962093,0.02211946189962093,172.43963221298705,4.078449901359348,2335.4822178547074,33164.575106190096,0.6802446674295919,332.15750772562427,0.42121617196410677,6.398138475279558,0.42091145868765095,6.393509978398896,-0.05133919212071189,-0.7798258525204165,5.186347261544808,4.591369084896227,0.0,2092026.5433654126,2.7705732993900654,0.0,0.0,0.0,shutdown,False,False,2092026.5433654126,5600902.630078219,2513071.9934324254,2801287.5975467507,2500177.289855614,2803954.4670202713,False,False,0,0,True,3.63382692588e-06,1,0,36,0,True,7.7264555148e-06,1,0
72.5,-4674.546382379243,31055.976846218495,-74.86574445726312,179.6438540102048,194.61961354596303,179.6438540102048,23.602289850287143,0.0,204.8606064230814,-9.741916288757873,112.62370715658027,118.72843208016275,118.36867052585421,-0.3597615543085452,0.02215679508547991,0.02215679508547991,172.43963221298705,4.078449901359348,2335.4822178547074,33164.575106190096,0.6774391751752374,328.54228849233294,0.4211586355322575,6.327636362500011,0.4208347335520145,6.322769944539755,-0.05290632728843994,-0.7948833814925261,5.185345395961125,4.587217134694476,0.0,2092026.5433654126,2.7705732993900654,0.0,0.0,0.0,shutdown,False,False,2092026.5433654126,5600902.630078219,2513071.9934324254,2801287.5975467507,2500177.289855614,2803954.4670202713,False,False,0,0,True,3.63382692588e-06,1,0,36,0,True,7.7264555148e-06,1,0
72.60000000000001,-4682.032849579675,31073.892523281662,-74.86359955135727,178.66968725311852,193.71994136101003,178.66968725311852,23.629413545770692,0.0,204.01894709089694,-9.74141885295879,112.73395696253766,118.86608260106439,118.4957284177739,-0.37035418329048364,0.02219477600735545,0.02219477600735545,172.43963221298705,4.078449901359348,2335.4822178547074,33164.575106190096,0.6746296518082503,324.95609224654305,0.4211006734561371,6.257705847535299,0.4207577580839729,6.252610003085588,-0.05441109037205914,-0.8085681639914838,5.184383280856292,4.5832299191750705,0.0,2092026.5433654126,2.7705732993900654,0.0,0.0,0.0,shutdown,False,False,2092026.5433654126,5600902.630078219,2513071.9934324254,2801287.5975467507,2500177.289855614,2803954.4670202713,False,False,0,0,True,3.63382692588e-06,1,0,36,0,True,7.7264555148e-06,1,0
72.7,-4689.5191027581595,31091.710786062653,-74.86146401834861,177.69556836672345,192.82104089580938,177.69556836672345,23.628800885357514,0.0,203.16507401119685,-9.740958874941125,112.84523221612831,118.99802747561385,118.62300478618889,-0.37502268942495876,0.022233057769104947,0.022233057769104947,172.43963221298705,4.078449901359348,2335.4822178547074,33164.575106190096,0.6717801052309507,321.3642520467397,0.4210221254357525,6.18738313969048,0.42067101345248614,6.182223162971543,-0.05501982765775994,-0.8085768738304676,5.183978620464798,4.5815529179670555,0.0,2092026.5433654126,2.7705732993900654,0.0,0.0,0.0,shutdown,False,False,2092026.5433654126,5600902.630078219,2513071.9934324254,2801287.5975467507,2500177.289855614,2803954.4670202713,False,False,0,0,True,3.63382692588e-06,1,0,36,0,True,7.7264555148e-06,1,0
72.8,-4697.005143007487,31109.431639255545,-74.85934096820728,176.721495491132,191.92292176500573,176.721495491132,23.628191574260665,0.0,202.3123353503831,-9.740498636885475,112.95754746889742,119.13108298181825,118.75050057326543,-0.3805824085528213,0.022271367569042487,0.022271367569042487,172.43963221298705,4.078449901359348,2335.4822178547074,33164.575106190096,0.6689346736617008,317.8094013946553,0.42094695135248344,6.117847316051934,0.4205858441190355,6.112599151379738,-0.05576109606398564,-0.810405849951183,5.183491500176314,4.579534184902469,0.0,2092026.5433654126,2.7705732993900654,0.0,0.0,0.0,shutdown,False,False,2092026.5433654126,5600902.630078219,2513071.9934324254,2801287.5975467507,2500177.289855614,2803954.4670202713,False,False,0,0,True,3.63382692588e-06,1,0,36,0,True,7.7264555148e-06,1,0
72.9,-4704.490971527553,31127.055087462708,-74.85722943309,175.7474686520918,191.02559392923314,175.7474686520918,23.6275856123219,0.0,201.4607443948994,-9.740038143913136,113.07091616696589,119.26526143990313,118.87821617525587,-0.38704526464725925,0.022309787648952126,0.022309787648952126,172.43963221298705,4.078449901359348,2335.4822178547074,33164.575106190096,0.6660933986472488,314.2911557199149,0.42087532045841897,6.049091380554127,0.4205023266370307,6.043730472940199,-0.056636408030933165,-0.8140149611821013,5.182921117410199,4.577170393911526,0.0,2092026.5433654126,2.7705732993900654,0.0,0.0,0.0,shutdown,False,False,2092026.5433654126,5600902.630078219,2513071.9934324254,2801287.5975467507,2500177.289855614,2803954.4670202713,False,False,0,0,True,3.63382692588e-06,1,0,36,0,True,7.7264555148e-06,1,0
73.0,-4711.976589422656,31144.581135289085,-74.85512846897947,174.7734878754764,190.12906753641516,174.7734878754764,23.626982999382882,0.0,200.61031464863976,-9.739577388391972,113.18535198330814,119.40057533572967,119.00615245368114,-0.3944228820485284,0.02234839817643456,0.02234839817643456,172.43963221298705,4.078449901359348,2335.4822178547074,33164.575106190096,0.6632563221352703,310.8089794928956,0.4208074242596825,5.981105679680781,0.42042054639247256,5.975606828483032,-0.05764728656528102,-0.819364139547627,5.182266716143353,4.574458411869063,0.0,2092026.5433654126,2.7705732993900654,0.0,0.0,0.0,shutdown,False,False,2092026.5433654126,5600902.630078219,2513071.9934324254,2801287.5975467507,2500177.289855614,2803954.4670202713,False,False,0,0,True,3.63382692588e-06,1,0,36,0,True,7.7264555148e-06,1,0
73.10000000000001,-4719.461997703866,31162.00978734221,-74.85303715521326,173.7995531870119,189.23335292533585,173.7995531870119,23.626383735285184,0.0,199.76105983632775,-9.739116380891982,113.30086882187852,119.53703732275302,119.13431072342689,-0.4027265993261328,0.02238727723801369,0.02238727723801369,172.43963221298705,4.078449901359348,2335.4822178547074,33164.575106190096,0.6604234871822097,307.3625312362222,0.4207434772583434,5.913884538023689,0.4203405978028718,5.908221746533905,-0.05879527145285331,-0.8264143487611006,5.181527585960356,4.571395294658134,0.0,2092026.5433654126,2.7705732993900654,0.0,0.0,0.0,shutdown,False,False,2092026.5433654126,5600902.630078219,2513071.9934324254,2801287.5975467507,2500177.289855614,2803954.4670202713,False,False,0,0,True,3.63382692588e-06,1,0,36,0,True,7.7264555148e-06,1,0
73.2,-4726.947197291299,31179.341048232127,-74.85095459345168,172.8256646113356,188.33846062846757,172.8256646113356,23.625787819870297,0.0,198.91299390610365,-9.738655132630164,113.41748082174072,119.67466022394343,119.26269274084066,-0.4119674831027624,0.022426500846448632,0.022426500846448632,172.43963221298705,4.078449901359348,2335.4822178547074,33164.575106190096,0.6575949375824748,303.9514733865581,0.42068371761527856,5.847422591221978,0.42026258443160575,5.841568921139187,-0.06008192539550069,-0.8351271826571037,5.180703061126281,4.567978283327531,0.0,2092026.5433654126,2.7705732993900654,0.0,0.0,0.0,shutdown,False,False,2092026.5433654126,5600902.630078219,2513071.9934324254,2801287.5975467507,2500177.289855614,2803954.4670202713,False,False,0,0,True,3.63382692588e-06,1,0,36,0,True,7.7264555148e-06,1,0
73.3,-4734.432189016333,31196.57492257129,-74.84887990724167,171.8518221719434,187.44440137594387,171.8518221719434,23.625195252979626,0.0,198.06613103324398,-9.738193655209674,113.53520236133681,119.81345703373803,119.39130069185106,-0.422156341886983,0.02246614294105085,0.02246614294105085,172.43963221298705,4.078449901359348,2335.4822178547074,33164.575106190096,0.6547707178806835,300.5754722507225,0.4206284077826773,5.781714778354004,0.4201866190634369,5.775642206174662,-0.06150884012464442,-0.8454649361956769,5.179792519661442,4.564204800257331,0.0,2092026.5433654126,2.7705732993900654,0.0,0.0,0.0,shutdown,False,False,2092026.5433654126,5600902.630078219,2513071.9934324254,2801287.5975467507,2500177.289855614,2803954.4670202713,False,False,0,0,True,3.63382692588e-06,1,0,36,0,True,7.7264555148e-06,1,0
73.4,-4741.916973623723,31213.711414974383,-74.84681224054101,170.87802588987546,186.5511860980566,170.87802588987546,23.6246060344545,0.0,197.22048562233607,-9.737731986142267,113.65404806269916,119.9534409199187,119.52013718015688,-0.43330373976183506,0.02250627541181884,0.02250627541181884,172.43963221298705,4.078449901359348,2335.4822178547074,33164.575106190096,0.6519508739873544,297.2344885194528,0.4205778351131932,5.716761922286534,0.42011282374583103,5.710441191481377,-0.06307764247510259,-0.8573915088802037,5.17879538242937,4.560072445379287,0.0,2092026.5433654126,2.7705732993900654,0.0,0.0,0.0,shutdown,False,False,2092026.5433654126,5600902.630078219,2513071.9934324254,2801287.5975467507,2500177.289855614,2803954.4670202713,False,False,0,0,True,3.63382692588e-06,1,0,36,0,True,7.7264555148e-06,1,0
73.5,-4749.401551773649,31230.750530058114,-74.8447507579952,169.90427578473643,185.65882593068986,169.90427578473643,23.624020164136184,0.0,196.3760723124153,-9.737270116633805,113.77403279595015,120.09462522559855,119.64920521546784,-0.44542001013070737,0.022546968093322017,0.022546968093322017,172.43963221298705,4.078449901359348,2335.4822178547074,33164.575106190096,0.649135451511883,293.92796881149576,0.4205323123512977,5.652555170387354,0.4200413296993734,5.645955661987661,-0.06479000033821483,-0.8708701820164535,5.177711112257664,4.555578992533428,0.0,2092026.5433654126,2.7705732993900654,0.0,0.0,0.0,shutdown,False,False,2092026.5433654126,5600902.630078219,2513071.9934324254,2801287.5975467507,2500177.289855614,2803954.4670202713,False,False,0,0,True,3.63382692588e-06,1,0,36,0,True,7.7264555148e-06,1,0
73.60000000000001,-4756.885924043833,31247.69227244117,-74.84269464568014,168.93057187633292,184.76733222161164,168.93057187633292,23.623437641865866,0.0,195.53290598294035,-9.736808051428964,113.89517168393607,120.23702347123259,119.7785082016915,-0.4585152695410964,0.022588288751945084,0.022588288751945084,172.43963221298705,4.078449901359348,2335.4822178547074,33164.575106190096,0.6463244971718927,290.6555175817169,0.4204921781848331,5.589088912385762,0.419972277271057,5.582178504574448,-0.06664762869244004,-0.8858655211369534,5.176539213021041,4.550722385668019,0.0,2092026.5433654126,2.7705732993900654,0.0,0.0,0.0,shutdown,False,False,2092026.5433654126,5600902.630078219,2513071.9934324254,2801287.5975467507,2500177.289855614,2803954.4670202713,False,False,0,0,True,3.63382692588e-06,1,0,36,0,True,7.7264555148e-06,1,0
73.7,-4764.370090931607,31264.53664674417,-74.84064310979151,167.95691418369952,183.87671653365413,167.95691418369952,23.62285846748467,0.0,194.6910017565498,-9.736345801233599,114.01748010668626,120.38064935648846,119.90804992516755,-0.4725994313209166,0.022630303115355226,0.022630303115355226,172.43963221298705,4.078449901359348,2335.4822178547074,33164.575106190096,0.6435180586407347,287.4168163811508,0.4204577977027665,5.52635921706294,0.41990581577550157,5.519104147878686,-0.068652295499947,-0.902343227029095,5.175279228770646,4.545500735231238,0.0,2092026.5433654126,2.7705732993900654,0.0,0.0,0.0,shutdown,False,False,2092026.5433654126,5600902.630078219,2513071.9934324254,2801287.5975467507,2500177.289855614,2803954.4670202713,False,False,0,0,True,3.63382692588e-06,1,0,36,0,True,7.7264555148e-06,1,0
73.8,-4771.854052855888,31281.283657589596,-74.83859537583552,166.98330272483977,182.98699064885326,166.98330272483977,23.622282640833653,0.0,193.85037500275538,-9.735883375955932,114.1409737060094,120.52551676213959,120.0378345430528,-0.48768221908679926,0.022673074895449348,0.022673074895449348,172.43963221298705,4.078449901359348,2335.4822178547074,33164.575106190096,0.6407161844069618,284.211550417252,0.42042956281198995,5.464362410080201,0.41984210327371563,5.456727143433111,-0.07080582753125592,-0.9202699729025398,5.1739307428849335,4.5399123146522395,0.0,2092026.5433654126,2.7705732993900654,0.0,0.0,0.0,shutdown,False,False,2092026.5433654126,5600902.630078219,2513071.9934324254,2801287.5975467507,2500177.289855614,2803954.4670202713,False,False,0,0,True,3.63382692588e-06,1,0,36,0,True,7.7264555148e-06,1,0
73.9,-4779.337810159083,31297.93330960168,-74.83655068805763,166.0097375168168,182.09816657311143,166.0097375168168,23.62171016175383,0.0,193.01104134212616,-9.735420784495131,114.26566839019699,120.67163975196381,120.16786657183133,-0.5037731801324724,0.022716665809214352,0.022716665809214352,172.43963221298705,4.078449901359348,2335.4822178547074,33164.575106190096,0.6379189237881078,281.03940851345357,0.4204078926185099,5.403095063374598,0.41978130629192606,5.395042156787007,-0.07311011612276444,-0.9396134431379608,5.172493377239392,4.533955556900307,0.0,2092026.5433654126,2.7705732993900654,0.0,0.0,0.0,shutdown,False,False,2092026.5433654126,5600902.630078219,2513071.9934324254,2801287.5975467507,2500177.289855614,2803954.4670202713,False,False,0,0,True,3.63382692588e-06,1,0,36,0,True,7.7264555148e-06,1,0
74.0,-4786.8213631088765,31314.48560740625,-74.83450830780589,165.03621857463187,181.2102565394264,165.03621857463187,23.621141030086132,0.0,192.17301664895524,-9.734958059197771,114.39158033866265,120.8190325745483,120.2981508760179,-0.5208816985304067,0.022761135625296622,0.022761135625296622,172.43963221298705,4.078449901359348,2335.4822178547074,33164.575106190096,0.6351263275654693,277.90036980667475,0.420393233788364,5.3425594969428145,0.41972359949327837,5.334049462110785,-0.07556712286159613,-0.9603433581999753,5.1709667914026545,4.527629051153363,0.0,2092026.5433654126,2.7705732993900654,0.0,0.0,0.0,shutdown,False,False,2092026.5433654126,5600902.630078219,2513071.9934324254,2801287.5975467507,2500177.289855614,2803954.4670202713,False,False,0,0,True,3.63382692588e-06,1,0,36,0,True,7.7264555148e-06,1,0
74.10000000000001,-4794.30471189996,31330.94055563061,-74.83246751384979,164.06274591246503,180.32327301418817,164.06274591246503,23.620575245671464,0.0,191.33631705702444,-9.734495184130106,114.51872600692276,120.96770966523047,120.42869265701404,-0.5390170082164395,0.022806542170694905,0.022806542170694905,172.43963221298705,4.078449901359348,2335.4822178547074,33164.575106190096,0.6323384462042,274.7938756223199,0.420386060789427,5.282747846972534,0.4196691652013484,5.2737390358399425,-0.07817888510334284,-0.9824287136991217,5.1693506818816335,4.520931539669646,0.0,2092026.5433654126,2.7705732993900654,0.0,0.0,0.0,shutdown,False,False,2092026.5433654126,5600902.630078219,2513071.9934324254,2801287.5975467507,2500177.289855614,2803954.4670202713,False,False,0,0,True,3.63382692588e-06,1,0,36,0,True,7.7264555148e-06,1,0
74.2,-4801.787856655801,31347.298158903493,-74.83042760298295,163.08931954523757,179.43722870400637,163.08931954523757,23.62001280835067,0.0,190.50095896586495,-9.73403216041315,114.64712213169992,121.11768564804716,120.55949744198698,-0.5581882060601749,0.022852941332130644,0.022852941332130644,172.43963221298705,4.078449901359348,2335.4822178547074,33164.575106190096,0.629555331504078,271.7195842001181,0.42038687620859416,5.22365656602069,0.41961819296488756,5.214105037415916,-0.08094752157370641,-1.0058402783291944,5.167644781325364,4.5138619144882535,0.0,2092026.5433654126,2.7705732993900654,0.0,0.0,0.0,shutdown,False,False,2092026.5433654126,5600902.630078219,2513071.9934324254,2801287.5975467507,2500177.289855614,2803954.4670202713,False,False,0,0,True,3.63382692588e-06,1,0,36,0,True,7.7264555148e-06,1,0
74.3,-4809.270797430375,31363.558421855138,-74.82838788850627,162.1159394876676,178.55213655949865,162.1159394876676,23.619453717964543,0.0,189.66695904385102,-9.73356899098017,114.77678573582936,121.26897533751136,120.69057107289204,-0.5784042646193142,0.022900387104616626,0.022900387104616626,172.43963221298705,4.078449901359348,2335.4822178547074,33164.575106190096,0.6267770362421584,268.6771986094109,0.42039621096338986,5.165283103233152,0.41957087898285494,5.155142494867902,-0.08387523777518881,-1.0305500790956805,5.165848857797559,4.506419214414467,0.0,2092026.5433654126,2.7705732993900654,0.0,0.0,0.0,shutdown,False,False,2092026.5433654126,5600902.630078219,2513071.9934324254,2801287.5975467507,2500177.289855614,2803954.4670202713,False,False,0,0,True,3.63382692588e-06,1,0,36,0,True,7.7264555148e-06,1,0
74.4,-4816.753534209774,31379.721349117237,-74.82634769947126,161.1426057542766,177.66800978037767,161.1426057542766,23.61889797435383,0.0,188.8343342325701,-9.73310567683053,114.9077341333477,121.4215937404262,120.82191969573213,-0.5996740446940672,0.02294893162577544,0.02294893162577544,172.43963221298705,4.078449901359348,2335.4822178547074,33164.575106190096,0.6240036140974509,265.66642533852445,0.4204146244849364,5.107625097177789,0.4195274254628546,5.096846499746912,-0.08696433130988902,-1.0565312795715758,5.163962714072905,4.498602622103429,0.0,2092026.5433654126,2.7705732993900654,0.0,0.0,0.0,shutdown,False,False,2092026.5433654126,5600902.630078219,2513071.9934324254,2801287.5975467507,2500177.289855614,2803954.4670202713,False,False,0,0,True,3.63382692588e-06,1,0,36,0,True,7.7264555148e-06,1,0
74.5,-4824.2360669137515,31395.78694532293,-74.82430638007393,160.16931835959116,176.7848618209015,160.16931835959116,23.618345577359225,0.0,188.00310175150938,-9.73264221687132,115.0399849346871,121.57555605769109,120.95354975000853,-0.6220063076825652,0.022998625208261615,0.022998625208261615,172.43963221298705,4.078449901359348,2335.4822178547074,33164.575106190096,0.6212351196663587,262.6869742574919,0.42044270486650515,5.05068036402653,0.41948803990451894,5.039212196017148,-0.09021719710937308,-1.083758192647195,5.161986186959191,4.490411461250903,0.0,2092026.5433654126,2.7705732993900654,0.0,0.0,0.0,shutdown,False,False,2092026.5433654126,5600902.630078219,2513071.9934324254,2801287.5975467507,2500177.289855614,2803954.4670202713,False,False,0,0,True,3.63382692588e-06,1,0,36,0,True,7.7264555148e-06,1,0
74.60000000000001,-4831.718395397165,31411.755215106783,-74.82226328819593,159.196077317463,175.90270639428994,159.196077317463,23.617796526821373,0.0,187.17327910161706,-9.732178625682222,115.17355605182767,121.73087768600874,121.08546795842251,-0.6454097275862328,0.023049516394853163,0.023049516394853163,172.43963221298705,4.078449901359348,2335.4822178547074,33164.575106190096,0.6184716089688612,259.738775868733,0.42048106899059656,4.994451064023448,0.4194529343183034,4.982238936803735,-0.09363633256873556,-1.1122072200583026,5.159919146650312,4.481845193911993,0.0,2092026.5433654126,2.7705732993900654,0.0,0.0,0.0,shutdown,False,False,2092026.5433654126,5600902.630078219,2513071.9934324254,2801287.5975467507,2500177.289855614,2803954.4670202713,False,False,0,0,True,3.63382692588e-06,1,0,36,0,True,7.7264555148e-06,1,0
74.7,-4839.200519451342,31427.626163104753,-74.820217795358,158.22288264192414,175.02155747925713,158.22288264192414,23.61725082258087,0.0,186.3448840709822,-9.7317148850879,115.30846570374334,121.88757421969396,121.21768131679674,-0.6698929028972263,0.02310165198014193,0.02310165198014193,172.43963221298705,4.078449901359348,2335.4822178547074,33164.575106190096,0.6157131381516978,256.8213997424618,0.42053036255999443,4.93893250812405,0.41942232430309095,4.925919116810396,-0.09722434249846752,-1.1418544497560814,5.15776149613236,4.4729034180398335,0.0,2092026.5433654126,2.7705732993900654,0.0,0.0,0.0,shutdown,False,False,2092026.5433654126,5600902.630078219,2513071.9934324254,2801287.5975467507,2500177.289855614,2803954.4670202713,False,False,0,0,True,3.63382692588e-06,1,0,36,0,True,7.7264555148e-06,1,0
74.8,-4846.682438805474,31443.399793954282,-74.81816928728702,157.2497343486534,174.14142932749576,157.2497343486534,23.61670846447827,0.0,185.5179347414342,-9.731250980320228,115.44473242203063,122.04566145251607,121.35019708407661,-0.6954643684394595,0.02315507701667001,0.02315507701667001,172.43963221298705,4.078449901359348,2335.4822178547074,33164.575106190096,0.6129597644798565,253.9344870775611,0.4205912601695584,4.884121463038814,0.41939642811411465,4.870246460300129,-0.10098394411264681,-1.1726773605900729,5.155513170559166,4.463585864897712,0.0,2092026.5433654126,2.7705732993900654,0.0,0.0,0.0,shutdown,False,False,2092026.5433654126,5600902.630078219,2513071.9934324254,2801287.5975467507,2500177.289855614,2803954.4670202713,False,False,0,0,True,3.63382692588e-06,1,0,36,0,True,7.7264555148e-06,1,0
74.9,-4854.164153127977,31459.076112294446,-74.81611716277631,156.276632454611,173.26233646891595,156.276632454611,23.616169452354054,0.0,184.69244949276282,-9.730786900517812,115.58237505637679,122.20515537936296,121.48302277248793,-0.7221326068750371,0.023209834863430794,0.023209834863430794,172.43963221298705,4.078449901359348,2335.4822178547074,33164.575106190096,0.6102115463798266,251.07776106981322,0.4206644653100972,4.830016339880361,0.41937546561245714,4.815216207910305,-0.1049179718461598,-1.2046549213290438,5.153174136681586,4.4538923966939,0.0,2092026.5433654126,2.7705732993900654,0.0,0.0,0.0,shutdown,False,False,2092026.5433654126,5600902.630078219,2513071.9934324254,2801287.5975467507,2500177.289855614,2803954.4670202713,False,False,0,0,True,3.63382692588e-06,1,0,36,0,True,7.7264555148e-06,1,0
75.0,-4861.645662027756,31474.655122766075,-74.81406083280368,155.30357697798144,172.38429371740992,155.30357697798144,23.615633786048658,0.0,183.8684470074089,-9.730322632066086,115.72141278015107,122.36607219789488,121.61616613795816,-0.7499060599367275,0.023265967229411225,0.023265967229411225,172.43963221298705,4.078449901359348,2335.4822178547074,33164.575106190096,0.6074685432770295,248.25094811509936,0.42075071032940287,4.776615667907161,0.4193596571181413,4.760823593406319,-0.1090293820413708,-1.2377672615533397,5.1507443923120775,4.443823004362741,0.0,2092026.5433654126,2.7705732993900654,0.0,0.0,0.0,shutdown,False,False,2092026.5433654126,5600902.630078219,2513071.9934324254,2801287.5975467507,2500177.289855614,2803954.4670202713,False,False,0,0,True,3.63382692588e-06,1,0,36,0,True,7.7264555148e-06,1,0
75.10000000000001,-4869.126965055395,31490.1368300119,-74.81199971996688,154.3305679384531,171.5073161771993,154.3305679384531,23.61510146540245,0.0,183.04594627568352,-9.72985815849076,115.86186509613243,122.52842831019342,121.7496351707665,-0.7787931394269305,0.023323514209739358,0.023323514209739358,172.43963221298705,4.078449901359348,2335.4822178547074,33164.575106190096,0.6047308156130122,245.45377777501983,0.4208507563635957,4.723918082772413,0.41934922217700216,4.707063831262356,-0.11332125752901055,-1.2719956647560597,5.148223965812207,4.433377805440775,0.0,2092026.5433654126,2.7705732993900654,0.0,0.0,0.0,shutdown,False,False,2092026.5433654126,5600902.630078219,2513071.9934324254,2801287.5975467507,2500177.289855614,2803954.4670202713,False,False,0,0,True,3.63382692588e-06,1,0,36,0,True,7.7264555148e-06,1,0
75.2,-4876.608061704269,31505.52123867668,-74.80993325752551,153.35760535713897,170.63141924883413,153.35760535713897,23.614572490255718,0.0,182.22496660054844,-9.729393467784227,116.00375184226058,122.69224032433101,121.88343808643384,-0.8088022378971661,0.023382514333532077,0.023382514333532077,172.43963221298705,4.078449901359348,2335.4822178547074,33164.575106190096,0.6019984250871483,242.68607801331194,0.42096539323972004,4.671924148988029,0.41934437823997517,4.653933931158253,-0.11779681209219502,-1.3073230719797897,5.1456129156077575,4.422557042057229,0.0,2092026.5433654126,2.7705732993900654,0.0,0.0,0.0,shutdown,False,False,2092026.5433654126,5600902.630078219,2513071.9934324254,2801287.5975467507,2500177.289855614,2803954.4670202713,False,False,0,0,True,3.63382692588e-06,1,0,36,0,True,7.7264555148e-06,1,0
75.3,-4884.088951405175,31520.808353407905,-74.80786076061204,152.3846892674008,169.7566185887944,152.3846892674008,23.61404686044867,0.0,181.40552754227448,-9.728928326971618,116.14709315712528,122.85752502011849,122.01758334143254,-0.8399416786859374,0.023443013179563894,0.023443013179563894,172.43963221298705,4.078449901359348,2335.4822178547074,33164.575106190096,0.5992714341916561,239.94765364981652,0.4211144096244188,4.620842170166319,0.41936378551886166,4.601632764108989,-0.12249528435435553,-1.3441273028295313,5.14289725844166,4.411302764535067,0.0,2092026.5433654126,2.7705732993900654,0.0,0.0,0.0,shutdown,False,False,2092026.5433654126,5600902.630078219,2513071.9934324254,2801287.5975467507,2500177.289855614,2803954.4670202713,False,False,0,0,True,3.63382692588e-06,1,0,36,0,True,7.7264555148e-06,1,0
75.4,-4891.569633503175,31535.998178858474,-74.80578119938022,151.41181974392995,168.88293004036223,151.41181974392995,23.61352457582132,0.0,180.5876488230603,-9.728462142434584,116.29190941196235,123.0242992849301,122.15207971747944,-0.8722195674506663,0.023505078700808188,0.023505078700808188,172.43963221298705,4.078449901359348,2335.4822178547074,33164.575106190096,0.5965499053774349,237.23807097262412,0.42133163514539596,4.571018489879527,0.41943955990779447,4.550491403437667,-0.12748716798548793,-1.383105737794753,5.140050350299396,4.399504554248024,0.0,2092026.5433654126,2.7705732993900654,0.0,0.0,0.0,shutdown,False,False,2092026.5433654126,5600902.630078219,2513071.9934324254,2801287.5975467507,2500177.289855614,2803954.4670202713,False,False,0,0,True,3.63382692588e-06,1,0,36,0,True,7.7264555148e-06,1,0
75.5,-4899.050107246896,31551.090719689066,-74.8036936750455,150.43899686790567,168.01036981701984,150.43899686790567,23.613005636213412,0.0,179.77135055938274,-9.727995378042682,116.4382213651774,123.19258024689053,122.28693635846062,-0.9056438884299041,0.023568769365226255,0.023568769365226255,172.43963221298705,4.078449901359348,2335.4822178547074,33164.575106190096,0.5938339028023502,234.55707161950454,0.42156594606341685,4.521875258331199,0.4195212321574251,4.499942886164499,-0.1326803497204424,-1.4231794486012534,5.137109521724455,4.3873171171367895,0.0,2092026.5433654126,2.7705732993900654,0.0,0.0,0.0,shutdown,False,False,2092026.5433654126,5600902.630078219,2513071.9934324254,2801287.5975467507,2500177.289855614,2803954.4670202713,False,False,0,0,True,3.63382692588e-06,1,0,36,0,True,7.7264555148e-06,1,0
75.60000000000001,-4906.530371812988,31566.08598056739,-74.80159764677764,149.4662206985558,167.1389545869538,149.4662206985558,23.612490041464454,0.0,178.95665337007839,-9.727528008944097,116.5860502433195,123.36238534258383,122.42216267210013,-0.9402226704837047,0.023634118801648764,0.023634118801648764,172.43963221298705,4.078449901359348,2335.4822178547074,33164.575106190096,0.5911234922826596,231.90440067028064,0.4218182486669764,4.4734118040570285,0.4196089799744201,4.449982356234781,-0.1380785754923869,-1.4643328766524761,5.13407485332659,4.374740787265818,0.0,2092026.5433654126,2.7705732993900654,0.0,0.0,0.0,shutdown,False,False,2092026.5433654126,5600902.630078219,2513071.9934324254,2801287.5975467507,2500177.289855614,2803954.4670202713,False,False,0,0,True,3.63382692588e-06,1,0,36,0,True,7.7264555148e-06,1,0
75.7,-4914.01042632451,31580.9839661672,-74.79949258366996,148.4934912976976,166.26870134981476,148.4934912976976,23.611977791413747,0.0,178.1435782147798,-9.727060008211136,116.73541763891564,123.5337322223739,122.55776825425333,-0.9759639681205732,0.023701159051496213,0.023701159051496213,172.43963221298705,4.078449901359348,2335.4822178547074,33164.575106190096,0.588418740759225,229.27980616949114,0.42208947661823426,4.425627486205198,0.4197029705872185,4.400604861212321,-0.1436857010302635,-1.5065511534402607,5.130946462732253,4.3617760521048705,0.0,2092026.5433654126,2.7705732993900654,0.0,0.0,0.0,shutdown,False,False,2092026.5433654126,5600902.630078219,2513071.9934324254,2801287.5975467507,2500177.289855614,2803954.4670202713,False,False,0,0,True,3.63382692588e-06,1,0,36,0,True,7.7264555148e-06,1,0
75.8,-4921.490269851916,31595.78468116858,-74.79737796446346,147.52080872994716,165.39962744424926,147.52080872994716,23.61146888590037,0.0,177.33214639978848,-9.726591346789457,116.88634551692724,123.70663875182036,122.69376287985754,-1.0128758719628133,0.0237699205847201,0.0237699205847201,172.43963221298705,4.078449901359348,2335.4822178547074,33164.575106190096,0.5857197163168638,226.68303909515325,0.4223805905683217,4.3785216834268,0.4198033589024499,4.3518053404313735,-0.14950569408646286,-1.5498200863646576,5.127724505065648,4.348423554522585,0.0,2092026.5433654126,2.7705732993900654,0.0,0.0,0.0,shutdown,False,False,2092026.5433654126,5600902.630078219,2513071.9934324254,2801287.5975467507,2500177.289855614,2803954.4670202713,False,False,0,0,True,3.63382692588e-06,1,0,36,0,True,7.7264555148e-06,1,0
75.9,-4928.969901413965,31610.488130258196,-74.7952532764922,146.54817306234,164.53175055473085,146.54817306234,23.610963324763173,0.0,176.52237958310766,-9.72612200534256,117.03885622114753,123.88112301292973,122.83015649404973,-1.0509665188800048,0.02384043234224348,0.02384043234224348,172.43963221298705,4.078449901359348,2335.4822178547074,33164.575106190096,0.5830264886164155,224.11402030331374,0.42269257773236013,4.332097010592456,0.41991028556343996,4.303581819594222,-0.1555426365623397,-1.594127331230388,5.1244091735200525,4.334684095154183,0.0,2092026.5433654126,2.7705732993900654,0.0,0.0,0.0,shutdown,False,False,2092026.5433654126,5600902.630078219,2513071.9934324254,2801287.5975467507,2500177.289855614,2803954.4670202713,False,False,0,0,True,3.63382692588e-06,1,0,36,0,True,7.7264555148e-06,1,0
76.0,-4936.449319978585,31625.09431812956,-74.7931180159096,145.57558436495,163.66508872003968,145.57558436495,23.610461107840784,0.0,175.714299781096,-9.725651942448604,117.19297248092622,124.0572033055068,122.96695920340899,-1.0902441020978217,0.023912721737118208,0.023912721737118208,172.43963221298705,4.078449901359348,2335.4822178547074,33164.575106190096,0.5803391278287056,221.57240059704299,0.42302645141167144,4.286350810801277,0.42002387489555404,4.255926953755449,-0.16180072654494781,-1.6394593602830152,5.121000700007995,4.320558635095927,0.0,2092026.5433654126,2.7705732993900654,0.0,0.0,0.0,shutdown,False,False,2092026.5433654126,5600902.630078219,2513071.9934324254,2801287.5975467507,2500177.289855614,2803954.4670202713,False,False,0,0,True,3.63382692588e-06,1,0,36,0,True,7.7264555148e-06,1,0
76.10000000000001,-4943.9285244638095,31639.603249483403,-74.79097168856792,144.60304271195136,162.79966034262662,144.60304271195136,23.60996223497157,0.0,174.90792937594114,-9.725181117512834,117.34871741811297,124.23489814852823,123.10418126714134,-1.1307168813868786,0.023986814633102847,0.023986814633102847,172.43963221298705,4.078449901359348,2335.4822178547074,33164.575106190096,0.5776577054209628,219.05787182810866,0.4233832504878852,4.241281148407534,0.42014423275937857,4.208833986609228,-0.168284280330665,-1.6858034532950932,5.117499355862157,4.306048298809818,0.0,2092026.5433654126,2.7705732993900654,0.0,0.0,0.0,shutdown,False,False,2092026.5433654126,5600902.630078219,2513071.9934324254,2801287.5975467507,2500177.289855614,2803954.4670202713,False,False,0,0,True,3.63382692588e-06,1,0,36,0,True,7.7264555148e-06,1,0
76.2,-4951.4075137387035,31654.01492902807,-74.78881380933032,143.63054818144732,161.93548419636056,143.63054818144732,23.609466705993633,0.0,174.10329112132098,-9.724709492558864,117.50611455379533,124.4142262812399,123.24183308828876,-1.1723931929511489,0.024062735374672344,0.024062735374672344,172.43963221298705,4.078449901359348,2335.4822178547074,33164.575106190096,0.5749822942539468,216.5701965396079,0.42376403886582825,4.19688737600611,0.4202714442894864,4.1622973099726925,-0.1749977343299747,-1.7331479660351297,5.113905452639649,4.2911543774566985,0.0,2092026.5433654126,2.7705732993900654,0.0,0.0,0.0,shutdown,False,False,2092026.5433654126,5600902.630078219,2513071.9934324254,2801287.5975467507,2500177.289855614,2803954.4670202713,False,False,0,0,True,3.63382692588e-06,1,0,36,0,True,7.7264555148e-06,1,0
76.3,-4958.886286624247,31668.329361479915,-74.78664390155446,142.6581008554543,161.0725794346849,142.6581008554543,23.608974520744816,0.0,173.3004081483702,-9.724237027292334,117.66518781514905,124.59520666419219,123.37992520509793,-1.215281459094257,0.02414050681270924,0.02414050681270924,172.43963221298705,4.078449901359348,2335.4822178547074,33164.575106190096,0.5723129684338382,214.10914005591047,0.42416990486746126,4.153168813188628,0.42040557151883945,4.116311149109827,-0.1819456468703051,-1.7814818486787687,5.110219343023327,4.275878332631492,0.0,2092026.5433654126,2.7705732993900654,0.0,0.0,0.0,shutdown,False,False,2092026.5433654126,5600902.630078219,2513071.9934324254,2801287.5975467507,2500177.289855614,2803954.4670202713,False,False,0,0,True,3.63382692588e-06,1,0,36,0,True,7.7264555148e-06,1,0
76.4,-4966.364841894171,31682.546551563697,-74.78446149690963,141.68570082013537,160.2109655993486,141.68570082013537,23.60848567906266,0.0,172.4993039721221,-9.723763679074482,117.82596154243417,124.77785848023333,123.51846828250598,-1.2593901977273527,0.024220150319604162,0.024220150319604162,172.43963221298705,4.078449901359348,2335.4822178547074,33164.575106190096,0.56964980333347,211.67447045384012,0.42460196057876415,4.110124736688079,0.42054665088844356,4.070869551313057,-0.1891326999124724,-1.8307946279081186,5.106441421814854,4.260221800478684,0.0,2092026.5433654126,2.7705732993900654,0.0,0.0,0.0,shutdown,False,False,2092026.5433654126,5600902.630078219,2513071.9934324254,2801287.5975467507,2500177.289855614,2803954.4670202713,False,False,0,0,True,3.63382692588e-06,1,0,36,0,True,7.7264555148e-06,1,0
76.5,-4973.843178275777,31696.666504013006,-74.78226613521036,140.7133481660362,159.350662629352,140.7133481660362,23.60800018078441,0.0,171.70000249804454,-9.723289402899425,117.98846049607512,124.96220113541361,123.65747310371194,-1.3047280317016707,0.024301685804197067,0.024301685804197067,172.43963221298705,4.078449901359348,2335.4822178547074,33164.575106190096,0.5669928756138708,209.26595853423063,0.4250613411462749,4.067754370735822,0.4206946906373277,4.025966374571914,-0.19656370067230086,-1.8810763886020052,5.10257212702539,4.244186596212357,0.0,2092026.5433654126,2.7705732993900654,0.0,0.0,0.0,shutdown,False,False,2092026.5433654126,5600902.630078219,2513071.9934324254,2801287.5975467507,2500177.289855614,2803954.4670202713,False,False,0,0,True,3.63382692588e-06,1,0,36,0,True,7.7264555148e-06,1,0
76.60000000000001,-4981.3212944507095,31710.689223570702,-74.7800573634262,139.74104298783044,158.49169086928183,139.74104298783044,23.60751802574698,0.0,170.9025280277823,-9.722814161204104,118.1527098636386,125.14825425965982,123.79695056192547,-1.3513036977343407,0.02438513175858229,0.02438513175858229,172.43963221298705,4.078449901359348,2335.4822178547074,33164.575106190096,0.5643422636528693,206.88353474577664,0.4255492040216021,4.026059931997405,0.4208496680709109,3.9815982969825763,-0.20424358311422763,-1.9323192208392226,5.09861194108365,4.227774719122678,0.0,2092026.5433654126,2.7705732993900654,0.0,0.0,0.0,shutdown,False,False,2092026.5433654126,5600902.630078219,2513071.9934324254,2801287.5975467507,2500177.289855614,2803954.4670202713,False,False,0,0,True,3.63382692588e-06,1,0,36,0,True,7.7264555148e-06,1,0
76.7,-4988.799189055687,31724.61471498934,-74.77783473612243,138.7687853849405,157.63407107930223,138.7687853849405,23.607039213786965,0.0,170.10690526651535,-9.722337896585918,118.31873526719188,125.3360377075689,123.9369116522323,-1.3991260553366074,0.024470505252121688,0.024470505252121688,172.43963221298705,4.078449901359348,2335.4822178547074,33164.575106190096,0.5616980464598597,204.52686169881753,0.4260667281414663,3.9850383101516775,0.4210115266918774,3.9377565814656084,-0.21217740934017654,-1.9845133377525694,5.094561392145513,4.210988358003171,0.0,2092026.5433654126,2.7705732993900654,0.0,0.0,0.0,shutdown,False,False,2092026.5433654126,5600902.630078219,2513071.9934324254,2801287.5975467507,2500177.289855614,2803954.4670202713,False,False,0,0,True,3.63382692588e-06,1,0,36,0,True,7.7264555148e-06,1,0
76.80000000000001,-4996.276860683316,31738.44298303171,-74.77559781644442,137.79657546242672,156.7778244458664,137.79657546242672,23.606563744740598,0.0,169.31315933093734,-9.721860553677232,118.48656277085928,125.5255715591849,124.07736746336457,-1.4482040958203257,0.024557821904218076,0.024557821904218076,172.43963221298705,4.078449901359348,2335.4822178547074,33164.575106190096,0.5590603045637444,202.19566881258964,0.4266151130677452,3.9446875564921746,0.42118017321378864,3.8944335008915205,-0.2203703709553948,-2.0376499413635853,5.090421055474253,4.193829896870721,0.0,2092026.5433654126,2.7705732993900654,0.0,0.0,0.0,shutdown,False,False,2092026.5433654126,5600902.630078219,2513071.9934324254,2801287.5975467507,2500177.289855614,2803954.4670202713,False,False,0,0,True,3.63382692588e-06,1,0,36,0,True,7.7264555148e-06,1,0
76.9,-5003.75430788291,31752.174032471372,-74.77334617544409,136.82441333084964,155.92297259096873,136.82441333084964,23.60609161844375,0.0,168.52131575552283,-9.721382077855214,118.65621888809324,125.71687612040023,124.21832916949371,-1.498546950906524,0.02464709591942979,0.02464709591942979,172.43963221298705,4.078449901359348,2335.4822178547074,33164.575106190096,0.5564291200001324,199.88973762969408,0.4271955780583241,3.905006595656061,0.4213554744312438,3.851622046858251,-0.22882779026927635,-2.0917211604398402,5.086191554959007,4.17630192125843,0.0,2092026.5433654126,2.7705732993900654,0.0,0.0,0.0,shutdown,False,False,2092026.5433654126,5600902.630078219,2513071.9934324254,2801287.5975467507,2500177.289855614,2803954.4670202713,False,False,0,0,True,3.63382692588e-06,1,0,36,0,True,7.7264555148e-06,1,0
77.0,-5011.231529161269,31765.80786809323,-74.77107939173726,135.85229910635294,155.06953758197469,135.85229910635294,23.605622834731896,0.0,167.73140049924274,-9.720902412069323,118.8277305890761,125.90997192328008,124.35980802219346,-1.5501639010866246,0.024738340111664862,0.024738340111664862,172.43963221298705,4.078449901359348,2335.4822178547074,33164.575106190096,0.5538045762051034,197.60885227810238,0.42780936107295153,3.865994254538174,0.4215372539480418,3.8093149662497297,-0.23755512136587534,-2.1467195856426953,5.081873564756142,4.158407225017796,0.0,2092026.5433654126,2.7705732993900654,0.0,0.0,0.0,shutdown,False,False,2092026.5433654126,5600902.630078219,2513071.9934324254,2801287.5975467507,2500177.289855614,2803954.4670202713,False,False,0,0,True,3.63382692588e-06,1,0,36,0,True,7.7264555148e-06,1,0
77.10000000000001,-5018.708522983428,31779.344494694094,-74.76879705143864,134.8802329109069,154.21754194195844,134.8802329109069,23.605157393440102,0.0,166.94343995264853,-9.720421496839377,119.00112530824188,126.10487972629846,124.50181534251324,-1.6030643837852243,0.024831565918619847,0.024831565918619847,172.43963221298705,4.078449901359348,2335.4822178547074,33164.575106190096,0.5511867580385619,195.35279944490043,0.42845771771284397,3.8276492537978877,0.42172528876016085,3.7675047504043095,-0.24655795105106093,-2.202638249571759,5.077467811051385,4.1401488176213705,0.0,2092026.5433654126,2.7705732993900654,0.0,0.0,0.0,shutdown,False,False,2092026.5433654126,5600902.630078219,2513071.9934324254,2801287.5975467507,2500177.289855614,2803954.4670202713,False,False,0,0,True,3.63382692588e-06,1,0,36,0,True,7.7264555148e-06,1,0
77.2,-5026.185287773405,31792.783917083267,-74.76649874811406,133.9082148725516,153.36700866028912,133.9082148725516,23.604695294403005,0.0,166.15746094504453,-9.719939270256937,119.17643095185747,126.30162051443742,124.64436251313457,-1.657258001302853,0.02492678341627166,0.02492678341627166,172.43963221298705,4.078449901359348,2335.4822178547074,33164.575106190096,0.548575751807881,193.12136835037393,0.4291419200891014,3.7899701995239212,0.4219193056874682,3.7261836243528017,-0.25584199966334814,-2.259470606622109,5.072975073949733,4.1215299319949645,0.0,2092026.5433654126,2.7705732993900654,0.0,0.0,0.0,shutdown,False,False,2092026.5433654126,5600902.630078219,2513071.9934324254,2801287.5975467507,2500177.289855614,2803954.4670202713,False,False,0,0,True,3.63382692588e-06,1,0,36,0,True,7.7264555148e-06,1,0
77.30000000000001,-5033.661821914924,31806.126140083168,-74.76418408224552,132.9362451254239,152.51796120303564,132.9362451254239,23.604236537454796,0.0,165.3734907512721,-9.719455672284884,119.35367590553281,126.50021549904578,124.78746097067204,-1.7127545283737375,0.025024001354808312,0.025024001354808312,172.43963221298705,4.078449901359348,2335.4822178547074,33164.575106190096,0.545971645517315,190.91443365587202,0.4298632556153484,3.7529572053291225,0.42211897764973233,3.6853451370458603,-0.2654131217175479,-2.3172115190745357,5.068396189508821,4.102554032944355,0.0,2092026.5433654126,2.7705732993900654,0.0,0.0,0.0,shutdown,False,False,2092026.5433654126,5600902.630078219,2513071.9934324254,2801287.5975467507,2500177.289855614,2803954.4670202713,False,False,0,0,True,3.63382692588e-06,1,0,36,0,True,7.7264555148e-06,1,0
77.4,-5041.138123752092,31819.37116852994,-74.76185266112488,131.96432380999605,151.6704235240122,131.96432380999605,23.603781122429183,0.0,164.59155709898903,-9.718970636262398,119.53288904187403,126.70068611761546,124.93112219813308,-1.7695639194823733,0.025123227178225606,0.025123227178225606,172.43963221298705,4.078449901359348,2335.4822178547074,33164.575106190096,0.5433745284712397,188.73180001080536,0.4306230257153191,3.716608837882378,0.42232391977605516,3.6449811527878486,-0.2752773063769773,-2.3758554667383014,5.063732051916418,4.083224826179319,0.0,2092026.5433654126,2.7705732993900654,0.0,0.0,0.0,shutdown,False,False,2092026.5433654126,5600902.630078219,2513071.9934324254,2801287.5975467507,2500177.289855614,2803954.4670202713,False,False,0,0,True,3.63382692588e-06,1,0,36,0,True,7.7264555148e-06,1,0
77.5,-5048.614191590145,31832.519007274128,-74.75950409995266,130.99245107379448,150.82442007709255,130.99245107379448,23.60332904915939,0.0,163.81168817712765,-9.71848408775928,119.71409972847957,126.90305403362733,125.07535771734545,-1.8276963162818765,0.02522446699336269,0.02522446699336269,172.43963221298705,4.078449901359348,2335.4822178547074,33164.575106190096,0.5407844911937538,186.57316537550616,0.43142254445273487,3.6809213741183053,0.42253368534996266,3.6050811291342955,-0.2854406778274938,-2.435395891030327,5.058983615779387,4.063546267799581,0.0,2092026.5433654126,2.7705732993900654,0.0,0.0,0.0,shutdown,False,False,2092026.5433654126,5600902.630078219,2513071.9934324254,2801287.5975467507,2500177.289855614,2803954.4670202713,False,False,0,0,True,3.63382692588e-06,1,0,36,0,True,7.7264555148e-06,1,0
77.60000000000001,-5056.090023696242,31845.569661181402,-74.75713802195304,130.02062707164387,149.97997582789787,130.02062707164387,23.60288031747812,0.0,163.03391264346422,-9.717995955240065,119.89733783573253,127.10734113604325,125.22017908132585,-1.8871620547173813,0.025327725580375063,0.025327725580375063,172.43963221298705,4.078449901359348,2335.4822178547074,33164.575106190096,0.5382016260243715,184.43832896198077,0.43226313707625935,3.6458928836803817,0.42274776158507493,3.5656361215065218,-0.29590949548527445,-2.4958277291474986,5.054151898557751,4.043522574382109,0.0,2092026.5433654126,2.7705732993900654,0.0,0.0,0.0,shutdown,False,False,2092026.5433654126,5600902.630078219,2513071.9934324254,2801287.5975467507,2500177.289855614,2803954.4670202713,False,False,0,0,True,3.63382692588e-06,1,0,36,0,True,7.7264555148e-06,1,0
77.7,-5063.56561830023,31858.523135133266,-74.75475405782313,129.04885196564152,149.13711626518625,129.04885196564152,23.602434927217523,0.0,162.25825963164112,-9.717506164796964,120.08263374444594,127.31356953848353,125.3655978667941,-1.9479716716894335,0.0254330064330752,0.0254330064330752,172.43963221298705,4.078449901359348,2335.4822178547074,33164.575106190096,0.5356260268724381,182.32709238911292,0.43314613846020295,3.6115212818018874,0.42296556521433865,3.526636865957649,-0.30669015396241434,-2.5571462368147686,5.049237983177495,4.023158233809145,0.0,2092026.5433654126,2.7705732993900654,0.0,0.0,0.0,shutdown,False,False,2092026.5433654126,5600902.630078219,2513071.9934324254,2801287.5975467507,2500177.289855614,2803954.4670202713,False,False,0,0,True,3.63382692588e-06,1,0,36,0,True,7.7264555148e-06,1,0
77.80000000000001,-5071.040973595412,31871.37943402782,-74.75235184579019,128.07712592539247,148.29586741303902,128.07712592539247,23.601992878209185,0.0,161.48475875882573,-9.717014640170985,120.27001835367258,127.52176157832385,125.51162566684954,-2.010135911474304,0.025540311775142138,0.025540311775142138,172.43963221298705,4.078449901359348,2335.4822178547074,33164.575106190096,0.5330577892423848,180.23925965873508,0.43407289144636185,3.5778043216080917,0.4231864378949764,3.4880737686741137,-0.31778918284216023,-2.6193469671521328,5.044243020797865,4.0024580167364965,0.0,2092026.5433654126,2.7705732993900654,0.0,0.0,0.0,shutdown,False,False,2092026.5433654126,5600902.630078219,2513071.9934324254,2801287.5975467507,2500177.289855614,2803954.4670202713,False,False,0,0,True,3.63382692588e-06,1,0,36,0,True,7.7264555148e-06,1,0
77.9,-5078.5160877392855,31884.1385627805,-74.74993103168636,127.10544912824459,147.45625584333354,127.10544912824459,23.601554170284093,0.0,160.7134401334443,-9.716521302776442,120.4595230885253,127.73193981559102,125.65827408374155,-2.0736657318494607,0.025649642576915155,0.025649642576915155,172.43963221298705,4.078449901359348,2335.4822178547074,33164.575106190096,0.5304970102592299,178.17463713201766,0.4350447450780997,3.544739586463979,0.4234096414207051,3.4499368954911813,-0.3292132462361418,-2.682425749360721,5.0391682337451185,3.981426988751639,0.0,2092026.5433654126,2.7705732993900654,0.0,0.0,0.0,shutdown,False,False,2092026.5433654126,5600902.630078219,2513071.9934324254,2801287.5975467507,2500177.289855614,2803954.4670202713,False,False,0,0,True,3.63382692588e-06,1,0,36,0,True,7.7264555148e-06,1,0
78.0,-5085.990958854321,31896.800526324885,-74.74749126904139,126.13382175951881,146.6183086885041,126.13382175951881,23.601118803272612,0.0,159.9443343629843,-9.71602607172889,120.65117990799934,127.94412703164747,125.80555472173879,-2.1385723099086897,0.025760998572875872,0.025760998572875872,172.43963221298705,4.078449901359348,2335.4822178547074,33164.575106190096,0.5279437886943094,176.13303350616235,0.436063052719868,3.5123244823473927,0.42363435273461675,3.412215961412939,-0.3409691421074347,-2.74637866721141,5.034014918619094,3.960070523248014,0.0,2092026.5433654126,2.7705732993900654,0.0,0.0,0.0,shutdown,False,False,2092026.5433654126,5600902.630078219,2513071.9934324254,2801287.5975467507,2500177.289855614,2803954.4670202713,False,False,0,0,True,3.63382692588e-06,1,0,36,0,True,7.7264555148e-06,1,0
78.10000000000001,-5093.465585028693,31909.365329613487,-74.74503221837418,125.16224401252977,145.78205365400035,125.16224401252977,23.600686777004455,0.0,159.17747256119512,-9.715528868038868,120.84502131255081,128.1583462274676,125.95347918020916,-2.2048670472584613,0.025874378317872274,0.025874378317872274,172.43963221298705,4.078449901359348,2335.4822178547074,33164.575106190096,0.5253982253228744,174.1143753151318,0.43712917005260926,3.4805585395360317,0.4238596587371504,3.374902559362181,-0.3530638012964019,-2.8112039021677484,5.028784449598406,3.9383943151224967,0.0,2092026.5433654126,2.7705732993900654,0.0,0.0,0.0,shutdown,False,False,2092026.5433654126,5600902.630078219,2513071.9934324254,2801287.5975467507,2500177.289855614,2803954.4670202713,False,False,0,0,True,3.63382692588e-06,1,0,36,0,True,7.7264555148e-06,1,0
78.2,-5100.939964317004,31921.832977618564,-74.74255354785393,124.19071608898587,144.94751903205832,124.19071608898587,23.60025809130866,0.0,158.41288635647956,-9.715029602828974,121.04108035203214,128.3746206219771,126.10205904684776,-2.272561575129358,0.02598977918248552,0.02598977918248552,172.43963221298705,4.078449901359348,2335.4822178547074,33164.575106190096,0.5228604220569945,172.1183955133077,0.43824445293411934,3.4494371937053376,0.42408455087408675,3.3379841165515147,-0.36550428629228526,-2.876896834983704,5.023478281924515,3.9164043952141183,0.0,2092026.5433654126,2.7705732993900654,0.0,0.0,0.0,shutdown,False,False,2092026.5433654126,5600902.630078219,2513071.9934324254,2801287.5975467507,2500177.289855614,2803954.4670202713,False,False,0,0,True,3.63382692588e-06,1,0,36,0,True,7.7264555148e-06,1,0
78.30000000000001,-5108.414094741124,31934.20347533299,-74.7400549345433,123.21923819949363,144.1147337161683,123.21923819949363,23.59983274601355,0.0,157.65060790078826,-9.71452818700255,121.2393906337658,128.5929736502816,126.25130589080432,-2.341667759477282,0.02610719732255584,0.02610719732255584,172.43963221298705,4.078449901359348,2335.4822178547074,33164.575106190096,0.5203304826483357,170.14486984526937,0.4394102551396955,3.418956478946712,0.4243079195165211,3.30144846081986,-0.37829778981818646,-2.9434535592687134,5.018097955533251,3.894107145353928,0.0,2092026.5433654126,2.7705732993900654,0.0,0.0,0.0,shutdown,False,False,2092026.5433654126,5600902.630078219,2513071.9934324254,2801287.5975467507,2500177.289855614,2803954.4670202713,False,False,0,0,True,3.63382692588e-06,1,0,36,0,True,7.7264555148e-06,1,0
78.4,-5115.887974291052,31946.476827771145,-74.73753606403056,122.24781056360109,143.28372721462952,122.24781056360109,23.599410740946713,0.0,156.8906698772079,-9.714024530837715,121.4399863301172,128.81342896127762,126.40123125585264,-2.4121977054250063,0.026226627724399782,0.026226627724399782,172.43963221298705,4.078449901359348,2335.4822178547074,33164.575106190096,0.5178085127152777,168.19361622476077,0.4406279259472818,3.3891130174144135,0.424528548108516,3.2652838005341325,-0.3914516330384591,-3.010870957319894,5.012645098916304,3.8715093143678225,0.0,2092026.5433654126,2.7705732993900654,0.0,0.0,0.0,shutdown,False,False,2092026.5433654126,5600902.630078219,2513071.9934324254,2801287.5975467507,2500177.289855614,2803954.4670202713,False,False,0,0,True,3.63382692588e-06,1,0,36,0,True,7.7264555148e-06,1,0
78.5,-5123.36160092577,31958.65303996982,-74.73499663033526,121.27643340993325,142.45452966462736,121.27643340993325,23.598992075934962,0.0,156.13310550782896,-9.713518542508698,121.64290218607351,129.03601041504328,126.5518466537915,-2.48416376125179,0.026348064240294913,0.026348064240294913,172.43963221298705,4.078449901359348,2335.4822178547074,33164.575106190096,0.5152946196542502,166.26445478798095,0.44189880756561595,3.3599032153395045,0.4247451070801378,3.229477940526852,-0.40497326341992795,-3.0791460546973917,5.007121433195191,3.8486180349599812,0.0,2092026.5433654126,2.7705732993900654,0.0,0.0,0.0,shutdown,False,False,2092026.5433654126,5600902.630078219,2513071.9934324254,2801287.5975467507,2500177.289855614,2803954.4670202713,False,False,0,0,True,3.63382692588e-06,1,0,36,0,True,7.7264555148e-06,1,0
78.60000000000001,-5130.834972574094,31970.732116989137,-74.7324363361099,120.30510697640031,141.6271718468382,120.30510697640031,23.598576750804312,0.0,155.3779485618922,-9.713010128136736,121.8481735268265,129.26074208000566,126.70316355801646,-2.5575785219892087,0.02647149961270469,0.02647149961270469,172.43963221298705,4.078449901359348,2335.4822178547074,33164.575106190096,0.5127889126666042,164.3572078720805,0.44322423239889763,3.3313232551024767,0.4249561475207737,3.1940182714572924,-0.4188702522430752,-3.1482759970401553,5.001528776405975,3.8254408414696504,0.0,2092026.5433654126,2.7705732993900654,0.0,0.0,0.0,shutdown,False,False,2092026.5433654126,5600902.630078219,2513071.9934324254,2801287.5975467507,2500177.289855614,2803954.4670202713,False,False,0,0,True,3.63382692588e-06,1,0,36,0,True,7.7264555148e-06,1,0
78.7,-5138.308087135541,31982.714063913478,-74.7298548928604,119.33383151040067,140.80168520035784,119.33383151040067,23.598164765379945,0.0,154.62523336397587,-9.712499191845398,122.0558362652651,129.48764822981053,126.85519339723507,-2.632454832575476,0.02659692550014182,0.02659692550014182,172.43963221298705,4.078449901359348,2335.4822178547074,33164.575106190096,0.5102915027856205,162.47169999393967,0.4446055201366313,3.3033690871747514,0.42516009460501347,3.158891759119164,-0.433150291730103,-3.2182580264910627,4.995869048005408,3.8019856885456296,0.0,2092026.5433654126,2.7705732993900654,0.0,0.0,0.0,shutdown,False,False,2092026.5433654126,5600902.630078219,2513071.9934324254,2801287.5975467507,2500177.289855614,2803954.4670202713,False,False,0,0,True,3.63382692588e-06,1,0,36,0,True,7.7264555148e-06,1,0
78.80000000000001,-5145.780942481244,31994.59888585245,-74.72725202118541,118.3626072690167,139.97810183795622,118.3626072690167,23.597756119486167,0.0,153.874994802218,-9.711985635820424,122.26592690936076,129.71675333987997,127.00794754933577,-2.7088057905441856,0.02672433250484097,0.02672433250484097,172.43963221298705,4.078449901359348,2335.4822178547074,33164.575106190096,0.507802502903633,160.6077578292266,0.4460439746580667,3.2760364219047373,0.42535524076436115,3.1240849336891827,-0.4478211917625371,-3.2890894576919383,4.990144273606078,3.7782609707697064,0.0,2092026.5433654126,2.7705732993900654,0.0,0.0,0.0,shutdown,False,False,2092026.5433654126,5600902.630078219,2513071.9934324254,2801287.5975467507,2500177.289855614,2803954.4670202713,False,False,0,0,True,3.63382692588e-06,1,0,36,0,True,7.7264555148e-06,1,0
78.9,-5153.253536454825,32006.38658794186,-74.72462745043897,117.39143451914974,139.15645456129846,117.39143451914974,23.597350812946395,0.0,153.127268336144,-9.711469361508145,122.47848256923228,129.9480820834854,127.16143733550504,-2.786644747980349,0.0268537102318812,0.0268537102318812,172.43963221298705,4.078449901359348,2335.4822178547074,33164.575106190096,0.5053220280167202,158.76528196251485,0.4475408807370589,3.2493221899766063,0.4255397385990467,3.0895852755831394,-0.4628908761172458,-3.360769172256162,4.984356589963388,3.754275543323831,0.0,2092026.5433654126,2.7705732993900654,0.0,0.0,0.0,shutdown,False,False,2092026.5433654126,5600902.630078219,2513071.9934324254,2801287.5975467507,2500177.289855614,2803954.4670202713,False,False,0,0,True,3.63382692588e-06,1,0,36,0,True,7.7264555148e-06,1,0
79.0,-5160.725866873301,32018.077175344704,-74.72198091909529,116.42031353774331,138.33677687693935,116.42031353774331,23.596948845583103,0.0,152.38209000502067,-9.71095026660955,122.6935409642778,130.18165932765143,127.31567401459476,-2.865985313056681,0.026985047317269407,0.026985047317269407,172.43963221298705,4.078449901359348,2335.4822178547074,33164.575106190096,0.5028501947743724,156.94408882736852,0.44909750053489395,3.2232213135883563,0.4257115935187515,3.0553781306665018,-0.4783673782333035,-3.433294390217087,4.978508250207127,3.730038743670861,0.0,2092026.5433654126,2.7705732993900654,0.0,0.0,0.0,shutdown,False,False,2092026.5433654126,5600902.630078219,2513071.9934324254,2801287.5975467507,2500177.289855614,2803954.4670202713,False,False,0,0,True,3.63382692588e-06,1,0,36,0,True,7.7264555148e-06,1,0
79.10000000000001,-5168.197931528063,32029.670653252197,-74.71931217614122,115.44924461207371,137.51910301326893,115.44924461207371,23.5965502172178,0.0,151.63949643693869,-9.71042824676865,122.91114043047568,130.41751012897404,127.47066877751288,-2.946841351461162,0.02711833140810929,0.02711833140810929,172.43963221298705,4.078449901359348,2335.4822178547074,33164.575106190096,0.5003871216227087,155.14395014083493,0.45071506988601817,3.1977274809763654,0.42586865611532,3.0214474641170135,-0.4942588365757976,-3.506661236850878,4.972601629285,3.705560414113768,0.0,2092026.5433654126,2.7705732993900654,0.0,0.0,0.0,shutdown,False,False,2092026.5433654126,5600902.630078219,2513071.9934324254,2801287.5975467507,2500177.289855614,2803954.4670202713,False,False,0,0,True,3.63382692588e-06,1,0,36,0,True,7.7264555148e-06,1,0
79.2,-5175.66972818239,32041.16702688767,-74.7166209103973,114.47822809737161,136.70346794643456,114.47822809737161,23.596154927670884,0.0,150.89952485445434,-9.70990204726228,123.13131988906429,130.65565969411577,127.62643275327933,-3.029226940836453,0.027253553254318236,0.027253553254318236,172.43963221298705,4.078449901359348,2335.4822178547074,33164.575106190096,0.49793292915488335,153.36470109318424,0.4523960635466263,3.172844259086203,0.42600751078741794,2.987770216948747,-0.5106183660092273,-3.581181804446398,4.966614009682346,3.6807464083008634,0.0,2092026.5433654126,2.7705732993900654,0.0,0.0,0.0,shutdown,False,False,2092026.5433654126,5600902.630078219,2513071.9934324254,2801287.5975467507,2500177.289855614,2803954.4670202713,False,False,0,0,True,3.63382692588e-06,1,0,36,0,True,7.7264555148e-06,1,0
79.30000000000001,-5183.141254568623,32052.566301510837,-74.71390681424086,113.50726436593068,135.8899074077407,113.50726436593068,23.595762976761506,0.0,150.16221308389538,-9.709372581542496,123.35411888603082,130.8961334047811,127.78297701576255,-3.1131563890185494,0.027390702854449445,0.027390702854449445,172.43963221298705,4.078449901359348,2335.4822178547074,33164.575106190096,0.495487739955779,151.60617892901996,0.4541406366938436,3.148558679482137,0.426126586231785,2.954337166137963,-0.5274152107118976,-3.6565715666121466,4.960569079257629,3.655694893900876,0.0,2092026.5433654126,2.7705732993900654,0.0,0.0,0.0,shutdown,False,False,2092026.5433654126,5600902.630078219,2513071.9934324254,2801287.5975467507,2500177.289855614,2803954.4670202713,False,False,0,0,True,3.63382692588e-06,1,0,36,0,True,7.7264555148e-06,1,0
79.4,-5190.612577110773,32063.868482542217,-74.71254402876407,112.53635626172036,135.0792201484553,112.53635626172036,23.595374364303286,0.0,149.42850564548533,-9.708789502665208,123.58006272247592,131.13935309045652,127.9401120107523,-3.1992410797042226,0.027459757799068736,0.027459757799068736,172.43963221298705,4.078449901359348,2335.4822178547074,33164.575106190096,0.49305466833910616,149.87004043801397,nan,0.0,nan,0.0,nan,0.0,nan,nan,0.0,2092026.5433654126,2.7705732993900654,0.0,0.0,0.0,shutdown,False,False,2092026.5433654126,5600902.630078219,2513071.9934324254,2801287.5975467507,2500177.289855614,2803954.4670202713,False,False,0,0,True,3.63382692588e-06,1,0,36,0,True,7.7264555148e-06,1,0
79.5,-5198.083831513649,32075.07357430573,-74.71254402876407,111.56547900855503,134.27144276300282,111.56547900855503,23.594989090147557,0.0,148.6984437522271,-9.708755560642402,123.80920722415667,131.38535562780257,128.0974448335861,-3.2879107942164665,0.027459757799068736,0.027459757799068736,172.43963221298705,4.078449901359348,2335.4822178547074,33164.575106190096,0.4906338478467481,148.15609530631153,nan,0.0,nan,0.0,nan,0.0,nan,nan,0.0,2092026.5433654126,2.7705732993900654,0.0,0.0,0.0,shutdown,False,False,2092026.5433654126,5600902.630078219,2513071.9934324254,2801287.5975467507,2500177.289855614,2803954.4670202713,False,False,0,0,True,3.63382692588e-06,1,0,36,0,True,7.7264555148e-06,1,0
79.60000000000001,-5205.555085916526,32086.181578512904,-74.71254402876407,110.59460513487838,133.46584177305323,110.59460513487838,23.594607154235465,0.0,147.97115481963635,-9.708721912889077,124.04112090665095,131.6337811355462,128.25477765641992,-3.379003479126284,0.027459757799068736,0.027459757799068736,172.43963221298705,4.078449901359348,2335.4822178547074,33164.575106190096,0.4882223970033779,146.46234556064624,nan,0.0,nan,0.0,nan,0.0,nan,nan,0.0,2092026.5433654126,2.7705732993900654,0.0,0.0,0.0,shutdown,False,False,2092026.5433654126,5600902.630078219,2513071.9934324254,2801287.5975467507,2500177.289855614,2803954.4670202713,False,False,0,0,True,3.63382692588e-06,1,0,36,0,True,7.7264555148e-06,1,0
79.7,-5213.026340319402,32097.19249550021,-74.71254402876407,109.623734611264,132.6624567289889,109.623734611264,23.594228556555443,0.0,147.24667984801073,-9.708688559399636,124.27584654145966,131.88465609010603,128.41211047925373,-3.472545610852319,0.027459757799068736,0.027459757799068736,172.43963221298705,4.078449901359348,2335.4822178547074,33164.575106190096,0.48582044887476533,144.78863864193647,nan,0.0,nan,0.0,nan,0.0,nan,nan,0.0,2092026.5433654126,2.7705732993900654,0.0,0.0,0.0,shutdown,False,False,2092026.5433654126,5600902.630078219,2513071.9934324254,2801287.5975467507,2500177.289855614,2803954.4670202713,False,False,0,0,True,3.63382692588e-06,1,0,36,0,True,7.7264555148e-06,1,0
79.80000000000001,-5220.497594722279,32108.106325601188,-74.71254402876407,108.6528674082855,131.86132803552556,108.6528674082855,23.59385329709602,0.0,146.52506048875168,-9.708655500168524,124.51342756614335,132.13800711650114,128.56944330208754,-3.5685638144136202,0.027459757799068736,0.027459757799068736,172.43963221298705,4.078449901359348,2335.4822178547074,33164.575106190096,0.48342232028346466,143.13147192634992,nan,0.0,nan,0.0,nan,0.0,nan,nan,0.0,2092026.5433654126,2.7705732993900654,0.0,0.0,0.0,shutdown,False,False,2092026.5433654126,5600902.630078219,2513071.9934324254,2801287.5975467507,2500177.289855614,2803954.4670202713,False,False,0,0,True,3.63382692588e-06,1,0,36,0,True,7.7264555148e-06,1,0
79.9,-5227.968849125155,32118.923069146425,-74.71254402876407,107.68200349651762,131.0624969710025,107.68200349651762,23.593481375845837,0.0,145.80633905244258,-9.708622735190222,124.75390808885446,132.3938609802041,128.72677612492134,-3.667084855282753,0.027459757799068736,0.027459757799068736,172.43963221298705,4.078449901359348,2335.4822178547074,33164.575106190096,0.48103208947776055,141.49301737250732,nan,0.0,nan,0.0,nan,0.0,nan,nan,0.0,2092026.5433654126,2.7705732993900654,0.0,0.0,0.0,shutdown,False,False,2092026.5433654126,5600902.630078219,2513071.9934324254,2801287.5975467507,2500177.289855614,2803954.4670202713,False,False,0,0,True,3.63382692588e-06,1,0,36,0,True,7.7264555148e-06,1,0
80.0,-5235.440103528032,32129.64272646358,-74.71254402876407,106.71114284653521,130.26600570702877,106.71114284653521,23.59311279279362,0.0,145.09055851685014,-9.708590264459277,124.99733289241287,132.6522445784587,128.88410894775512,-3.76813563070356,0.027459757799068736,0.027459757799068736,172.43963221298705,4.078449901359348,2335.4822178547074,33164.575106190096,0.47865191972222565,139.8742992791333,nan,0.0,nan,0.0,nan,0.0,nan,nan,0.0,2092026.5433654126,2.7705732993900654,0.0,0.0,0.0,shutdown,False,False,2092026.5433654126,5600902.630078219,2513071.9934324254,2801287.5975467507,2500177.289855614,2803954.4670202713,False,False,0,0,True,3.63382692588e-06,1,0,36,0,True,7.7264555148e-06,1,0
80.10000000000001,-5242.911357930909,32140.26529787735,-74.71254402876407,105.74028542891365,129.47189732848645,105.74028542891365,23.592747547928205,0.0,144.3777625348399,-9.708558087970275,125.24374743788155,132.91318493104217,129.04144177058896,-3.8717431604532178,0.027459757799068736,0.027459757799068736,172.43963221298705,4.078449901359348,2335.4822178547074,33164.575106190096,0.47628195127930234,138.27516952876877,nan,0.0,nan,0.0,nan,0.0,nan,nan,0.0,2092026.5433654126,2.7705732993900654,0.0,0.0,0.0,shutdown,False,False,2092026.5433654126,5600902.630078219,2513071.9934324254,2801287.5975467507,2500177.289855614,2803954.4670202713,False,False,0,0,True,3.63382692588e-06,1,0,36,0,True,7.7264555148e-06,1,0
80.2,-5250.382612333785,32150.790783709508,-74.71254402876407,104.7694312142293,128.68021585388772,104.7694312142293,23.59238564123853,0.0,143.66799544219054,-9.708526205717853,125.49319786759955,133.1767091704501,129.19877459342274,-3.977934577027356,0.027459757799068736,0.027459757799068736,172.43963221298705,4.078449901359348,2335.4822178547074,33164.575106190096,0.473922326664707,136.69548191512848,nan,0.0,nan,0.0,nan,0.0,nan,nan,0.0,2092026.5433654126,2.7705732993900654,0.0,0.0,0.0,shutdown,False,False,2092026.5433654126,5600902.630078219,2513071.9934324254,2801287.5975467507,2500177.289855614,2803954.4670202713,False,False,0,0,True,3.63382692588e-06,1,0,36,0,True,7.7264555148e-06,1,0
80.30000000000001,-5257.853866736662,32161.219184278874,-74.71254402876407,103.79858017305848,127.89100625608064,103.79858017305848,23.59202707271363,0.0,142.96130226529252,-9.708494617696708,125.74573100762619,133.44284453148302,129.35610741625658,-4.086737115226456,0.027459757799068736,0.027459757799068736,172.43963221298705,4.078449901359348,2335.4822178547074,33164.575106190096,0.47157319067288583,135.13509212587218,nan,0.0,nan,0.0,nan,0.0,nan,nan,0.0,2092026.5433654126,2.7705732993900654,0.0,0.0,0.0,shutdown,False,False,2092026.5433654126,5600902.630078219,2513071.9934324254,2801287.5975467507,2500177.289855614,2803954.4670202713,False,False,0,0,True,3.63382692588e-06,1,0,36,0,True,7.7264555148e-06,1,0
80.4,-5265.325121139538,32171.550499901325,-74.71254402876407,102.82773227597862,127.10431448330283,102.82773227597862,23.591671842342652,0.0,142.2577287287179,-9.708463323901567,126.00139436954612,133.71161834021203,129.51344023909036,-4.198178101121679,0.027459757799068736,0.027459757799068736,172.43963221298705,4.078449901359348,2335.4822178547074,33164.575106190096,0.46923469040205296,133.59385772561672,nan,0.0,nan,0.0,nan,0.0,nan,nan,0.0,2092026.5433654126,2.7705732993900654,0.0,0.0,0.0,shutdown,False,False,2092026.5433654126,5600902.630078219,2513071.9934324254,2801287.5975467507,2500177.289855614,2803954.4670202713,False,False,0,0,True,3.63382692588e-06,1,0,36,0,True,7.7264555148e-06,1,0
80.5,-5272.796375542414,32181.7847308898,-74.71254402876407,101.85688749356723,126.32018748057344,101.85688749356723,23.59131995011483,0.0,141.55732126264306,-9.708432324327214,126.26023615158475,133.98305800230227,129.67077306192417,-4.312284940378125,0.027459757799068736,0.027459757799068736,172.43963221298705,4.078449901359348,2335.4822178547074,33164.575106190096,0.4669069752787481,132.07163813917973,nan,0.0,nan,0.0,nan,0.0,nan,nan,0.0,2092026.5433654126,2.7705732993900654,0.0,0.0,0.0,shutdown,False,False,2092026.5433654126,5600902.630078219,2513071.9934324254,2801287.5975467507,2500177.289855614,2803954.4670202713,False,False,0,0,True,3.63382692588e-06,1,0,36,0,True,7.7264555148e-06,1,0
80.60000000000001,-5280.267629945291,32191.9218775543,-74.71254402876407,100.88604579640236,125.5386732114204,100.88604579640236,23.5909713960195,0.0,140.8601270101105,-9.708401618968491,126.52230523897822,134.25719099067024,129.82810588475797,-4.429085105912267,0.027459757799068736,0.027459757799068736,172.43963221298705,4.078449901359348,2335.4822178547074,33164.575106190096,0.4645901970818715,130.5682946350607,nan,0.0,nan,0.0,nan,0.0,nan,nan,0.0,2092026.5433654126,2.7705732993900654,0.0,0.0,0.0,shutdown,False,False,2092026.5433654126,5600902.630078219,2513071.9934324254,2801287.5975467507,2500177.289855614,2803954.4670202713,False,False,0,0,True,3.63382692588e-06,1,0,36,0,True,7.7264555148e-06,1,0
80.7,-5287.738884348168,32201.961940201872,-74.71254402876407,99.91520715506297,124.75982067993348,99.91520715506297,23.590626180046115,0.0,140.16619383411057,-9.70837120782028,126.78765120354018,134.53404483245313,129.98543870759178,-4.548606124861357,0.027459757799068736,0.027459757799068736,172.43963221298705,4.078449901359348,2335.4822178547074,33164.575106190096,0.4622823234314621,129.08251267138695,nan,0.0,nan,0.0,nan,0.0,nan,nan,0.0,2092026.5433654126,2.7705732993900654,0.0,0.0,0.0,shutdown,False,False,2092026.5433654126,5600902.630078219,2513071.9934324254,2801287.5975467507,2500177.289855614,2803954.4670202713,False,False,0,0,True,3.63382692588e-06,1,0,36,0,True,7.7264555148e-06,1,0
80.80000000000001,-5295.210138751045,32211.904919136632,-74.71254402876407,98.944371540128,123.98367995313295,98.944371540128,23.590284302184212,0.0,139.475570324465,-9.708341090877513,127.05632430236477,134.81364709526684,130.1427715304256,-4.67087556484126,0.027459757799068736,0.027459757799068736,172.43963221298705,4.078449901359348,2335.4822178547074,33164.575106190096,0.45997687002523024,127.610625561434,nan,0.0,nan,0.0,nan,0.0,nan,nan,0.0,2092026.5433654126,2.7705732993900654,0.0,0.0,0.0,shutdown,False,False,2092026.5433654126,5600902.630078219,2513071.9934324254,2801287.5975467507,2500177.289855614,2803954.4670202713,False,False,0,0,True,3.63382692588e-06,1,0,36,0,True,7.7264555148e-06,1,0
80.9,-5302.681393153921,32221.750814659747,-74.71254402876407,97.97353892217743,123.21030218364625,97.97353892217743,23.58994576242344,0.0,138.7883058044947,-9.70831126813517,127.32837547560067,135.09602537272872,130.3001043532594,-4.79592101946933,0.027459757799068736,0.027459757799068736,172.43963221298705,4.078449901359348,2335.4822178547074,33164.575106190096,0.45768304206721977,126.15740014292106,nan,0.0,nan,0.0,nan,0.0,nan,nan,0.0,2092026.5433654126,2.7705732993900654,0.0,0.0,0.0,shutdown,False,False,2092026.5433654126,5600902.630078219,2513071.9934324254,2801287.5975467507,2500177.289855614,2803954.4670202713,False,False,0,0,True,3.63382692588e-06,1,0,36,0,True,7.7264555148e-06,1,0
81.0,-5310.152647556797,32231.499627069443,-74.71254402876407,97.0027092717913,122.43973963267675,97.0027092717913,23.58961056075354,0.0,138.1044503374496,-9.708281739588283,127.60385634322898,135.3812072692224,130.45743717609318,-4.923770093129207,0.027459757799068736,0.027459757799068736,172.43963221298705,4.078449901359348,2335.4822178547074,33164.575106190096,0.45540099844158966,124.7227004034907,nan,0.0,nan,0.0,nan,0.0,nan,nan,0.0,2092026.5433654126,2.7705732993900654,0.0,0.0,0.0,shutdown,False,False,2092026.5433654126,5600902.630078219,2513071.9934324254,2801287.5975467507,2500177.289855614,2803954.4670202713,False,False,0,0,True,3.63382692588e-06,1,0,36,0,True,7.7264555148e-06,1,0
81.10000000000001,-5317.623901959674,32241.151356661012,-74.71254402876407,96.03188255955021,121.67204569325385,96.03188255955021,23.58927869716436,0.0,137.42405473268172,-9.708252505231933,127.88281920077341,135.6692203838806,130.61476999892702,-5.05445038495358,0.027459757799068736,0.027459757799068736,172.43963221298705,4.078449901359348,2335.4822178547074,33164.575106190096,0.45313090049822713,123.30639216924614,nan,0.0,nan,0.0,nan,0.0,nan,nan,0.0,2092026.5433654126,2.7705732993900654,0.0,0.0,0.0,shutdown,False,False,2092026.5433654126,5600902.630078219,2513071.9934324254,2801287.5975467507,2500177.289855614,2803954.4670202713,False,False,0,0,True,3.63382692588e-06,1,0,36,0,True,7.7264555148e-06,1,0
81.2,-5325.09515636255,32250.70600372679,-74.71254402876407,95.0610587560356,120.90727491374727,95.0610587560356,23.58895017164585,0.0,136.74717055153894,-9.708223565061248,128.16531701386742,135.96009229376227,130.7721028217608,-5.18798947200146,0.027459757799068736,0.027459757799068736,172.43963221298705,4.078449901359348,2335.4822178547074,33164.575106190096,0.450872912072381,121.90834308857963,nan,0.0,nan,0.0,nan,0.0,nan,nan,0.0,2092026.5433654126,2.7705732993900654,0.0,0.0,0.0,shutdown,False,False,2092026.5433654126,5600902.630078219,2513071.9934324254,2801287.5975467507,2500177.289855614,2803954.4670202713,False,False,0,0,True,3.63382692588e-06,1,0,36,0,True,7.7264555148e-06,1,0
81.30000000000001,-5332.5664107654275,32260.163568556185,-74.71254402876407,94.09023783182889,120.1454830216273,94.09023783182889,23.588624984188055,0.0,136.0738501129556,-9.708194919071405,128.45140341160035,136.25385053620096,130.92943564459463,-5.3244148916063425,0.027459757799068736,0.027459757799068736,172.43963221298705,4.078449901359348,2335.4822178547074,33164.575106190096,0.44862719950331,120.52842261623358,nan,0.0,nan,0.0,nan,0.0,nan,nan,0.0,2092026.5433654126,2.7705732993900654,0.0,0.0,0.0,shutdown,False,False,2092026.5433654126,5600902.630078219,2513071.9934324254,2801287.5975467507,2500177.289855614,2803954.4670202713,False,False,0,0,True,3.63382692588e-06,1,0,36,0,True,7.7264555148e-06,1,0
81.4,-5340.037665168304,32269.524051435652,-74.71254402876407,93.11941975751249,119.38672694745348,93.11941975751249,23.588303134781132,0.0,135.40414649871872,-9.708166567257637,128.74113267855913,136.5505225903,131.0867684674284,-5.463754122871597,0.027459757799068736,0.027459757799068736,172.43963221298705,4.078449901359348,2335.4822178547074,33164.575106190096,0.446393931651878,119.1665019975937,nan,0.0,nan,0.0,nan,0.0,nan,nan,0.0,2092026.5433654126,2.7705732993900654,0.0,0.0,0.0,shutdown,False,False,2092026.5433654126,5600902.630078219,2513071.9934324254,2801287.5975467507,2500177.289855614,2803954.4670202713,False,False,0,0,True,3.63382692588e-06,1,0,36,0,True,7.7264555148e-06,1,0
81.5,-5347.50891957118,32278.78745264871,-74.71254402876407,92.1486045036689,118.63106484906724,92.1486045036689,23.58798462341533,0.0,134.73811355838234,-9.70813850961521,129.0345597454794,136.8501358575524,131.24410129026222,-5.6060345672901954,0.027459757799068736,0.027459757799068736,172.43963221298705,4.078449901359348,2335.4822178547074,33164.575106190096,0.4441732799170055,117.82245425320964,nan,0.0,nan,0.0,nan,0.0,nan,nan,0.0,2092026.5433654126,2.7705732993900654,0.0,0.0,0.0,shutdown,False,False,2092026.5433654126,5600902.630078219,2513071.9934324254,2801287.5975467507,2500177.289855614,2803954.4670202713,False,False,0,0,True,3.63382692588e-06,1,0,36,0,True,7.7264555148e-06,1,0
81.60000000000001,-5354.980173974057,32287.95377247594,-74.71254402876407,91.17779204088109,117.87855613596633,91.17779204088109,23.587669450081,0.0,134.07580591380636,-9.708110746139457,129.33174017841554,137.15271764156103,131.40143411309603,-5.751283528464995,0.027459757799068736,0.027459757799068736,172.43963221298705,4.078449901359348,2335.4822178547074,33164.575106190096,0.4419654182508991,116.49615416354146,nan,0.0,nan,0.0,nan,0.0,nan,nan,0.0,2092026.5433654126,2.7705732993900654,0.0,0.0,0.0,shutdown,False,False,2092026.5433654126,5600902.630078219,2513071.9934324254,2801287.5975467507,2500177.289855614,2803954.4670202713,False,False,0,0,True,3.63382692588e-06,1,0,36,0,True,7.7264555148e-06,1,0
81.7,-5362.451428376933,32297.02301119497,-74.71254402876407,90.20698233973289,117.12926149383377,90.20698233973289,23.587357614768596,0.0,133.41727896329274,-9.708083276825752,129.63273016633374,137.45829512683702,131.55876693592984,-5.899528190907177,0.027459757799068736,0.027459757799068736,172.43963221298705,4.078449901359348,2335.4822178547074,33164.575106190096,0.439770523172972,115.18747825393233,nan,0.0,nan,0.0,nan,0.0,nan,nan,0.0,2092026.5433654126,2.7705732993900654,0.0,0.0,0.0,shutdown,False,False,2092026.5433654126,5600902.630078219,2513071.9934324254,2801287.5975467507,2500177.289855614,2803954.4670202713,False,False,0,0,True,3.63382692588e-06,1,0,36,0,True,7.7264555148e-06,1,0
81.80000000000001,-5369.92268277981,32305.9951690805,-74.71254402876407,89.23617537080804,116.3832429091904,89.23617537080804,23.587049117468673,0.0,132.7625888852899,-9.708056101669515,129.93758650703134,137.7668953566546,131.71609975876365,-6.050795597890942,0.027459757799068736,0.027459757799068736,172.43963221298705,4.078449901359348,2335.4822178547074,33164.575106190096,0.43758877427924514,113.89644021464557,nan,0.0,nan,0.0,nan,0.0,nan,nan,0.0,2092026.5433654126,2.7705732993900654,0.0,0.0,0.0,shutdown,False,False,2092026.5433654126,5600902.630078219,2513071.9934324254,2801287.5975467507,2500177.289855614,2803954.4670202713,False,False,0,0,True,3.63382692588e-06,1,0,36,0,True,7.7264555148e-06,1,0
81.9,-5377.393937182686,32314.870246404273,-74.71254402876407,88.26537110469131,115.64056369414189,88.26537110469131,23.586743958171887,0.0,132.11179264163908,-9.708029220666221,130.24636659127603,138.0785452099391,131.87343258159746,-6.205112628341661,0.027459757799068736,0.027459757799068736,172.43963221298705,4.078449901359348,2335.4822178547074,33164.575106190096,0.43542035299516385,112.62284588411632,nan,0.0,nan,0.0,nan,0.0,nan,nan,0.0,2092026.5433654126,2.7705732993900654,0.0,0.0,0.0,shutdown,False,False,2092026.5433654126,5600902.630078219,2513071.9934324254,2801287.5975467507,2500177.289855614,2803954.4670202713,False,False,0,0,True,3.63382692588e-06,1,0,36,0,True,7.7264555148e-06,1,0
82.0,-5384.865191585563,32323.648243435106,-74.71254402876407,87.29456951196748,114.90128851118133,87.29456951196748,23.586442136869,0.0,131.46494798033066,-9.70800263381139,130.55912838506035,138.3932713771686,132.03076540443124,-6.362505972737351,0.027459757799068736,0.027459757799068736,172.43963221298705,4.078449901359348,2335.4822178547074,33164.575106190096,0.43326544336298417,111.3665090846811,nan,0.0,nan,0.0,nan,0.0,nan,nan,0.0,2092026.5433654126,2.7705732993900654,0.0,0.0,0.0,shutdown,False,False,2092026.5433654126,5600902.630078219,2513071.9934324254,2801287.5975467507,2500177.289855614,2803954.4670202713,False,False,0,0,True,3.63382692588e-06,1,0,36,0,True,7.7264555148e-06,1,0
82.10000000000001,-5392.33644598844,32332.329160438865,-74.71254402876407,86.3237705632218,114.16548339801207,86.3237705632218,23.586143653550863,0.0,130.82211343774054,-9.707976341100592,130.8759304098572,138.71110033526753,132.18809822726507,-6.523002108002466,0.027459757799068736,0.027459757799068736,172.43963221298705,4.078449901359348,2335.4822178547074,33164.575106190096,0.431124232280863,110.12731333731237,nan,0.0,nan,0.0,nan,0.0,nan,nan,0.0,2092026.5433654126,2.7705732993900654,0.0,0.0,0.0,shutdown,False,False,2092026.5433654126,5600902.630078219,2513071.9934324254,2801287.5975467507,2500177.289855614,2803954.4670202713,False,False,0,0,True,3.63382692588e-06,1,0,36,0,True,7.7264555148e-06,1,0
82.2,-5399.807700391316,32340.91299767848,-74.71254402876407,85.35297422904036,113.43321579234733,85.35297422904036,23.585848508208443,0.0,130.18334834031563,-9.707950342529445,131.19683172076094,139.03205832147356,132.34543105009885,-6.686627271374709,0.027459757799068736,0.027459757799068736,172.43963221298705,4.078449901359348,2335.4822178547074,33164.575106190096,0.4289969092608046,108.9051438332254,nan,0.0,nan,0.0,nan,0.0,nan,nan,0.0,2092026.5433654126,2.7705732993900654,0.0,0.0,0.0,shutdown,False,False,2092026.5433654126,5600902.630078219,2513071.9934324254,2801287.5975467507,2500177.289855614,2803954.4670202713,False,False,0,0,True,3.63382692588e-06,1,0,36,0,True,7.7264555148e-06,1,0
82.30000000000001,-5407.278954794193,32349.39975541393,-74.71254402876407,84.38218048000913,112.7045545566409,84.38218048000913,23.585556700832793,0.0,129.54871280567323,-9.707924638093623,131.52189188239353,139.3561713061592,132.5027638729327,-6.853407433226526,0.027459757799068736,0.027459757799068736,172.43963221298705,4.078449901359348,2335.4822178547074,33164.575106190096,0.42688366643269005,107.69988742018086,nan,0.0,nan,0.0,nan,0.0,nan,nan,0.0,2092026.5433654126,2.7705732993900654,0.0,0.0,0.0,shutdown,False,False,2092026.5433654126,5600902.630078219,2513071.9934324254,2801287.5975467507,2500177.289855614,2803954.4670202713,False,False,0,0,True,3.63382692588e-06,1,0,36,0,True,7.7264555148e-06,1,0
82.4,-5414.750209197069,32357.789433902268,-74.71254402876407,83.41138928671506,111.97957000270154,83.41138928671506,23.585268231415082,0.0,128.91826774308345,-9.70789922778884,131.85117094244967,139.68346496459026,132.66009669576647,-7.02336826882377,0.027459757799068736,0.027459757799068736,172.43963221298705,4.078449901359348,2335.4822178547074,33164.575106190096,0.4247846985462953,106.51143258899846,nan,0.0,nan,0.0,nan,0.0,nan,nan,0.0,2092026.5433654126,2.7705732993900654,0.0,0.0,0.0,shutdown,False,False,2092026.5433654126,5600902.630078219,2513071.9934324254,2801287.5975467507,2500177.289855614,2803954.4670202713,False,False,0,0,True,3.63382692588e-06,1,0,36,0,True,7.7264555148e-06,1,0
82.5,-5422.221463599945,32366.08203339759,-74.71254402876407,82.44060061974514,111.25833391613563,82.44060061974514,23.584983099946566,0.0,128.29207485329687,-9.707874111610861,132.18472940275265,140.01396464760595,132.81742951860028,-7.196535129005663,0.027459757799068736,0.027459757799068736,172.43963221298705,4.078449901359348,2335.4822178547074,33164.575106190096,0.4227002029711752,105.33966946027418,nan,0.0,nan,0.0,nan,0.0,nan,nan,0.0,2092026.5433654126,2.7705732993900654,0.0,0.0,0.0,shutdown,False,False,2092026.5433654126,5600902.630078219,2513071.9934324254,2801287.5975467507,2500177.289855614,2803954.4670202713,False,False,0,0,True,3.63382692588e-06,1,0,36,0,True,7.7264555148e-06,1,0
82.60000000000001,-5429.692718002822,32374.277554151064,-74.71254402876407,81.46981444968674,110.54091958056254,81.46981444968674,23.584701306418616,0.0,127.67019662768394,-9.707849289555506,132.52262818768642,140.34769535120572,132.9747623414341,-7.372933009771625,0.027459757799068736,0.027459757799068736,172.43963221298705,4.078449901359348,2335.4822178547074,33164.575106190096,0.4206303796943015,104.18448977130352,nan,0.0,nan,0.0,nan,0.0,nan,nan,0.0,2092026.5433654126,2.7705732993900654,0.0,0.0,0.0,shutdown,False,False,2092026.5433654126,5600902.630078219,2513071.9934324254,2801287.5975467507,2500177.289855614,2803954.4670202713,False,False,0,0,True,3.63382692588e-06,1,0,36,0,True,7.7264555148e-06,1,0
82.7,-5437.163972405699,32382.375996410905,-74.71254402876407,80.49903074712809,109.82740180154077,80.49903074712809,23.58442285082269,0.0,127.05269634664843,-9.707824761618635,132.86492860986644,140.68468168502977,133.1320951642679,-7.552586520761872,0.027459757799068736,0.027459757799068736,172.43963221298705,4.078449901359348,2335.4822178547074,33164.575106190096,0.41857543131533476,103.04578686320612,nan,0.0,nan,0.0,nan,0.0,nan,nan,0.0,2092026.5433654126,2.7705732993900654,0.0,0.0,0.0,shutdown,False,False,2092026.5433654126,5600902.630078219,2513071.9934324254,2801287.5975467507,2500177.289855614,2803954.4670202713,False,False,0,0,True,3.63382692588e-06,1,0,36,0,True,7.7264555148e-06,1,0
82.80000000000001,-5444.635226808576,32390.377360422393,-74.71254402876407,79.52824948265726,109.11785693013671,79.52824948265726,23.58414773315036,0.0,126.43963807727619,-9.707800527796167,133.21169233290843,141.0249478397227,133.2894279871017,-7.735519852620981,0.027459757799068736,0.027459757799068736,172.43963221298705,4.078449901359348,2335.4822178547074,33164.575106190096,0.4165355630394002,101.92345566825033,nan,0.0,nan,0.0,nan,0.0,nan,nan,0.0,2092026.5433654126,2.7705732993900654,0.0,0.0,0.0,shutdown,False,False,2092026.5433654126,5600902.630078219,2513071.9934324254,2801287.5975467507,2500177.289855614,2803954.4670202713,False,False,0,0,True,3.63382692588e-06,1,0,36,0,True,7.7264555148e-06,1,0
82.9,-5452.106481211452,32398.28164642787,-74.71254402876407,78.5574706268633,108.41236288606804,78.5574706268633,23.583875953393292,0.0,125.8310866701832,-9.707776588084055,133.56298133114834,141.3685175531708,133.4467608099355,-7.921756743235288,0.027459757799068736,0.027459757799068736,172.43963221298705,4.078449901359348,2335.4822178547074,33164.575106190096,0.41451098266725145,100.81739269737676,nan,0.0,nan,0.0,nan,0.0,nan,nan,0.0,2092026.5433654126,2.7705732993900654,0.0,0.0,0.0,shutdown,False,False,2092026.5433654126,5600902.630078219,2513071.9934324254,2801287.5975467507,2500177.289855614,2803954.4670202713,False,False,0,0,True,3.63382692588e-06,1,0,36,0,True,7.7264555148e-06,1,0
83.0,-5459.577735614328,32406.08885466673,-74.71254402876407,77.58669415033525,107.71099918034218,77.58669415033525,23.583607511543256,0.0,125.22710775552045,-9.707752942478324,133.9188578461666,141.7154140756066,133.6040936327693,-8.111320442837288,0.027459757799068736,0.027459757799068736,172.43963221298705,4.078449901359348,2335.4822178547074,33164.575106190096,0.412501901057804,99.72761617288776,nan,0.0,nan,0.0,nan,0.0,nan,nan,0.0,2092026.5433654126,2.7705732993900654,0.0,0.0,0.0,shutdown,False,False,2092026.5433654126,5600902.630078219,2513071.9934324254,2801287.5975467507,2500177.289855614,2803954.4670202713,False,False,0,0,True,3.63382692588e-06,1,0,36,0,True,7.7264555148e-06,1,0
83.10000000000001,-5467.048990017205,32413.79898537543,-74.71254402876407,76.6159200236625,107.01384693731114,76.6159200236625,23.58334240759212,0.0,124.62776773809793,-9.707729590975028,134.27938433996334,142.06566013357562,133.76142645560313,-8.304233677972494,0.027459757799068736,0.027459757799068736,172.43963221298705,4.078449901359348,2335.4822178547074,33164.575106190096,0.41050853080851457,98.65393464076897,nan,0.0,nan,0.0,nan,0.0,nan,nan,0.0,2092026.5433654126,2.7705732993900654,0.0,0.0,0.0,shutdown,False,False,2092026.5433654126,5600902.630078219,2513071.9934324254,2801287.5975467507,2500177.289855614,2803954.4670202713,False,False,0,0,True,3.63382692588e-06,1,0,36,0,True,7.7264555148e-06,1,0
83.2,-5474.520244420081,32421.412038787483,-74.71254402876407,75.64514821743529,106.3209889160544,75.64514821743529,23.583080641531854,0.0,124.03313379158588,-9.707706533570272,134.6446234446305,142.41927789276377,133.9187592784369,-8.500518614326852,0.027459757799068736,0.027459757799068736,172.43963221298705,4.078449901359348,2335.4822178547074,33164.575106190096,0.40853108728528986,97.59621513305319,nan,0.0,nan,0.0,nan,0.0,nan,nan,0.0,2092026.5433654126,2.7705732993900654,0.0,0.0,0.0,shutdown,False,False,2092026.5433654126,5600902.630078219,2513071.9934324254,2801287.5975467507,2500177.289855614,2803954.4670202713,False,False,0,0,True,3.63382692588e-06,1,0,36,0,True,7.7264555148e-06,1,0
83.30000000000001,-5481.991498822958,32428.928015133468,-74.71254402876407,74.67437870224369,105.63250953099673,74.67437870224369,23.58282221335453,0.0,123.44327385175077,-9.707683770260221,135.01463790836445,142.77628891968698,134.07609210127075,-8.70019681841624,0.027459757799068736,0.027459757799068736,172.43963221298705,4.078449901359348,2335.4822178547074,33164.575106190096,0.40656978851626163,96.55436048704838,nan,0.0,nan,0.0,nan,0.0,nan,nan,0.0,2092026.5433654126,2.7705732993900654,0.0,0.0,0.0,shutdown,False,False,2092026.5433654126,5600902.630078219,2513071.9934324254,2801287.5975467507,2500177.289855614,2803954.4670202713,False,False,0,0,True,3.63382692588e-06,1,0,36,0,True,7.7264555148e-06,1,0
83.4,-5489.462753225835,32436.346914641013,-74.71254402876407,73.70361144867867,104.94849487166458,73.70361144867867,23.58256712305232,0.0,122.858256608686,-9.707661301041083,135.38949053765893,143.1367141422454,134.23342492410453,-8.90328921814087,0.027459757799068736,0.027459757799068736,172.43963221298705,4.078449901359348,2335.4822178547074,33164.575106190096,0.4046248550321257,95.52827505686308,nan,0.0,nan,0.0,nan,0.0,nan,nan,0.0,2092026.5433654126,2.7705732993900654,0.0,0.0,0.0,shutdown,False,False,2092026.5433654126,5600902.630078219,2513071.9934324254,2801287.5975467507,2500177.289855614,2803954.4670202713,False,False,0,0,True,3.63382692588e-06,1,0,36,0,True,7.7264555148e-06,1,0
83.5,-5496.934007628711,32443.668737534812,-74.71254402876407,72.73284642733121,104.2690327214737,72.73284642733121,23.582315370617504,0.0,122.27815149799223,-9.707639125909115,135.76924413551993,143.5005738091516,134.39075774693833,-9.109816062213255,0.027459757799068736,0.027459757799068736,172.43963221298705,4.078449901359348,2335.4822178547074,33164.575106190096,0.40269650983780186,94.51786470211043,nan,0.0,nan,0.0,nan,0.0,nan,nan,0.0,2092026.5433654126,2.7705732993900654,0.0,0.0,0.0,shutdown,False,False,2092026.5433654126,5600902.630078219,2513071.9934324254,2801287.5975467507,2500177.289855614,2803954.4670202713,False,False,0,0,True,3.63382692588e-06,1,0,36,0,True,7.7264555148e-06,1,0
83.60000000000001,-5504.405262031588,32450.89348403662,-74.71254402876407,71.76208360879264,103.59421257543954,71.76208360879264,23.582066956042453,0.0,121.70302869086616,-9.707617244860616,136.15396143554,143.86788744824176,134.54809056977214,-9.319796878469598,0.027459757799068736,0.027459757799068736,172.43963221298705,4.078449901359348,2335.4822178547074,33164.575106190096,0.40078497838052873,93.523036776799,nan,0.0,nan,0.0,nan,0.0,nan,nan,0.0,2092026.5433654126,2.7705732993900654,0.0,0.0,0.0,shutdown,False,False,2092026.5433654126,5600902.630078219,2513071.9934324254,2801287.5975467507,2500177.289855614,2803954.4670202713,False,False,0,0,True,3.63382692588e-06,1,0,36,0,True,7.7264555148e-06,1,0
83.7,-5511.876516434464,32458.02115436524,-74.71254402876407,70.79132296365506,102.924125656692,70.79132296365506,23.581821879319644,0.0,121.13295908305372,-9.707595657891948,136.54370503167243,144.23867382368493,134.70542339260595,-9.533250431078992,0.027459757799068736,0.027459757799068736,172.43963221298705,4.078449901359348,2335.4822178547074,33164.575106190096,0.3988904885142492,92.54370011840759,nan,0.0,nan,0.0,nan,0.0,nan,nan,0.0,2092026.5433654126,2.7705732993900654,0.0,0.0,0.0,shutdown,False,False,2092026.5433654126,5600902.630078219,2513071.9934324254,2801287.5975467507,2500177.289855614,2803954.4670202713,False,False,0,0,True,3.63382692588e-06,1,0,36,0,True,7.7264555148e-06,1,0
83.80000000000001,-5519.347770837341,32465.05174873655,-74.71254402876407,69.8205644625104,102.25886493167025,69.8205644625104,23.581580140441655,0.0,120.56801428262308,-9.707574364999513,136.93853730354516,144.6129508921097,134.86275621543976,-9.750194676669912,0.027459757799068736,0.027459757799068736,172.43963221298705,4.078449901359348,2335.4822178547074,33164.575106190096,0.3970132704601395,91.57976503714069,nan,0.0,nan,0.0,nan,0.0,nan,nan,0.0,2092026.5433654126,2.7705732993900654,0.0,0.0,0.0,shutdown,False,False,2092026.5433654126,5600902.630078219,2513071.9934324254,2801287.5975467507,2500177.289855614,2803954.4670202713,False,False,0,0,True,3.63382692588e-06,1,0,36,0,True,7.7264555148e-06,1,0
83.9,-5526.819025240217,32471.985267363474,-74.71254402876407,68.8498080759515,101.59852512386863,68.8498080759515,23.58134173940116,0.0,120.00826659651607,-9.707553366179765,137.33852033715598,144.99073575766909,135.02008903827357,-9.970646719395518,0.027459757799068736,0.027459757799068736,172.43963221298705,4.078449901359348,2335.4822178547074,33164.575106190096,0.39515355676314834,90.63114330536692,nan,0.0,nan,0.0,nan,0.0,nan,nan,0.0,2092026.5433654126,2.7705732993900654,0.0,0.0,0.0,shutdown,False,False,2092026.5433654126,5600902.630078219,2513071.9934324254,2801287.5975467507,2500177.289855614,2803954.4670202713,False,False,0,0,True,3.63382692588e-06,1,0,36,0,True,7.7264555148e-06,1,0
84.0,-5534.2902796430935,32478.821710456,-74.71254402876407,67.8790537745711,100.94320272599401,67.8790537745711,23.58110667619095,0.0,119.45378901583163,-9.7075326614292,137.74371584079447,145.37204462607318,135.17742186110738,-10.1946227649658,0.027459757799068736,0.027459757799068736,172.43963221298705,4.078449901359348,2335.4822178547074,33164.575106190096,0.3933115822443915,89.69774814723385,nan,0.0,nan,0.0,nan,0.0,nan,nan,0.0,2092026.5433654126,2.7705732993900654,0.0,0.0,0.0,shutdown,False,False,2092026.5433654126,5600902.630078219,2513071.9934324254,2801287.5975467507,2500177.289855614,2803954.4670202713,False,False,0,0,True,3.63382692588e-06,1,0,36,0,True,7.7264555148e-06,1,0
84.10000000000001,-5541.761534045971,32485.561078221177,-74.71254402876407,66.90830152896234,100.29299601039224,66.90830152896234,23.580874950803896,0.0,118.90465519980047,-9.707512250744378,138.15418505603847,145.75689275761934,135.33475468394118,-10.422138073678154,0.027459757799068736,0.027459757799068736,172.43963221298705,4.078449901359348,2335.4822178547074,33164.575106190096,0.39148758394926947,88.77949422846241,nan,0.0,nan,0.0,nan,0.0,nan,nan,0.0,2092026.5433654126,2.7705732993900654,0.0,0.0,0.0,shutdown,False,False,2092026.5433654126,5600902.630078219,2513071.9934324254,2801287.5975467507,2500177.289855614,2803954.4670202713,False,False,0,0,True,3.63382692588e-06,1,0,36,0,True,7.7264555148e-06,1,0
84.2,-5549.232788448847,32492.20337086311,-74.71254402876407,65.93755130971908,99.64800503759142,65.93755130971908,23.580646563232982,0.0,118.36093945840618,-9.70749213412189,138.56998866367945,146.1452944192579,135.492087506775,-10.653206912482924,0.027459757799068736,0.027459757799068736,172.43963221298705,4.078449901359348,2335.4822178547074,33164.575106190096,0.38968180109116246,87.87629764631671,nan,0.0,nan,0.0,nan,0.0,nan,nan,0.0,2092026.5433654126,2.7705732993900654,0.0,0.0,0.0,shutdown,False,False,2092026.5433654126,5600902.630078219,2513071.9934324254,2801287.5975467507,2500177.289855614,2803954.4670202713,False,False,0,0,True,3.63382692588e-06,1,0,36,0,True,7.7264555148e-06,1,0
84.30000000000001,-5556.704042851724,32498.748588582966,-74.71254402876407,64.96680308743498,99.00833166280282,64.96680308743498,23.58042151347129,0.0,117.8227167336105,-9.707472311558396,138.99118668443717,146.53726283573587,135.6494203296088,-10.887842506127061,0.027459757799068736,0.027459757799068736,172.43963221298705,4.078449901359348,2335.4822178547074,33164.575106190096,0.3878944749905613,86.98807591974754,nan,0.0,nan,0.0,nan,0.0,nan,nan,0.0,2092026.5433654126,2.7705732993900654,0.0,0.0,0.0,shutdown,False,False,2092026.5433654126,5600902.630078219,2513071.9934324254,2801287.5975467507,2500177.289855614,2803954.4670202713,False,False,0,0,True,3.63382692588e-06,1,0,36,0,True,7.7264555148e-06,1,0
84.4,-5564.1752972546,32505.196731578973,-74.71254402876407,63.99605683270459,98.37407954021612,63.99605683270459,23.58019980151201,0.0,117.29006257914195,-9.70745278305058,139.41783837433061,146.93281013986453,135.8067531524426,-11.126056987421926,0.027459757799068736,0.027459757799068736,172.43963221298705,4.078449901359348,2335.4822178547074,33164.575106190096,0.38612584938861066,86.11483630800966,nan,0.0,nan,0.0,nan,0.0,nan,nan,0.0,2092026.5433654126,2.7705732993900654,0.0,0.0,0.0,shutdown,False,False,2092026.5433654126,5600902.630078219,2513071.9934324254,2801287.5975467507,2500177.289855614,2803954.4670202713,False,False,0,0,True,3.63382692588e-06,1,0,36,0,True,7.7264555148e-06,1,0
84.5,-5571.646551657476,32511.547800046414,-74.71254402876407,63.025312516122355,97.74535412491429,63.025312516122355,23.57998142734842,0.0,116.76305313880505,-9.7074335485952,139.85000211458492,147.3319473219664,135.9640859752764,-11.367861346689997,0.027459757799068736,0.027459757799068736,172.43963221298705,4.078449901359348,2335.4822178547074,33164.575106190096,0.3843761693197145,85.25642847975176,nan,0.0,nan,0.0,nan,0.0,nan,nan,0.0,2092026.5433654126,2.7705732993900654,0.0,0.0,0.0,shutdown,False,False,2092026.5433654126,5600902.630078219,2513071.9934324254,2801287.5975467507,2500177.289855614,2803954.4670202713,False,False,0,0,True,3.63382692588e-06,1,0,36,0,True,7.7264555148e-06,1,0
84.60000000000001,-5579.117806060353,32517.801794177634,-74.71254402876407,62.05457010828306,97.12226267223096,62.05457010828306,23.579766390973916,0.0,116.24176512327206,-9.707414608189044,140.28773529596134,147.73468417855867,136.12141879811023,-11.61326538044846,0.027459757799068736,0.027459757799068736,172.43963221298705,4.078449901359348,2335.4822178547074,33164.575106190096,0.38264568192129095,84.41275278054678,nan,0.0,nan,0.0,nan,0.0,nan,nan,0.0,2092026.5433654126,2.7705732993900654,0.0,0.0,0.0,shutdown,False,False,2092026.5433654126,5600902.630078219,2513071.9934324254,2801287.5975467507,2500177.289855614,2803954.4670202713,False,False,0,0,True,3.63382692588e-06,1,0,36,0,True,7.7264555148e-06,1,0
84.7,-5586.5890604632295,32523.958714162036,-74.71254402876407,61.08382957978221,96.50491423436365,61.08382957978221,23.579554692381976,0.0,115.72627578531764,-9.707395961828963,140.73109419741277,148.14102926033942,136.278751620944,-11.862277639395403,0.027459757799068736,0.027459757799068736,172.43963221298705,4.078449901359348,2335.4822178547074,33164.575106190096,0.38093463623780327,83.5837324236757,nan,0.0,nan,0.0,nan,0.0,nan,nan,0.0,2092026.5433654126,2.7705732993900654,0.0,0.0,0.0,shutdown,False,False,2092026.5433654126,5600902.630078219,2513071.9934324254,2801287.5975467507,2500177.289855614,2803954.4670202713,False,False,0,0,True,3.63382692588e-06,1,0,36,0,True,7.7264555148e-06,1,0
84.80000000000001,-5594.060314866107,32530.018560186087,-74.71254402876407,60.11309090121509,95.89341965405008,60.11309090121509,23.579346331566192,0.0,115.21666289345883,-9.707377609511848,141.18013385898345,148.55098981954842,136.43608444377784,-12.114905375770594,0.027459757799068736,0.027459757799068736,172.43963221298705,4.078449901359348,2335.4822178547074,33164.575106190096,0.37924328304337473,82.76929199534149,nan,0.0,nan,0.0,nan,0.0,nan,nan,0.0,2092026.5433654126,2.7705732993900654,0.0,0.0,0.0,shutdown,False,False,2092026.5433654126,5600902.630078219,2513071.9934324254,2801287.5975467507,2500177.289855614,2803954.4670202713,False,False,0,0,True,3.63382692588e-06,1,0,36,0,True,7.7264555148e-06,1,0
84.9,-5601.531569268983,32535.981332433304,-74.71254402876407,59.14235404317782,95.28789155511103,59.14235404317782,23.579141308520256,0.0,114.71300470396679,-9.707359551234644,141.63490794888412,148.96457175677952,136.59341726661162,-12.371154490167905,0.027459757799068736,0.027459757799068736,172.43963221298705,4.078449901359348,2335.4822178547074,33164.575106190096,0.3775718747507952,81.96935744585484,nan,0.0,nan,0.0,nan,0.0,nan,nan,0.0,2092026.5433654126,2.7705732993900654,0.0,0.0,0.0,shutdown,False,False,2092026.5433654126,5600902.630078219,2513071.9934324254,2801287.5975467507,2500177.289855614,2803954.4670202713,False,False,0,0,True,3.63382692588e-06,1,0,36,0,True,7.7264555148e-06,1,0
85.0,-5609.002823671859,32541.847031084275,-74.71254402876407,58.17161897626642,94.6884443296537,58.17161897626642,23.578939623237957,0.0,114.21537993121461,-9.707341786994341,142.09546862469946,149.38177956733097,136.75075008944543,-12.631029477885543,0.027459757799068736,0.027459757799068736,172.43963221298705,4.078449901359348,2335.4822178547074,33164.575106190096,0.3759206653150858,81.1838560809822,nan,0.0,nan,0.0,nan,0.0,nan,nan,0.0,2092026.5433654126,2.7705732993900654,0.0,0.0,0.0,shutdown,False,False,2092026.5433654126,5600902.630078219,2513071.9934324254,2801287.5975467507,2500177.289855614,2803954.4670202713,False,False,0,0,True,3.63382692588e-06,1,0,36,0,True,7.7264555148e-06,1,0
85.10000000000001,-5616.474078074736,32547.615656316644,-74.71254402876407,57.20088567107722,94.0951941217279,57.20088567107722,23.578741275713185,0.0,113.72386771633207,-9.707324316787979,142.56186638870085,149.80261628718364,136.90808291227924,-12.894533374904395,0.027459757799068736,0.027459757799068736,172.43963221298705,4.078449901359348,2335.4822178547074,33164.575106190096,0.37428991013152635,80.41271655345808,nan,0.0,nan,0.0,nan,0.0,nan,nan,0.0,2092026.5433654126,2.7705732993900654,0.0,0.0,0.0,shutdown,False,False,2092026.5433654126,5600902.630078219,2513071.9934324254,2801287.5975467507,2500177.289855614,2803954.4670202713,False,False,0,0,True,3.63382692588e-06,1,0,36,0,True,7.7264555148e-06,1,0
85.2,-5623.945332477612,32553.287208305108,-74.71254402876407,56.230154098207244,93.50825880722056,56.230154098207244,23.578546265939938,0.0,113.2385475941377,-9.70730714061265,143.03414993726483,150.22708343870698,137.06541573511305,-13.161667703593958,0.027459757799068736,0.027459757799068736,172.43963221298705,4.078449901359348,2335.4822178547074,33164.575106190096,0.37267986592804747,79.6558688546599,nan,0.0,nan,0.0,nan,0.0,nan,nan,0.0,2092026.5433654126,2.7705732993900654,0.0,0.0,0.0,shutdown,False,False,2092026.5433654126,5600902.630078219,2513071.9934324254,2801287.5975467507,2500177.289855614,2803954.4670202713,False,False,0,0,True,3.63382692588e-06,1,0,36,0,True,7.7264555148e-06,1,0
85.30000000000001,-5631.416586880489,32558.86168722143,-74.71254402876407,55.25942422825325,92.92775796976957,55.25942422825325,23.578354593912305,0.0,112.75949945832195,-9.707290258465491,143.5123660044247,150.655180976198,137.22274855794686,-13.432432418251135,0.027459757799068736,0.027459757799068736,172.43963221298705,4.078449901359348,2335.4822178547074,33164.575106190096,0.3710907906519012,78.91324430644202,nan,0.0,nan,0.0,nan,0.0,nan,nan,0.0,2092026.5433654126,2.7705732993900654,0.0,0.0,0.0,shutdown,False,False,2092026.5433654126,5600902.630078219,2513071.9934324254,2801287.5975467507,2500177.289855614,2803954.4670202713,False,False,0,0,True,3.63382692588e-06,1,0,36,0,True,7.7264555148e-06,1,0
85.4,-5638.887841283366,32564.339093234434,-74.71254402876407,54.28869603181285,92.35381287247745,54.28869603181285,23.57816625962448,0.0,112.28680352485996,-9.70727367034369,143.9965591996089,151.08690723136527,137.38008138078067,-13.706825850584622,0.027459757799068736,0.027459757799068736,172.43963221298705,4.078449901359348,2335.4822178547074,33164.575106190096,0.3695229433505402,78.18477555313045,nan,0.0,nan,0.0,nan,0.0,nan,nan,0.0,2092026.5433654126,2.7705732993900654,0.0,0.0,0.0,shutdown,False,False,2092026.5433654126,5600902.630078219,2513071.9934324254,2801287.5975467507,2500177.289855614,2803954.4670202713,False,False,0,0,True,3.63382692588e-06,1,0,36,0,True,7.7264555148e-06,1,0
85.5,-5646.359095686242,32569.719426509997,-74.71254402876407,53.317969479483494,91.78654642519862,53.317969479483494,23.577981263070768,0.0,111.8205402936328,-9.707257376244488,144.48677183965688,151.52225885887944,137.53741420361445,-13.98484465526499,0.027459757799068736,0.027459757799068736,172.43963221298705,4.078449901359348,2335.4822178547074,33164.575106190096,0.3679765840466352,77.47039655367557,nan,0.0,nan,0.0,nan,0.0,nan,nan,0.0,2092026.5433654126,2.7705732993900654,0.0,0.0,0.0,shutdown,False,False,2092026.5433654126,5600902.630078219,2513071.9934324254,2801287.5975467507,2500177.289855614,2803954.4670202713,False,False,0,0,True,3.63382692588e-06,1,0,36,0,True,7.7264555148e-06,1,0
85.60000000000001,-5653.830350089119,32575.002687211065,-74.71254402876407,52.34724454186293,91.22608314717675,52.34724454186293,23.577799604245563,0.0,111.36079050824269,-9.707241376165166,144.9830437752337,151.9612307821155,137.69474702644828,-14.266483755667238,0.027459757799068736,0.027459757799068736,172.43963221298705,4.078449901359348,2335.4822178547074,33164.575106190096,0.3664519736071825,76.77004257396207,nan,0.0,nan,0.0,nan,0.0,nan,nan,0.0,2092026.5433654126,2.7705732993900654,0.0,0.0,0.0,shutdown,False,False,2092026.5433654126,5600902.630078219,2513071.9934324254,2801287.5975467507,2500177.289855614,2803954.4670202713,False,False,0,0,True,3.63382692588e-06,1,0,36,0,True,7.7264555148e-06,1,0
85.7,-5661.301604491995,32580.188875497635,-74.71254402876407,51.37652118954957,90.67254912480539,51.37652118954957,23.57762128314336,0.0,110.90763511400974,-9.70722567010306,145.48541221180545,152.4038161392221,137.85207984928206,-14.551736289940031,0.027459757799068736,0.027459757799068736,172.43963221298705,4.078449901359348,2335.4822178547074,33164.575106190096,0.3649493736066618,76.08365017927537,nan,0.0,nan,0.0,nan,0.0,nan,nan,0.0,2092026.5433654126,2.7705732993900654,0.0,0.0,0.0,shutdown,False,False,2092026.5433654126,5600902.630078219,2513071.9934324254,2801287.5975467507,2500177.289855614,2803954.4670202713,False,False,0,0,True,3.63382692588e-06,1,0,36,0,True,7.7264555148e-06,1,0
85.80000000000001,-5668.772858894872,32585.27799152677,-74.71254402876407,50.40579939314156,90.1260719642859,50.40579939314156,23.57744629975876,0.0,110.46115521414187,-9.707210258055554,145.99391152537822,152.8500062296592,138.0094126721159,-14.840593557543293,0.027459757799068736,0.027459757799068736,172.43963221298705,4.078449901359348,2335.4822178547074,33164.575106190096,0.36346904618421483,75.41115722692174,nan,0.0,nan,0.0,nan,0.0,nan,nan,0.0,2092026.5433654126,2.7705732993900654,0.0,0.0,0.0,shutdown,False,False,2092026.5433654126,5600902.630078219,2513071.9934324254,2801287.5975467507,2500177.289855614,2803954.4670202713,False,False,0,0,True,3.63382692588e-06,1,0,36,0,True,7.7264555148e-06,1,0
85.9,-5676.244113297748,32590.27003545259,-74.71254402876407,49.43507912323783,89.58678073896168,49.43507912323783,23.577274654086462,0.0,110.02143202407619,-9.707195140020083,146.50857307324472,153.29979046135088,138.16674549494968,-15.133044966401181,0.027459757799068736,0.027459757799068736,172.43963221298705,4.078449901359348,2335.4822178547074,33164.575106190096,0.3620112538948395,74.75250285900457,nan,0.0,nan,0.0,nan,0.0,nan,nan,0.0,2092026.5433654126,2.7705732993900654,0.0,0.0,0.0,shutdown,False,False,2092026.5433654126,5600902.630078219,2513071.9934324254,2801287.5975467507,2500177.289855614,2803954.4670202713,False,False,0,0,True,3.63382692588e-06,1,0,36,0,True,7.7264555148e-06,1,0
86.0,-5683.7153677006245,32595.165007426276,-74.71254402876407,48.464360350437175,89.05480593110647,48.464360350437175,23.577106346121273,0.0,109.58854682399172,-9.70718031599412,147.02942500003357,153.7531562986101,138.3240783177835,-15.429077980826598,0.027459757799068736,0.027459757799068736,172.43963221298705,4.078449901359348,2335.4822178547074,33164.575106190096,0.36057625955459943,74.10762749535112,nan,0.0,nan,0.0,nan,0.0,nan,nan,0.0,2092026.5433654126,2.7705732993900654,0.0,0.0,0.0,shutdown,False,False,2092026.5433654126,5600902.630078219,2513071.9934324254,2801287.5975467507,2500177.289855614,2803954.4670202713,False,False,0,0,True,3.63382692588e-06,1,0,36,0,True,7.7264555148e-06,1,0
86.10000000000001,-5691.186622103502,32599.962907596066,-74.71254402876407,47.49364304533863,88.53027936795439,47.49364304533863,23.57694137585809,0.0,109.16258090950156,-9.707165785975208,147.5564920394013,154.2100892109946,138.4814111406173,-15.728678070377281,0.027459757799068736,0.027459757799068736,172.43963221298705,4.078449901359348,2335.4822178547074,33164.575106190096,0.359164326079873,73.47647282659257,nan,0.0,nan,0.0,nan,0.0,nan,nan,0.0,2092026.5433654126,2.7705732993900654,0.0,0.0,0.0,shutdown,False,False,2092026.5433654126,5600902.630078219,2513071.9934324254,2801287.5975467507,2500177.289855614,2803954.4670202713,False,False,0,0,True,3.63382692588e-06,1,0,36,0,True,7.7264555148e-06,1,0
86.2,-5698.657876506378,32604.66373610726,-74.71254402876407,46.52292717854188,88.01333415176316,46.52292717854188,23.576779743291922,0.0,108.74361554053627,-9.707151549960923,148.08979531176203,154.67057262326256,138.6387439634511,-16.031828659811456,0.027459757799068736,0.027459757799068736,172.43963221298705,4.078449901359348,2335.4822178547074,33164.575106190096,0.35777571663553387,72.85904871067467,nan,0.0,nan,0.0,nan,0.0,nan,nan,0.0,2092026.5433654126,2.7705732993900654,0.0,0.0,0.0,shutdown,False,False,2092026.5433654126,5600902.630078219,2513071.9934324254,2801287.5975467507,2500177.289855614,2803954.4670202713,False,False,0,0,True,3.63382692588e-06,1,0,36,0,True,7.7264555148e-06,1,0
86.30000000000001,-5706.129130909255,32609.26749310222,-74.71254402876407,45.5522127206463,87.50410458371093,45.5522127206463,23.576621448417875,0.0,108.33173188843546,-9.70713760794889,148.6293521185049,155.13458786660192,138.7960767862849,-16.338511080317012,0.027459757799068736,0.027459757799068736,172.43963221298705,4.078449901359348,2335.4822178547074,33164.575106190096,0.3564106935113865,72.25523049412355,nan,0.0,nan,0.0,nan,0.0,nan,nan,0.0,2092026.5433654126,2.7705732993900654,0.0,0.0,0.0,shutdown,False,False,2092026.5433654126,5600902.630078219,2513071.9934324254,2801287.5975467507,2500177.289855614,2803954.4670202713,False,False,0,0,True,3.63382692588e-06,1,0,36,0,True,7.7264555148e-06,1,0
86.4,-5713.600385312131,32613.774178720363,-74.71254402876407,44.581499642252076,87.0027260814403,44.581499642252076,23.576466491231148,0.0,107.92701098127314,-9.707123959936789,149.17517573320347,155.60211413131017,138.95340960911872,-16.648704522191455,0.027459757799068736,0.027459757799068736,172.43963221298705,4.078449901359348,2335.4822178547074,33164.575106190096,0.35506951889896815,71.6649631748271,nan,0.0,nan,0.0,nan,0.0,nan,nan,0.0,2092026.5433654126,2.7705732993900654,0.0,0.0,0.0,shutdown,False,False,2092026.5433654126,5600902.630078219,2513071.9934324254,2801287.5975467507,2500177.289855614,2803954.4670202713,False,False,0,0,True,3.63382692588e-06,1,0,36,0,True,7.7264555148e-06,1,0
86.5,-5721.071639715007,32618.183793098175,-74.71254402876407,43.61078791395917,86.50933509007186,43.61078791395917,23.576314871727053,0.0,107.52953364744488,-9.707110605922345,149.7272751903842,156.0731284211107,139.1107424319525,-16.962385989158186,0.027459757799068736,0.027459757799068736,172.43963221298705,4.078449901359348,2335.4822178547074,33164.575106190096,0.3537524543910994,71.08819353016473,nan,0.0,nan,0.0,nan,0.0,nan,nan,0.0,2092026.5433654126,2.7705732993900654,0.0,0.0,0.0,shutdown,False,False,2092026.5433654126,5600902.630078219,2513071.9934324254,2801287.5975467507,2500177.289855614,2803954.4670202713,False,False,0,0,True,3.63382692588e-06,1,0,36,0,True,7.7264555148e-06,1,0
86.60000000000001,-5728.542894117884,32622.496336369193,-74.71254402876407,42.6400775063678,86.02406898652879,42.6400775063678,23.576166589901,0.0,107.13938045755509,-9.707097545903334,150.28565507247922,156.54760550929242,139.26807525478634,-17.279530254506096,0.027459757799068736,0.027459757799068736,172.43963221298705,4.078449901359348,2335.4822178547074,33164.575106190096,0.3524597607897904,70.52486957423159,nan,0.0,nan,0.0,nan,0.0,nan,nan,0.0,2092026.5433654126,2.7705732993900654,0.0,0.0,0.0,shutdown,False,False,2092026.5433654126,5600902.630078219,2513071.9934324254,2801287.5975467507,2500177.289855614,2803954.4670202713,False,False,0,0,True,3.63382692588e-06,1,0,36,0,True,7.7264555148e-06,1,0
86.7,-5736.0141485207605,32626.711808664015,-74.71254402876407,41.66936839007881,85.54706597702875,41.66936839007881,23.576021645748497,0.0,106.7566316646468,-9.707084779877583,150.85031529565242,157.0255178968651,139.42540807762012,-17.60010981924498,0.027459757799068736,0.027459757799068736,172.43963221298705,4.078449901359348,2335.4822178547074,33164.575106190096,0.35119169791123217,69.97494055182466,nan,0.0,nan,0.0,nan,0.0,nan,nan,0.0,2092026.5433654126,2.7705732993900654,0.0,0.0,0.0,shutdown,False,False,2092026.5433654126,5600902.630078219,2513071.9934324254,2801287.5975467507,2500177.289855614,2803954.4670202713,False,False,0,0,True,3.63382692588e-06,1,0,36,0,True,7.7264555148e-06,1,0
86.80000000000001,-5743.485402923638,32630.830210110304,-74.71254402876407,40.698660535692696,85.07846498761928,40.698660535692696,23.575880039265154,0.0,106.38136714282392,-9.707072307842964,151.42125089525186,157.50683577292648,139.58274090045396,-17.92409487247252,0.027459757799068736,0.027459757799068736,172.43963221298705,4.078449901359348,2335.4822178547074,33164.575106190096,0.3499485243855215,69.43835693257226,nan,0.0,nan,0.0,nan,0.0,nan,nan,0.0,2092026.5433654126,2.7705732993900654,0.0,0.0,0.0,shutdown,False,False,2092026.5433654126,5600902.630078219,2513071.9934324254,2801287.5975467507,2500177.289855614,2803954.4670202713,False,False,0,0,True,3.63382692588e-06,1,0,36,0,True,7.7264555148e-06,1,0
86.9,-5750.956657326514,32634.85154083278,-74.71254402876407,39.72795391381073,84.61840554765777,39.72795391381073,23.57574177044668,0.0,106.01366632432445,-9.707060129797398,151.99845181170326,157.9915269774377,139.74007372328774,-18.25145325414996,0.027459757799068736,0.027459757799068736,172.43963221298705,4.078449901359348,2335.4822178547074,33164.575106190096,0.3487304974513117,68.91507040520956,nan,0.0,nan,0.0,nan,0.0,nan,nan,0.0,2092026.5433654126,2.7705732993900654,0.0,0.0,0.0,shutdown,False,False,2092026.5433654126,5600902.630078219,2513071.9934324254,2801287.5975467507,2500177.289855614,2803954.4670202713,False,False,0,0,True,3.63382692588e-06,1,0,36,0,True,7.7264555148e-06,1,0
87.0,-5758.42791172939,32638.775800953223,-74.71254402876407,38.75724849503397,84.1670276661581,38.75724849503397,23.575606839288895,0.0,105.65360813510797,-9.70704824573886,152.58190267772633,158.47955696660844,139.89740654612154,-18.582150420486904,0.027459757799068736,0.027459757799068736,172.43963221298705,4.078449901359348,2335.4822178547074,33164.575106190096,0.34753787274559494,68.40503387199547,nan,0.0,nan,0.0,nan,0.0,nan,nan,0.0,2092026.5433654126,2.7705732993900654,0.0,0.0,0.0,shutdown,False,False,2092026.5433654126,5600902.630078219,2513071.9934324254,2801287.5975467507,2500177.289855614,2803954.4670202713,False,False,0,0,True,3.63382692588e-06,1,0,36,0,True,7.7264555148e-06,1,0
87.10000000000001,-5765.899166132267,32642.602990590472,-74.71254402876407,37.786544249963676,83.72447170095774,37.786544249963676,23.575475245787704,0.0,105.3012709290307,-9.707036655665375,153.171582607816,158.9708887810903,140.05473936895535,-18.916149412134935,0.027459757799068736,0.027459757799068736,172.43963221298705,4.078449901359348,2335.4822178547074,33164.575106190096,0.34637090408885474,67.90820144327294,nan,0.0,nan,0.0,nan,0.0,nan,nan,0.0,2092026.5433654126,2.7705732993900654,0.0,0.0,0.0,shutdown,False,False,2092026.5433654126,5600902.630078219,2513071.9934324254,2801287.5975467507,2500177.289855614,2803954.4670202713,False,False,0,0,True,3.63382692588e-06,1,0,36,0,True,7.7264555148e-06,1,0
87.2,-5773.370420535143,32646.333109860432,-74.71254402876407,36.81584114920171,83.29087822068671,36.81584114920171,23.575346989939128,0.0,104.95673242068719,-9.707025359574997,153.76746499099428,159.46548301717996,140.21207219178916,-19.253410825390805,0.027459757799068736,0.027459757799068736,172.43963221298705,4.078449901359348,2335.4822178547074,33164.575106190096,0.3452298432658493,67.42452843217087,nan,0.0,nan,0.0,nan,0.0,nan,nan,0.0,2092026.5433654126,2.7705732993900654,0.0,0.0,0.0,shutdown,False,False,2092026.5433654126,5600902.630078219,2513071.9934324254,2801287.5975467507,2500177.289855614,2803954.4670202713,False,False,0,0,True,3.63382692588e-06,1,0,36,0,True,7.7264555148e-06,1,0
87.30000000000001,-5780.84167493802,32649.96615887606,-74.71254402876407,35.845139163349586,82.86638785955321,35.845139163349586,23.57522207173928,0.0,104.62006961700587,-9.707014357465857,154.36951728789938,159.96329780123207,140.36940501462297,-19.59389278660911,0.027459757799068736,0.027459757799068736,172.43963221298705,4.078449901359348,2335.4822178547074,33164.575106190096,0.34411493980230795,66.95397134944609,nan,0.0,nan,0.0,nan,0.0,nan,nan,0.0,2092026.5433654126,2.7705732993900654,0.0,0.0,0.0,shutdown,False,False,2092026.5433654126,5600902.630078219,2513071.9934324254,2801287.5975467507,2500177.289855614,2803954.4670202713,False,False,0,0,True,3.63382692588e-06,1,0,36,0,True,7.7264555148e-06,1,0
87.4,-5788.3129293408965,32653.50213774738,-74.71254402876407,34.874438263009544,82.45114116499828,34.874438263009544,23.57510049118438,0.0,104.29135874769403,-9.70700364933612,154.97770083333154,160.46428876747757,140.52673783745678,-19.93755093002079,0.027459757799068736,0.027459757799068736,172.43963221298705,4.078449901359348,2335.4822178547074,33164.575106190096,0.3430264407378544,66.49648789846626,nan,0.0,nan,0.0,nan,0.0,nan,nan,0.0,2092026.5433654126,2.7705732993900654,0.0,0.0,0.0,shutdown,False,False,2092026.5433654126,5600902.630078219,2513071.9934324254,2801287.5975467507,2500177.289855614,2803954.4670202713,False,False,0,0,True,3.63382692588e-06,1,0,36,0,True,7.7264555148e-06,1,0
87.5,-5795.784183743773,32656.94104658147,-74.71254402876407,33.9037384187836,82.04527843830694,33.9037384187836,23.574982248270743,0.0,103.97067519463414,-9.706993235184004,155.59197064543417,160.96840903944366,140.68407066029056,-20.2843383791531,0.027459757799068736,0.027459757799068736,172.43963221298705,4.078449901359348,2335.4822178547074,33164.575106190096,0.34196459039548943,66.05203697033141,nan,0.0,nan,0.0,nan,0.0,nan,nan,0.0,2092026.5433654126,2.7705732993900654,0.0,0.0,0.0,shutdown,False,False,2092026.5433654126,5600902.630078219,2513071.9934324254,2801287.5975467507,2500177.289855614,2803954.4670202713,False,False,0,0,True,3.63382692588e-06,1,0,36,0,True,7.7264555148e-06,1,0
87.60000000000001,-5803.25543814665,32660.282885482473,-74.71254402876407,32.933039601273926,81.64893956830723,32.933039601273926,23.57486734299479,0.0,103.6580934203424,-9.70698311500777,156.21227524273218,161.4756092151646,140.8414034831244,-20.634205732040233,0.027459757799068736,0.027459757799068736,172.43963221298705,4.078449901359348,2335.4822178547074,33164.575106190096,0.3409296301479962,65.62057863913472,nan,0.0,nan,0.0,nan,0.0,nan,nan,0.0,2092026.5433654126,2.7705732993900654,0.0,0.0,0.0,shutdown,False,False,2092026.5433654126,5600902.630078219,2513071.9934324254,2801287.5975467507,2500177.289855614,2803954.4670202713,False,False,0,0,True,3.63382692588e-06,1,0,36,0,True,7.7264555148e-06,1,0
87.7,-5810.726692549526,32663.52765455159,-74.71254402876407,31.962341781083307,81.26226385832967,31.962341781083307,23.57475577535304,0.0,103.35368689560708,-9.706973288805735,156.83855647029472,161.98583735636774,140.99873630595818,-20.987101050409557,0.027459757799068736,0.027459757799068736,172.43963221298705,4.078449901359348,2335.4822178547074,33164.575106190096,0.33992179818165047,65.20207415736088,nan,0.0,nan,0.0,nan,0.0,nan,nan,0.0,2092026.5433654126,2.7705732993900654,0.0,0.0,0.0,shutdown,False,False,2092026.5433654126,5600902.630078219,2513071.9934324254,2801287.5975467507,2500177.289855614,2803954.4670202713,False,False,0,0,True,3.63382692588e-06,1,0,36,0,True,7.7264555148e-06,1,0
87.80000000000001,-5818.197946952403,32666.675353887087,-74.71254402876407,30.991644928814125,80.88538984664474,30.991644928814125,23.574647545342113,0.0,103.05752802643163,-9.706963756576263,157.47074933632797,162.4990389818144,141.156069128792,-21.342969853022403,0.027459757799068736,0.027459757799068736,172.43963221298705,4.078449901359348,2335.4822178547074,33164.575106190096,0.3389413292576468,64.79648595142197,nan,0.0,nan,0.0,nan,0.0,nan,nan,0.0,2092026.5433654126,2.7705732993900654,0.0,0.0,0.0,shutdown,False,False,2092026.5433654126,5600902.630078219,2513071.9934324254,2801287.5975467507,2500177.289855614,2803954.4670202713,False,False,0,0,True,3.63382692588e-06,1,0,36,0,True,7.7264555148e-06,1,0
87.9,-5825.669201355279,32669.72598358428,-74.71254402876407,30.02094901506948,80.51845512064554,30.02094901506948,23.574542652958737,0.0,102.76968808041549,-9.706954518317765,158.10878186052673,163.0151570649646,141.3134019516258,-21.701755113338802,0.027459757799068736,0.027459757799068736,172.43963221298705,4.078449901359348,2335.4822178547074,33164.575106190096,0.33798845447167347,64.40377761732968,nan,0.0,nan,0.0,nan,0.0,nan,nan,0.0,2092026.5433654126,2.7705732993900654,0.0,0.0,0.0,shutdown,False,False,2092026.5433654126,5600902.630078219,2513071.9934324254,2801287.5975467507,2500177.289855614,2803954.4670202713,False,False,0,0,True,3.63382692588e-06,1,0,36,0,True,7.7264555148e-06,1,0
88.0,-5833.140455758155,32672.679543735558,-74.71254402876407,29.05025401045221,80.16159612508851,29.05025401045221,23.57444109819973,0.0,102.49023711271137,-9.7069455740287,158.75257493554102,163.53413203612823,141.4707347744596,-22.063397261668634,0.027459757799068736,0.027459757799068736,172.43963221298705,4.078449901359348,2335.4822178547074,33164.575106190096,0.33706340101209015,64.02391391650389,nan,0.0,nan,0.0,nan,0.0,nan,nan,0.0,2092026.5433654126,2.7705732993900654,0.0,0.0,0.0,shutdown,False,False,2092026.5433654126,5600902.630078219,2513071.9934324254,2801287.5975467507,2500177.289855614,2803954.4670202713,False,False,0,0,True,3.63382692588e-06,1,0,36,0,True,7.7264555148e-06,1,0
88.10000000000001,-5840.6117101610325,32675.53603443036,-74.71254402876407,28.079559885565313,79.81494796475819,28.079559885565313,23.574342881062023,0.0,102.2192438917056,-9.706936923707584,159.40204220291804,164.05590178925303,141.6280675972934,-22.427834191959622,0.027459757799068736,0.027459757799068736,172.43963221298705,4.078449901359348,2335.4822178547074,33164.575106190096,0.33616639191718856,63.656860771716445,nan,0.0,nan,0.0,nan,0.0,nan,nan,0.0,2092026.5433654126,2.7705732993900654,0.0,0.0,0.0,shutdown,False,False,2092026.5433654126,5600902.630078219,2513071.9934324254,2801287.5975467507,2500177.289855614,2803954.4670202713,False,False,0,0,True,3.63382692588e-06,1,0,36,0,True,7.7264555148e-06,1,0
88.2,-5848.082964563909,32678.29545575519,-74.71254402876407,27.108866611012342,79.47864420197207,27.108866611012342,23.57424800154263,0.0,101.95677582457391,-9.706928567352973,160.05708994488435,164.58040169348948,141.78540042012722,-22.795001273362274,0.027459757799068736,0.027459757799068736,172.43963221298705,4.078449901359348,2335.4822178547074,33164.575106190096,0.33529764583203314,63.30258526317015,nan,0.0,nan,0.0,nan,0.0,nan,nan,0.0,2092026.5433654126,2.7705732993900654,0.0,0.0,0.0,shutdown,False,False,2092026.5433654126,5600902.630078219,2513071.9934324254,2801287.5975467507,2500177.289855614,2803954.4670202713,False,False,0,0,True,3.63382692588e-06,1,0,36,0,True,7.7264555148e-06,1,0
88.30000000000001,-5855.554218966786,32680.95780779361,-74.71254402876407,26.13817415739644,79.15281664939282,26.13817415739644,23.574156459638694,0.0,101.7028988828705,-9.706920504963472,160.7176169933212,165.10756460966005,141.94273324296103,-23.164831366699,0.027459757799068736,0.027459757799068736,172.43963221298705,4.078449901359348,2335.4822178547074,33164.575106190096,0.33445737676539894,62.96105562471128,nan,0.0,nan,0.0,nan,0.0,nan,nan,0.0,2092026.5433654126,2.7705732993900654,0.0,0.0,0.0,shutdown,False,False,2092026.5433654126,5600902.630078219,2513071.9934324254,2801287.5975467507,2500177.289855614,2803954.4670202713,False,False,0,0,True,3.63382692588e-06,1,0,36,0,True,7.7264555148e-06,1,0
88.4,-5863.025473369662,32683.523090626244,-74.71254402876407,25.167482495321433,78.83759515866983,25.167482495321433,23.574068255347427,0.0,101.45767752831507,-9.706912736537745,161.3835146572593,165.63732091174444,142.10006606579483,-23.5372548459496,0.027459757799068736,0.027459757799068736,172.43963221298705,4.078449901359348,2335.4822178547074,33164.575106190096,0.33364579384734433,62.63224124017651,nan,0.0,nan,0.0,nan,0.0,nan,nan,0.0,2092026.5433654126,2.7705732993900654,0.0,0.0,0.0,shutdown,False,False,2092026.5433654126,5600902.630078219,2513071.9934324254,2801287.5975467507,2500177.289855614,2803954.4670202713,False,False,0,0,True,3.63382692588e-06,1,0,36,0,True,7.7264555148e-06,1,0
88.5,-5870.496727772538,32685.99130433078,-74.71254402876407,24.196791595390877,78.53310740548083,24.196791595390877,23.573983388666168,0.0,101.2211746389462,-9.706905262074493,162.0546666701882,166.16959851348082,142.25739888862864,-23.912199624852185,0.027459757799068736,0.027459757799068736,172.43963221298705,4.078449901359348,2335.4822178547074,33164.575106190096,0.33286310108797,62.31611263987288,nan,0.0,nan,0.0,nan,0.0,nan,nan,0.0,2092026.5433654126,2.7705732993900654,0.0,0.0,0.0,shutdown,False,False,2092026.5433654126,5600902.630078219,2513071.9934324254,2801287.5975467507,2500177.289855614,2803954.4670202713,False,False,0,0,True,3.63382692588e-06,1,0,36,0,True,7.7264555148e-06,1,0
88.60000000000001,-5877.967982175415,32688.36244898196,-74.71254402876407,23.226101428208445,78.23947867159798,23.226101428208445,23.573901859592343,0.0,100.99345143581459,-9.706898081572472,162.73094915842032,166.70432290016234,142.41473171146245,-24.289591188699895,0.027459757799068736,0.027459757799068736,172.43963221298705,4.078449901359348,2335.4822178547074,33164.575106190096,0.3321094971379316,62.012641497190195,nan,0.0,nan,0.0,nan,0.0,nan,nan,0.0,2092026.5433654126,2.7705732993900654,0.0,0.0,0.0,shutdown,False,False,2092026.5433654126,5600902.630078219,2513071.9934324254,2801287.5975467507,2500177.289855614,2803954.4670202713,False,False,0,0,True,3.63382692588e-06,1,0,36,0,True,7.7264555148e-06,1,0
88.7,-5885.4392365782915,32690.63652465159,-74.71254402876407,22.25541196437835,77.95683162465112,22.25541196437835,23.573823668123488,0.0,100.77456741039367,-9.706891195030487,163.41223063168806,167.2414171656947,142.57206453429626,-24.669352631398475,0.027459757799068736,0.027459757799068736,172.43963221298705,4.078449901359348,2335.4822178547074,33164.575106190096,0.33138517505128595,61.721800625346035,nan,0.0,nan,0.0,nan,0.0,nan,nan,0.0,2092026.5433654126,2.7705732993900654,0.0,0.0,0.0,shutdown,False,False,2092026.5433654126,5600902.630078219,2513071.9934324254,2801287.5975467507,2500177.289855614,2803954.4670202713,False,False,0,0,True,3.63382692588e-06,1,0,36,0,True,7.7264555148e-06,1,0
88.80000000000001,-5892.910490981169,32692.813531408534,-74.71254402876407,21.284723174504375,77.68528609630845,21.284723174504375,23.573748814257225,0.0,100.56458025288737,-9.70688460244739,164.09837199707388,167.78080205496087,142.72939735713007,-25.051404697830794,0.027459757799068736,0.027459757799068736,172.43963221298705,4.078449901359348,2335.4822178547074,33164.575106190096,0.33069032205126003,61.44356397426179,nan,0.0,nan,0.0,nan,0.0,nan,nan,0.0,2092026.5433654126,2.7705732993900654,0.0,0.0,0.0,shutdown,False,False,2092026.5433654126,5600902.630078219,2513071.9934324254,2801287.5975467507,2500177.289855614,2803954.4670202713,False,False,0,0,True,3.63382692588e-06,1,0,36,0,True,7.7264555148e-06,1,0
88.9,-5900.381745384045,32694.89346931872,-74.71254402876407,20.314035029190958,77.42495885964168,20.314035029190958,23.573677297991296,0.0,100.36354578161902,-9.706878303822082,164.78922659727752,168.32239601151758,142.88673017996388,-25.43566583155371,0.027459757799068736,0.027459757799068736,172.43963221298705,4.078449901359348,2335.4822178547074,33164.575106190096,0.33002511929954376,61.17790662757123,nan,0.0,nan,0.0,nan,0.0,nan,nan,0.0,2092026.5433654126,2.7705732993900654,0.0,0.0,0.0,shutdown,False,False,2092026.5433654126,5600902.630078219,2513071.9934324254,2801287.5975467507,2500177.289855614,2803954.4670202713,False,False,0,0,True,3.63382692588e-06,1,0,36,0,True,7.7264555148e-06,1,0
89.0,-5907.852999786921,32696.87633844513,-74.71254402876407,19.343347499042235,77.17596340648242,19.343347499042235,23.573609119323535,0.0,100.1715178736852,-9.706872299153517,165.48464027411964,168.86611523063286,143.04406300279766,-25.822052227835186,0.027459757799068736,0.027459757799068736,172.43963221298705,4.078449901359348,2335.4822178547074,33164.575106190096,0.3293897416697073,60.924804799758334,nan,0.0,nan,0.0,nan,0.0,nan,nan,0.0,2092026.5433654126,2.7705732993900654,0.0,0.0,0.0,shutdown,False,False,2092026.5433654126,5600902.630078219,2513071.9934324254,2801287.5975467507,2500177.289855614,2803954.4670202713,False,False,0,0,True,3.63382692588e-06,1,0,36,0,True,7.7264555148e-06,1,0
89.10000000000001,-5915.324254189798,32698.762138847815,-74.71254402876407,18.372660554662442,76.93840972561662,18.372660554662442,23.573544278251873,0.0,99.98854839706088,-9.706866588440693,166.18445145805575,169.41187371764738,143.2013958256315,-26.2104778920159,0.027459757799068736,0.027459757799068736,172.43963221298705,4.078449901359348,2335.4822178547074,33164.575106190096,0.32878435752535473,60.68423583342695,nan,0.0,nan,0.0,nan,0.0,nan,nan,0.0,2092026.5433654126,2.7705732993900654,0.0,0.0,0.0,shutdown,False,False,2092026.5433654126,5600902.630078219,2513071.9934324254,2801287.5975467507,2500177.289855614,2803954.4670202713,False,False,0,0,True,3.63382692588e-06,1,0,36,0,True,7.7264555148e-06,1,0
89.2,-5922.795508592674,32700.55087058388,-74.71254402876407,17.40197416665633,76.71240408269698,17.40197416665633,23.573482774774348,0.0,99.81468714434187,-9.70686117168266,166.88849128433952,169.9595833516252,143.35872864846527,-26.600854703159946,0.027459757799068736,0.027459757799068736,172.43963221298705,4.078449901359348,2335.4822178547074,33164.575106190096,0.3282091285376947,60.456184737939076,nan,0.0,nan,0.0,nan,0.0,nan,nan,0.0,2092026.5433654126,2.7705732993900654,0.0,0.0,0.0,shutdown,False,False,2092026.5433654126,5600902.630078219,2513071.9934324254,2801287.5975467507,2500177.289855614,2803954.4670202713,False,False,0,0,True,3.63382692588e-06,1,0,36,0,True,7.7264555148e-06,1,0
89.30000000000001,-5930.266762995551,32702.242533707493,-74.71254402876407,16.43128830562819,76.49804880278113,16.43128830562819,23.5734246088891,0.0,99.6499817683095,-9.706856048878517,167.59658373632584,170.50915395423573,143.5160614712991,-26.993092482936632,0.027459757799068736,0.027459757799068736,172.43963221298705,4.078449901359348,2335.4822178547074,33164.575106190096,0.32766420944309227,60.24063801447004,nan,0.0,nan,0.0,nan,0.0,nan,nan,0.0,2092026.5433654126,2.7705732993900654,0.0,0.0,0.0,shutdown,False,False,2092026.5433654126,5600902.630078219,2513071.9934324254,2801287.5975467507,2500177.289855614,2803954.4670202713,False,False,0,0,True,3.63382692588e-06,1,0,36,0,True,7.7264555148e-06,1,0
89.4,-5937.7380173984275,32703.837128269883,-74.71254402876407,15.460602942182948,76.29544205642854,15.460602942182948,23.573369780594362,0.0,99.49447771950196,-9.706851220027406,168.30854581623862,171.06049336378507,143.6733942941329,-27.38709906965217,0.027459757799068736,0.027459757799068736,172.43963221298705,4.078449901359348,2335.4822178547074,33164.575106190096,0.32714974772397837,60.0375616453981,nan,0.0,nan,0.0,nan,0.0,nan,nan,0.0,2092026.5433654126,2.7705732993900654,0.0,0.0,0.0,shutdown,False,False,2092026.5433654126,5600902.630078219,2513071.9934324254,2801287.5975467507,2500177.289855614,2803954.4670202713,False,False,0,0,True,3.63382692588e-06,1,0,36,0,True,7.7264555148e-06,1,0
89.5,-5945.209271801304,32705.334654319337,-74.71254402876407,14.489918046925206,76.10467765030359,14.489918046925206,23.573318289888476,0.0,99.34821818597318,-9.706846685128525,169.02418774355968,171.61350751429586,143.8307271169667,-27.782780397329166,0.027459757799068736,0.027459757799068736,172.43963221298705,4.078449901359348,2335.4822178547074,33164.575106190096,0.3266658836015967,59.846937484406936,nan,0.0,nan,0.0,nan,0.0,nan,nan,0.0,2092026.5433654126,2.7705732993900654,0.0,0.0,0.0,shutdown,False,False,2092026.5433654126,5600902.630078219,2513071.9934324254,2801287.5975467507,2500177.289855614,2803954.4670202713,False,False,0,0,True,3.63382692588e-06,1,0,36,0,True,7.7264555148e-06,1,0
89.60000000000001,-5952.680526204181,32706.735111901206,-74.71254402876407,13.519233590459642,75.92584482324462,13.519233590459642,23.57327013676989,0.0,99.21124403541813,-9.706842444181119,169.74331318100866,172.16810051950736,143.9880599398005,-28.180040579706862,0.027459757799068736,0.027459757799068736,172.43963221298705,4.078449901359348,2335.4822178547074,33164.575106190096,0.32621274977016573,59.668748500143856,nan,0.0,nan,0.0,nan,0.0,nan,nan,0.0,2092026.5433654126,2.7705732993900654,0.0,0.0,0.0,shutdown,False,False,2092026.5433654126,5600902.630078219,2513071.9934324254,2801287.5975467507,2500177.289855614,2803954.4670202713,False,False,0,0,True,3.63382692588e-06,1,0,36,0,True,7.7264555148e-06,1,0
89.7,-5960.151780607057,32708.038501057898,-74.71254402876407,12.548549543391417,75.75902804876101,12.548549543391417,23.573225321237135,0.0,99.08359375983788,-9.706838497184483,170.46571948789418,172.72417476164838,144.14539276263432,-28.578781999014076,0.027459757799068736,0.027459757799068736,172.43963221298705,4.078449901359348,2335.4822178547074,33164.575106190096,0.32579047121604277,59.50297877426841,nan,0.0,nan,0.0,nan,0.0,nan,nan,0.0,2092026.5433654126,2.7705732993900654,0.0,0.0,0.0,shutdown,False,False,2092026.5433654126,5600902.630078219,2513071.9934324254,2801287.5975467507,2500177.289855614,2803954.4670202713,False,False,0,0,True,3.63382692588e-06,1,0,36,0,True,7.7264555148e-06,1,0
89.80000000000001,-5967.623035009934,32709.244821828885,-74.71254402876407,11.577865876325212,75.60430684491583,11.577865876325212,23.57318384328886,0.0,98.96530342291392,-9.706834844137958,171.19119800042165,173.28163098481258,144.30272558546812,-28.978905399344466,0.027459757799068736,0.027459757799068736,172.43963221298705,4.078449901359348,2335.4822178547074,33164.575106190096,0.3253991650457386,59.34961349962957,nan,0.0,nan,0.0,nan,0.0,nan,nan,0.0,2092026.5433654126,2.7705732993900654,0.0,0.0,0.0,shutdown,False,False,2092026.5433654126,5600902.630078219,2513071.9934324254,2801287.5975467507,2500177.289855614,2803954.4670202713,False,False,0,0,True,3.63382692588e-06,1,0,36,0,True,7.7264555148e-06,1,0
89.9,-5975.09428941281,32710.354074250696,-74.71254402876407,10.607182559866322,75.46175559254065,10.607182559866322,23.57314570292381,0.0,98.8564066102544,-9.706831485040935,171.91953433833604,173.84036839274137,144.46005840830193,-29.38030998443944,0.027459757799068736,0.027459757799068736,172.43963221298705,4.078449901359348,2335.4822178547074,33164.575106190096,0.32503894032331426,59.20863897856988,nan,0.0,nan,0.0,nan,0.0,nan,nan,0.0,2092026.5433654126,2.7705732993900654,0.0,0.0,0.0,shutdown,False,False,2092026.5433654126,5600902.630078219,2513071.9934324254,2801287.5975467507,2500177.289855614,2803954.4670202713,False,False,0,0,True,3.63382692588e-06,1,0,36,0,True,7.7264555148e-06,1,0
90.0,-5982.565543815686,32711.36625835692,-74.71254402876407,9.636499564619687,75.33144336270828,9.636499564619687,23.573110900140822,0.0,98.75693438266845,-9.70682841989286,172.65050873708245,174.4002847508014,144.6173912311357,-29.782893519665684,0.027459757799068736,0.027459757799068736,172.43963221298705,4.078449901359348,2335.4822178547074,33164.575106190096,0.32470989791767213,59.08004262135672,nan,0.0,nan,0.0,nan,0.0,nan,nan,0.0,2092026.5433654126,2.7705732993900654,0.0,0.0,0.0,shutdown,False,False,2092026.5433654126,5600902.630078219,2513071.9934324254,2801287.5975467507,2500177.289855614,2803954.4670202713,False,False,0,0,True,3.63382692588e-06,1,0,36,0,True,7.7264555148e-06,1,0
90.10000000000001,-5990.0367982185635,32712.281374178212,-74.71254402876407,8.6658168611903,75.21343375436132,8.6658168611903,23.57307943493885,0.0,98.66691523261726,-9.706825648693213,173.3838964044571,174.96127649192067,144.77472405396955,-30.186552437951143,0.027459757799068736,0.027459757799068736,172.43963221298705,4.078449901359348,2335.4822178547074,33164.575106190096,0.32441213036022637,58.9638129447413,nan,0.0,nan,0.0,nan,0.0,nan,nan,0.0,2092026.5433654126,2.7705732993900654,0.0,0.0,0.0,shutdown,False,False,2092026.5433654126,5600902.630078219,2513071.9934324254,2801287.5975467507,2500177.289855614,2803954.4670202713,False,False,0,0,True,3.63382692588e-06,1,0,36,0,True,7.7264555148e-06,1,0
90.2,-5997.50805262144,32713.09942174228,-74.71254402876407,7.695134420183618,75.10778474295927,7.695134420183618,23.57305130731694,0.0,98.58637504398143,-9.706823171441538,174.11946790052542,175.52323882622716,144.93205687680333,-30.591181949423834,0.027459757799068736,0.027459757799068736,172.43963221298705,4.078449901359348,2335.4822178547074,33164.575106190096,0.3241457217134104,58.85993957064374,nan,0.0,nan,0.0,nan,0.0,nan,nan,0.0,2092026.5433654126,2.7705732993900654,0.0,0.0,0.0,shutdown,False,False,2092026.5433654126,5600902.630078219,2513071.9934324254,2801287.5975467507,2500177.289855614,2803954.4670202713,False,False,0,0,True,3.63382692588e-06,1,0,36,0,True,7.7264555148e-06,1,0
90.30000000000001,-6004.979307024317,32713.8204010739,-74.71254402876407,6.7244522122045876,75.01454854096126,6.7244522122045876,23.57302651727424,0.0,98.5153370552753,-9.706820988137423,174.85698953939016,176.0860658541177,145.08938969963717,-30.996676154480518,0.027459757799068736,0.027459757799068736,172.43963221298705,4.078449901359348,2335.4822178547074,33164.575106190096,0.3239107474504481,58.76841322496528,nan,0.0,nan,0.0,nan,0.0,nan,nan,0.0,2092026.5433654126,2.7705732993900654,0.0,0.0,0.0,shutdown,False,False,2092026.5433654126,5600902.630078219,2513071.9934324254,2801287.5975467507,2500177.289855614,2803954.4670202713,False,False,0,0,True,3.63382692588e-06,1,0,36,0,True,7.7264555148e-06,1,0
90.4,-6012.450561427193,32714.4443121949,-74.71254402876407,5.7537702078587465,74.93377147091192,5.7537702078587465,23.573005064809998,0.0,98.45382182642888,-9.706819098780501,175.59622381119993,176.6496506824627,145.24672252247095,-31.402928159991752,0.027459757799068736,0.027459757799068736,172.43963221298705,4.078449901359348,2335.4822178547074,33164.575106190096,0.32370727434678453,58.68922573652657,nan,0.0,nan,0.0,nan,0.0,nan,nan,0.0,2092026.5433654126,2.7705732993900654,0.0,0.0,0.0,shutdown,False,False,2092026.5433654126,5600902.630078219,2513071.9934324254,2801287.5975467507,2500177.289855614,2803954.4670202713,False,False,0,0,True,3.63382692588e-06,1,0,36,0,True,7.7264555148e-06,1,0
90.5,-6019.921815830069,32714.97115512418,-74.71254402876407,4.783088377751254,74.86549385183663,4.783088377751254,23.572986949923564,0.0,98.40184720924677,-9.706817503370464,176.33692982262042,177.2138855436414,145.40405534530476,-31.809830198336638,0.027459757799068736,0.027459757799068736,172.43963221298705,4.078449901359348,2335.4822178547074,33164.575106190096,0.3235353603835326,58.62237003613255,nan,0.0,nan,0.0,nan,0.0,nan,nan,0.0,2092026.5433654126,2.7705732993900654,0.0,0.0,0.0,shutdown,False,False,2092026.5433654126,5600902.630078219,2513071.9934324254,2801287.5975467507,2500177.289855614,2803954.4670202713,False,False,0,0,True,3.63382692588e-06,1,0,36,0,True,7.7264555148e-06,1,0
90.60000000000001,-6027.393070232946,32715.400929877695,-74.71254402876407,3.8124066924872957,74.80974989958817,3.8124066924872957,23.57297217261439,0.0,98.3594283216426,-9.70681620190704,177.07886375381858,177.77866191708137,145.56138816813856,-32.2172737489428,0.027459757799068736,0.027459757799068736,172.43963221298705,4.078449901359348,2335.4822178547074,33164.575106190096,0.3233950546632602,58.56784015576355,nan,0.0,nan,0.0,nan,0.0,nan,nan,0.0,2092026.5433654126,2.7705732993900654,0.0,0.0,0.0,shutdown,False,False,2092026.5433654126,5600902.630078219,2513071.9934324254,2801287.5975467507,2500177.289855614,2803954.4670202713,False,False,0,0,True,3.63382692588e-06,1,0,36,0,True,7.7264555148e-06,1,0
90.7,-6034.864324635822,32715.733636468452,-74.71254402876407,2.841725122672498,74.76656764171295,2.841725122672498,23.572960732882027,0.0,98.32657752573505,-9.70681519439001,177.82177932986716,178.34387065296818,145.71872099097237,-32.6251496619958,0.027459757799068736,0.027459757799068736,172.43963221298705,4.078449901359348,2335.4822178547074,33164.575106190096,0.3232863973383966,58.525631227892205,nan,0.0,nan,0.0,nan,0.0,nan,nan,0.0,2092026.5433654126,2.7705732993900654,0.0,0.0,0.0,shutdown,False,False,2092026.5433654126,5600902.630078219,2513071.9934324254,2801287.5975467507,2500177.289855614,2803954.4670202713,False,False,0,0,True,3.63382692588e-06,1,0,36,0,True,7.7264555148e-06,1,0
90.80000000000001,-6042.3355790386995,32715.969274906533,-74.71254402876407,1.871043638911954,74.73596884732761,1.871043638911954,23.57295263072613,0.0,98.30330440987919,-9.706814480819217,178.56542830434455,178.9094020977766,145.87605381380618,-33.03334828397039,0.027459757799068736,0.027459757799068736,172.43963221298705,4.078449901359348,2335.4822178547074,33164.575106190096,0.3232094195525028,58.49573948492642,nan,0.0,nan,0.0,nan,0.0,nan,nan,0.0,2092026.5433654126,2.7705732993900654,0.0,0.0,0.0,shutdown,False,False,2092026.5433654126,5600902.630078219,2513071.9934324254,2801287.5975467507,2500177.289855614,2803954.4670202713,False,False,0,0,True,3.63382692588e-06,1,0,36,0,True,7.7264555148e-06,1,0
90.9,-6049.806833441576,32716.10784519907,-74.71254402876407,0.9003622118113218,74.71796897241298,0.9003622118113218,23.57294786614646,0.0,98.28961577469403,-9.706814061194532,179.3095609527888,179.47514622126425,146.03338663664,-33.441759584624286,0.027459757799068736,0.027459757799068736,172.43963221298705,4.078449901359348,2335.4822178547074,33164.575106190096,0.32316414339460175,58.47816225877822,nan,0.0,nan,0.0,nan,0.0,nan,nan,0.0,2092026.5433654126,2.7705732993900654,0.0,0.0,0.0,shutdown,False,False,2092026.5433654126,5600902.630078219,2513071.9934324254,2801287.5975467507,2500177.289855614,2803954.4670202713,False,False,0,0,True,3.63382692588e-06,1,0,36,0,True,7.7264555148e-06,1,0
90.99275543751345,-6056.736828150706,32716.149602057325,-74.71254402876407,2.432568017463055e-06,74.71254402876411,2.432568017463055e-06,23.572946430385052,0.0,98.28549045914914,-9.706813934744572,179.99999813450495,179.99999858192822,146.17932138481171,-33.820677197116495,0.027459757799068736,0.027459757799068736,172.43963221298705,4.078449901359348,2335.4822178547074,33164.575106190096,0.32315049863518064,58.472865672829066,nan,0.0,nan,0.0,nan,0.0,nan,nan,0.0,2092026.5433654126,2.7705732993900654,0.0,0.0,0.0,shutdown,False,False,2092026.5433654126,5600902.630078219,2513071.9934324254,2801287.5975467507,2500177.289855614,2803954.4670202713,False,False,0,0,True,3.63382692588e-06,1,0,36,0,True,7.7264555148e-06,1,0
